{
  "trial_id": 22,
  "split_seed": 1768745931,
  "config": {
    "n_intervals": 10,
    "train_batch_size": 512,
    "lstm_hidden_length": 64,
    "x_embed_dim": 32,
    "p_embed_dim": 16,
    "mlpx_hidden_units": [
      32,
      32
    ],
    "mlpp_hidden_units": [
      64
    ],
    "mlpsa_hidden_units": [
      64,
      32
    ],
    "init_h_hidden": [
      64,
      64
    ],
    "init_p_hidden": [
      16
    ],
    "mlpprop_hidden_units": [
      64,
      32
    ],
    "attention": true,
    "mlpx_dropout": 0.49654376306408093,
    "mlpp_dropout": 0.3788543073333575,
    "mlpsa_dropout": 0.4034315755850449,
    "init_h_dropout": 0.09352406141728054,
    "init_p_dropout": 0.4638764269277047,
    "mlpprop_dropout": 0.33852791714793845,
    "lambda_prop_loss": 0.032737072441270776,
    "lr": 0.0001420559837693077,
    "weight_decay": 0.00054297728335379,
    "lr_scheduler_stepsize": 50,
    "lr_scheduler_gamma": 0.1
  },
  "mean_loss": 0.8254513025283814,
  "std_loss": 0.011514399536632565,
  "mean_ci": 0.7087863981723785,
  "std_ci": 0.00810649873188698,
  "mean_ibs": 0.14812797755002977,
  "std_ibs": 0.0032183797663952285
}
