{
  "n_intervals": 20,
  "train_batch_size": 128,
  "lstm_hidden_length": 64,
  "x_embed_dim": 64,
  "p_embed_dim": 32,
  "mlpx_hidden_units": [
    32,
    32
  ],
  "mlpp_hidden_units": [
    64
  ],
  "mlpsa_hidden_units": [
    128,
    64
  ],
  "init_h_hidden": [
    32
  ],
  "init_p_hidden": [
    16,
    16
  ],
  "mlpprop_hidden_units": [
    16,
    8
  ],
  "attention": true,
  "mlpx_dropout": 0.2537617532290639,
  "mlpp_dropout": 0.20448016277748388,
  "mlpsa_dropout": 0.14534946173218566,
  "init_h_dropout": 0.4453798507986214,
  "init_p_dropout": 0.36737144871856237,
  "mlpprop_dropout": 0.04927059458555033,
  "lambda_prop_loss": 0.757797373203616,
  "max_epochs": 5,
  "lr": 0.0007219323812126017,
  "weight_decay": 8.485736440816645e-06,
  "lr_scheduler_stepsize": 100,
  "lr_scheduler_gamma": 0.3
}