{
  "n_intervals": 20,
  "train_batch_size": 512,
  "lstm_hidden_length": 16,
  "x_embed_dim": 16,
  "p_embed_dim": 32,
  "mlpx_hidden_units": [
    64,
    32
  ],
  "mlpp_hidden_units": [
    64
  ],
  "mlpsa_hidden_units": [
    64,
    64
  ],
  "init_h_hidden": [
    32,
    32
  ],
  "init_p_hidden": [
    16,
    16
  ],
  "mlpprop_hidden_units": [
    16,
    8
  ],
  "attention": true,
  "mlpx_dropout": 0.48696637211641,
  "mlpp_dropout": 0.45972208995519387,
  "mlpsa_dropout": 0.3211131469198983,
  "init_h_dropout": 0.4480856735227494,
  "init_p_dropout": 0.29142777044906315,
  "mlpprop_dropout": 0.12172318825321726,
  "lambda_prop_loss": 0.8746274032104677,
  "max_epochs": 5,
  "lr": 0.002207512871380186,
  "weight_decay": 0.0032321297104379323,
  "lr_scheduler_stepsize": 200,
  "lr_scheduler_gamma": 0.1
}