{
  "trial_id": 3,
  "split_seed": 1956,
  "config": {
    "n_intervals": 20,
    "train_batch_size": 128,
    "lstm_hidden_length": 32,
    "x_embed_dim": 32,
    "p_embed_dim": 8,
    "mlpx_hidden_units": [
      128,
      64
    ],
    "mlpp_hidden_units": [
      64
    ],
    "mlpsa_hidden_units": [
      32,
      16
    ],
    "init_h_hidden": [
      64,
      64
    ],
    "init_p_hidden": [
      32
    ],
    "mlpprop_hidden_units": [
      32,
      16
    ],
    "attention": true,
    "mlpx_dropout": 0.42306075056240766,
    "mlpp_dropout": 0.19240108116460947,
    "mlpsa_dropout": 0.09594526617706128,
    "init_h_dropout": 0.07622901304804347,
    "init_p_dropout": 0.10665640187698666,
    "mlpprop_dropout": 0.24836109746963042,
    "lambda_prop_loss": 0.10888533566257286,
    "max_epochs": 5,
    "lr": 0.004907316097917506,
    "weight_decay": 0.0002495733943598235,
    "lr_scheduler_stepsize": 200,
    "lr_scheduler_gamma": 0.1
  },
  "mean_loss": 1.5633888006210328,
  "mean_ci": 0.6192853212356567,
  "mean_ibs": 0.06683312952518464,
  "std_ci": 0.011275995120127672
}