{
  "trial_id": 2,
  "split_seed": 1956,
  "config": {
    "n_intervals": 5,
    "train_batch_size": 512,
    "lstm_hidden_length": 64,
    "x_embed_dim": 32,
    "p_embed_dim": 32,
    "mlpx_hidden_units": [
      64,
      32
    ],
    "mlpp_hidden_units": [
      16
    ],
    "mlpsa_hidden_units": [
      64,
      32
    ],
    "init_h_hidden": [
      64
    ],
    "init_p_hidden": [
      32,
      32
    ],
    "mlpprop_hidden_units": [
      64,
      32
    ],
    "attention": true,
    "mlpx_dropout": 0.1015492043526865,
    "mlpp_dropout": 0.3041114593318457,
    "mlpsa_dropout": 0.023407059287281207,
    "init_h_dropout": 0.19821090043604273,
    "init_p_dropout": 0.4779166554880872,
    "mlpprop_dropout": 0.01567202902516096,
    "lambda_prop_loss": 0.7910139616665236,
    "max_epochs": 5,
    "lr": 1.455918511735982e-05,
    "weight_decay": 0.0006591514941813029,
    "lr_scheduler_stepsize": 200,
    "lr_scheduler_gamma": 0.9
  },
  "mean_loss": -0.8794629573822021,
  "mean_ci": 0.5259535014629364,
  "mean_ibs": 0.10720368772745133,
  "std_ci": 0.029501094135951016
}