{
  "trial_id": 0,
  "split_seed": 1956,
  "config": {
    "n_intervals": 20,
    "train_batch_size": 128,
    "lstm_hidden_length": 32,
    "x_embed_dim": 16,
    "p_embed_dim": 8,
    "mlpx_hidden_units": [
      64,
      32
    ],
    "mlpp_hidden_units": [
      32
    ],
    "mlpsa_hidden_units": [
      64,
      32
    ],
    "init_h_hidden": [
      64
    ],
    "init_p_hidden": [
      16
    ],
    "mlpprop_hidden_units": [
      32,
      16
    ],
    "attention": true,
    "mlpx_dropout": 0.1441486781167966,
    "mlpp_dropout": 0.1445324976826391,
    "mlpsa_dropout": 0.4664120459914377,
    "init_h_dropout": 0.4256951789953621,
    "init_p_dropout": 0.19989801022253034,
    "mlpprop_dropout": 0.47896012797750714,
    "lambda_prop_loss": 0.8109732198604134,
    "max_epochs": 5,
    "lr": 8.647465016346637e-05,
    "weight_decay": 0.0010546538226420242,
    "lr_scheduler_stepsize": 200,
    "lr_scheduler_gamma": 0.1
  },
  "mean_loss": 0.6725999593734742,
  "mean_ci": 0.4839735567569733,
  "mean_ibs": 0.10936814546585083,
  "std_ci": 0.021661442715461512
}