{
  "trial_id": 91,
  "split_seed": 1768340925,
  "config": {
    "n_intervals": 10,
    "train_batch_size": 124,
    "lstm_hidden_length": 64,
    "x_embed_dim": 32,
    "p_embed_dim": 32,
    "mlpx_hidden_units": [
      32,
      32
    ],
    "mlpp_hidden_units": [
      32
    ],
    "mlpsa_hidden_units": [
      64,
      32
    ],
    "init_h_hidden": [
      64,
      64
    ],
    "init_p_hidden": [
      32
    ],
    "mlpprop_hidden_units": [
      64,
      32
    ],
    "attention": true,
    "mlpx_dropout": 0.32298594824761273,
    "mlpp_dropout": 0.3628032201879225,
    "mlpsa_dropout": 0.39778361262617534,
    "init_h_dropout": 0.3144282325908684,
    "init_p_dropout": 0.055722651866445316,
    "mlpprop_dropout": 0.3604790850850529,
    "lambda_prop_loss": 0.104891325962437,
    "max_epochs": 300,
    "lr": 0.00047044788310428895,
    "weight_decay": 0.0023451780349774023,
    "lr_scheduler_stepsize": 100,
    "lr_scheduler_gamma": 0.3
  },
  "mean_loss": 0.6336914658546448,
  "mean_ci": 0.7062474310398101,
  "std_ci": 0.005475695420479762,
  "mean_ibs": 0.15618699342012404,
  "std_ibs": 0.003922992896693029
}