{
  "trial_id": 0,
  "split_seed": 1768340925,
  "config": {
    "n_intervals": 5,
    "train_batch_size": 512,
    "lstm_hidden_length": 64,
    "x_embed_dim": 64,
    "p_embed_dim": 16,
    "mlpx_hidden_units": [
      128,
      64
    ],
    "mlpp_hidden_units": [
      64
    ],
    "mlpsa_hidden_units": [
      128,
      64
    ],
    "init_h_hidden": [
      32
    ],
    "init_p_hidden": [
      64
    ],
    "mlpprop_hidden_units": [
      16,
      8
    ],
    "attention": true,
    "mlpx_dropout": 0.07979456648656508,
    "mlpp_dropout": 0.40028179219745397,
    "mlpsa_dropout": 0.3447883666422891,
    "init_h_dropout": 0.40260621588895745,
    "init_p_dropout": 0.02260338881865992,
    "mlpprop_dropout": 0.28523648173873617,
    "lambda_prop_loss": 0.7562097255752115,
    "lr": 0.001516617322363781,
    "weight_decay": 2.904529161692835e-06,
    "lr_scheduler_stepsize": 200,
    "lr_scheduler_gamma": 0.6
  },
  "mean_loss": -0.9266483306884765,
  "std_loss": 0.009165217814602375,
  "mean_ci": 0.698054838180542,
  "std_ci": 0.002701781568631853,
  "mean_ibs": 0.14879598319530488,
  "std_ibs": 0.0031427735576513493
}