{
  "trial_id": 50,
  "split_seed": 1768340925,
  "config": {
    "n_intervals": 10,
    "train_batch_size": 128,
    "lstm_hidden_length": 32,
    "x_embed_dim": 32,
    "p_embed_dim": 8,
    "mlpx_hidden_units": [
      32,
      32
    ],
    "mlpp_hidden_units": [
      64
    ],
    "mlpsa_hidden_units": [
      64,
      32
    ],
    "init_h_hidden": [
      64
    ],
    "init_p_hidden": [
      32,
      32
    ],
    "mlpprop_hidden_units": [
      16,
      8
    ],
    "attention": true,
    "mlpx_dropout": 0.30567892245957046,
    "mlpp_dropout": 0.08609218247470846,
    "mlpsa_dropout": 0.11247924749477228,
    "init_h_dropout": 0.4917167425883739,
    "init_p_dropout": 0.21873124728163484,
    "mlpprop_dropout": 0.4015293120304899,
    "lambda_prop_loss": 0.2861970000249542,
    "max_epochs": 300,
    "lr": 0.00013346399546462472,
    "weight_decay": 6.61928090983331e-06,
    "lr_scheduler_stepsize": 50,
    "lr_scheduler_gamma": 0.6
  },
  "mean_loss": 0.6001470267772675,
  "mean_ci": 0.6442194998264312,
  "std_ci": 0.01109936084976638,
  "mean_ibs": 0.08461211547255516,
  "std_ibs": 0.0030919247007965235
}