{
  "trial_id": 1,
  "split_seed": 1768340925,
  "config": {
    "n_intervals": 20,
    "train_batch_size": 256,
    "lstm_hidden_length": 64,
    "x_embed_dim": 32,
    "p_embed_dim": 16,
    "mlpx_hidden_units": [
      32,
      32
    ],
    "mlpp_hidden_units": [
      32
    ],
    "mlpsa_hidden_units": [
      128,
      64
    ],
    "init_h_hidden": [
      64,
      64
    ],
    "init_p_hidden": [
      32
    ],
    "mlpprop_hidden_units": [
      16,
      8
    ],
    "attention": true,
    "mlpx_dropout": 0.312018926825333,
    "mlpp_dropout": 0.11735473609486835,
    "mlpsa_dropout": 0.04207628740985908,
    "init_h_dropout": 0.11862815487422135,
    "init_p_dropout": 0.44726370513569785,
    "mlpprop_dropout": 0.2206299794574602,
    "lambda_prop_loss": 0.2909915398460142,
    "max_epochs": 300,
    "lr": 0.0024884306357075975,
    "weight_decay": 1.7678135476219388e-06,
    "lr_scheduler_stepsize": 100,
    "lr_scheduler_gamma": 0.1
  },
  "mean_loss": 1.153470015525818,
  "mean_ci": 0.5441007494926453,
  "std_ci": 0.027844041477525977,
  "mean_ibs": 0.06547469161450863,
  "std_ibs": 0.002344673612006612
}