{
  "trial_id": 82,
  "split_seed": 1768340925,
  "config": {
    "n_intervals": 20,
    "train_batch_size": 512,
    "lstm_hidden_length": 32,
    "x_embed_dim": 32,
    "p_embed_dim": 32,
    "mlpx_hidden_units": [
      32,
      32
    ],
    "mlpp_hidden_units": [
      32
    ],
    "mlpsa_hidden_units": [
      64,
      32
    ],
    "init_h_hidden": [
      64
    ],
    "init_p_hidden": [
      16
    ],
    "mlpprop_hidden_units": [
      64,
      32
    ],
    "attention": true,
    "mlpx_dropout": 0.494613933871729,
    "mlpp_dropout": 0.31605554238774247,
    "mlpsa_dropout": 0.26959883677017754,
    "init_h_dropout": 0.16948401521237566,
    "init_p_dropout": 0.35016951064322716,
    "mlpprop_dropout": 0.19588347151679186,
    "lambda_prop_loss": 0.7339490106027042,
    "max_epochs": 300,
    "lr": 0.00026460070534506397,
    "weight_decay": 0.00012988569810891675,
    "lr_scheduler_stepsize": 100,
    "lr_scheduler_gamma": 0.1
  },
  "mean_loss": 0.004376649856567383,
  "mean_ci": 0.5880525171756744,
  "std_ci": 0.01828463856612941,
  "mean_ibs": 0.06735590398311615,
  "std_ibs": 0.001468550896586248
}