{
  "trial_id": 61,
  "split_seed": 1768340925,
  "config": {
    "n_intervals": 15,
    "train_batch_size": 128,
    "lstm_hidden_length": 16,
    "x_embed_dim": 32,
    "p_embed_dim": 16,
    "mlpx_hidden_units": [
      128,
      64
    ],
    "mlpp_hidden_units": [
      16
    ],
    "mlpsa_hidden_units": [
      32,
      16
    ],
    "init_h_hidden": [
      64
    ],
    "init_p_hidden": [
      32,
      32
    ],
    "mlpprop_hidden_units": [
      32,
      16
    ],
    "attention": true,
    "mlpx_dropout": 0.33120527317956916,
    "mlpp_dropout": 0.4318193948301521,
    "mlpsa_dropout": 0.08835373565897087,
    "init_h_dropout": 0.032064395274944535,
    "init_p_dropout": 0.004696689935579812,
    "mlpprop_dropout": 0.19860341136563026,
    "lambda_prop_loss": 0.8010904333134925,
    "max_epochs": 300,
    "lr": 0.0003112445656610071,
    "weight_decay": 8.339356200751543e-05,
    "lr_scheduler_stepsize": 100,
    "lr_scheduler_gamma": 0.6
  },
  "mean_loss": -0.411647292971611,
  "mean_ci": 0.5945702314376831,
  "std_ci": 0.012521457153591134,
  "mean_ibs": 0.07019357085227966,
  "std_ibs": 0.0014048599965040542
}