{
  "trial_id": 71,
  "split_seed": 1768340925,
  "config": {
    "n_intervals": 5,
    "train_batch_size": 256,
    "lstm_hidden_length": 32,
    "x_embed_dim": 16,
    "p_embed_dim": 16,
    "mlpx_hidden_units": [
      128,
      64
    ],
    "mlpp_hidden_units": [
      64
    ],
    "mlpsa_hidden_units": [
      128,
      64
    ],
    "init_h_hidden": [
      128
    ],
    "init_p_hidden": [
      32
    ],
    "mlpprop_hidden_units": [
      16,
      8
    ],
    "attention": true,
    "mlpx_dropout": 0.4863252693206505,
    "mlpp_dropout": 0.22694664751894555,
    "mlpsa_dropout": 0.3381836923358308,
    "init_h_dropout": 0.027208835792856267,
    "init_p_dropout": 0.11908252508277822,
    "mlpprop_dropout": 0.45969860032949933,
    "lambda_prop_loss": 0.09800236463473377,
    "max_epochs": 300,
    "lr": 4.228329950169855e-05,
    "weight_decay": 2.3728441958409587e-05,
    "lr_scheduler_stepsize": 200,
    "lr_scheduler_gamma": 0.3
  },
  "mean_loss": 0.6397650420665741,
  "mean_ci": 0.702195554971695,
  "std_ci": 0.012352437419342738,
  "mean_ibs": 0.1492566242814064,
  "std_ibs": 0.006108898722445146
}