{
  "trial_id": 37,
  "split_seed": 1768340925,
  "config": {
    "n_intervals": 20,
    "train_batch_size": 512,
    "lstm_hidden_length": 64,
    "x_embed_dim": 16,
    "p_embed_dim": 16,
    "mlpx_hidden_units": [
      64,
      32
    ],
    "mlpp_hidden_units": [
      64
    ],
    "mlpsa_hidden_units": [
      32,
      16
    ],
    "init_h_hidden": [
      32
    ],
    "init_p_hidden": [
      16
    ],
    "mlpprop_hidden_units": [
      32,
      16
    ],
    "attention": true,
    "mlpx_dropout": 0.40520195582301033,
    "mlpp_dropout": 0.2864611753156719,
    "mlpsa_dropout": 0.2917502876860988,
    "init_h_dropout": 0.25985109094939346,
    "init_p_dropout": 0.4925953097465506,
    "mlpprop_dropout": 0.334437455824717,
    "lambda_prop_loss": 0.8356188293475968,
    "max_epochs": 300,
    "lr": 5.300197129421337e-05,
    "weight_decay": 0.00013394586556786755,
    "lr_scheduler_stepsize": 100,
    "lr_scheduler_gamma": 0.6
  },
  "mean_loss": 0.17208223342895507,
  "mean_ci": 0.3931743621826172,
  "std_ci": 0.04143418351368816,
  "mean_ibs": 0.09009285047650337,
  "std_ibs": 0.004410918804639091
}