{
  "trial_id": 35,
  "split_seed": 1768340925,
  "config": {
    "n_intervals": 10,
    "train_batch_size": 256,
    "lstm_hidden_length": 64,
    "x_embed_dim": 16,
    "p_embed_dim": 8,
    "mlpx_hidden_units": [
      32,
      32
    ],
    "mlpp_hidden_units": [
      64
    ],
    "mlpsa_hidden_units": [
      64,
      32
    ],
    "init_h_hidden": [
      64
    ],
    "init_p_hidden": [
      64
    ],
    "mlpprop_hidden_units": [
      64,
      32
    ],
    "attention": true,
    "mlpx_dropout": 0.22350867469398372,
    "mlpp_dropout": 0.052080645074655874,
    "mlpsa_dropout": 0.3210433301751938,
    "init_h_dropout": 0.3336483900443132,
    "init_p_dropout": 0.49854083970467417,
    "mlpprop_dropout": 0.3501333891892823,
    "lambda_prop_loss": 0.9586562466617709,
    "max_epochs": 300,
    "lr": 0.0002731066142916318,
    "weight_decay": 6.916622603075563e-05,
    "lr_scheduler_stepsize": 200,
    "lr_scheduler_gamma": 0.9
  },
  "mean_loss": -1.0755958914756776,
  "mean_ci": 0.6517370581626892,
  "std_ci": 0.00913565774864122,
  "mean_ibs": 0.08888707160949708,
  "std_ibs": 0.0032048564467406344
}