{
  "trial_id": 39,
  "split_seed": 1768340925,
  "config": {
    "n_intervals": 20,
    "train_batch_size": 256,
    "lstm_hidden_length": 16,
    "x_embed_dim": 64,
    "p_embed_dim": 32,
    "mlpx_hidden_units": [
      32,
      32
    ],
    "mlpp_hidden_units": [
      64
    ],
    "mlpsa_hidden_units": [
      64,
      32
    ],
    "init_h_hidden": [
      128
    ],
    "init_p_hidden": [
      32
    ],
    "mlpprop_hidden_units": [
      64,
      32
    ],
    "attention": true,
    "mlpx_dropout": 0.004705772142551801,
    "mlpp_dropout": 0.006072699224460021,
    "mlpsa_dropout": 0.08569467878596165,
    "init_h_dropout": 0.12939485263637407,
    "init_p_dropout": 0.05776276132037028,
    "mlpprop_dropout": 0.2842583437092207,
    "lambda_prop_loss": 0.5351476113936443,
    "max_epochs": 300,
    "lr": 1.7265818410534368e-05,
    "weight_decay": 1.3931842702014789e-05,
    "lr_scheduler_stepsize": 200,
    "lr_scheduler_gamma": 0.1
  },
  "mean_loss": 0.7295198798179626,
  "mean_ci": 0.5333624690771103,
  "std_ci": 0.07962547251206818,
  "mean_ibs": 0.0796193651854992,
  "std_ibs": 0.007023197985390623
}