{
  "trial_id": 89,
  "split_seed": 1768340925,
  "config": {
    "n_intervals": 20,
    "train_batch_size": 64,
    "lstm_hidden_length": 16,
    "x_embed_dim": 16,
    "p_embed_dim": 32,
    "mlpx_hidden_units": [
      64,
      32
    ],
    "mlpp_hidden_units": [
      64
    ],
    "mlpsa_hidden_units": [
      128,
      64
    ],
    "init_h_hidden": [
      128
    ],
    "init_p_hidden": [
      32
    ],
    "mlpprop_hidden_units": [
      16,
      8
    ],
    "attention": true,
    "mlpx_dropout": 0.3346104603280498,
    "mlpp_dropout": 0.38685906516704616,
    "mlpsa_dropout": 0.12548592078721693,
    "init_h_dropout": 0.2203912776266802,
    "init_p_dropout": 0.010092726312614597,
    "mlpprop_dropout": 0.2708729353572231,
    "lambda_prop_loss": 0.07082781137834859,
    "max_epochs": 300,
    "lr": 0.000419858604464293,
    "weight_decay": 3.555645738265988e-05,
    "lr_scheduler_stepsize": 50,
    "lr_scheduler_gamma": 0.6
  },
  "mean_loss": 1.6832011222839356,
  "mean_ci": 0.5992195248603821,
  "std_ci": 0.01999022348706226,
  "mean_ibs": 0.06764850169420242,
  "std_ibs": 0.0030778315572813006
}