{
  "trial_id": 6,
  "split_seed": 1768340925,
  "config": {
    "n_intervals": 15,
    "train_batch_size": 512,
    "lstm_hidden_length": 16,
    "x_embed_dim": 32,
    "p_embed_dim": 16,
    "mlpx_hidden_units": [
      32,
      32
    ],
    "mlpp_hidden_units": [
      16
    ],
    "mlpsa_hidden_units": [
      128,
      64
    ],
    "init_h_hidden": [
      64
    ],
    "init_p_hidden": [
      16
    ],
    "mlpprop_hidden_units": [
      16,
      8
    ],
    "attention": true,
    "mlpx_dropout": 0.06459998045621951,
    "mlpp_dropout": 0.17530690628288426,
    "mlpsa_dropout": 0.2755029240219586,
    "init_h_dropout": 0.10938243398235853,
    "init_p_dropout": 0.25773670254957864,
    "mlpprop_dropout": 0.2910755994472301,
    "lambda_prop_loss": 0.8053220811224432,
    "max_epochs": 300,
    "lr": 0.0005911744070486675,
    "weight_decay": 2.9369728964137044e-06,
    "lr_scheduler_stepsize": 200,
    "lr_scheduler_gamma": 0.6
  },
  "mean_loss": -0.3931731343269348,
  "mean_ci": 0.6028200566768647,
  "std_ci": 0.023095744900022842,
  "mean_ibs": 0.07251126244664192,
  "std_ibs": 0.003635960283866413
}