{
  "trial_id": 60,
  "split_seed": 1768340925,
  "config": {
    "n_intervals": 5,
    "train_batch_size": 64,
    "lstm_hidden_length": 32,
    "x_embed_dim": 32,
    "p_embed_dim": 8,
    "mlpx_hidden_units": [
      32,
      32
    ],
    "mlpp_hidden_units": [
      64
    ],
    "mlpsa_hidden_units": [
      64,
      32
    ],
    "init_h_hidden": [
      64
    ],
    "init_p_hidden": [
      32,
      32
    ],
    "mlpprop_hidden_units": [
      16,
      8
    ],
    "attention": true,
    "mlpx_dropout": 0.19456985177752384,
    "mlpp_dropout": 0.17583251337967437,
    "mlpsa_dropout": 0.3675783765522405,
    "init_h_dropout": 0.18874302344198668,
    "init_p_dropout": 0.1143089405099929,
    "mlpprop_dropout": 0.34543690726332094,
    "lambda_prop_loss": 0.2507134081093717,
    "max_epochs": 300,
    "lr": 4.5217162664573716e-05,
    "weight_decay": 9.286287133609198e-05,
    "lr_scheduler_stepsize": 50,
    "lr_scheduler_gamma": 0.3
  },
  "mean_loss": 0.25792751312255857,
  "mean_ci": 0.7024510204792023,
  "std_ci": 0.007353065373687795,
  "mean_ibs": 0.14466623961925507,
  "std_ibs": 0.004902158067326301
}