{
  "trial_id": 72,
  "split_seed": 1768340925,
  "config": {
    "n_intervals": 20,
    "train_batch_size": 128,
    "lstm_hidden_length": 16,
    "x_embed_dim": 16,
    "p_embed_dim": 16,
    "mlpx_hidden_units": [
      128,
      64
    ],
    "mlpp_hidden_units": [
      64
    ],
    "mlpsa_hidden_units": [
      64,
      32
    ],
    "init_h_hidden": [
      128
    ],
    "init_p_hidden": [
      32,
      32
    ],
    "mlpprop_hidden_units": [
      16,
      8
    ],
    "attention": true,
    "mlpx_dropout": 0.13164292341794337,
    "mlpp_dropout": 0.2981365521698339,
    "mlpsa_dropout": 0.255965796844698,
    "init_h_dropout": 0.15933056936771306,
    "init_p_dropout": 0.32406628935803883,
    "mlpprop_dropout": 0.0757216708263313,
    "lambda_prop_loss": 0.694528936613205,
    "max_epochs": 300,
    "lr": 0.0007524411416035517,
    "weight_decay": 6.650106471744966e-06,
    "lr_scheduler_stepsize": 100,
    "lr_scheduler_gamma": 0.6
  },
  "mean_loss": 0.08272462971508503,
  "mean_ci": 0.5773707389831543,
  "std_ci": 0.024472922324937574,
  "mean_ibs": 0.06638051941990852,
  "std_ibs": 0.0019976614805422375
}