{
  "trial_id": 43,
  "split_seed": 1768340925,
  "config": {
    "n_intervals": 5,
    "train_batch_size": 256,
    "lstm_hidden_length": 16,
    "x_embed_dim": 64,
    "p_embed_dim": 16,
    "mlpx_hidden_units": [
      32,
      32
    ],
    "mlpp_hidden_units": [
      64
    ],
    "mlpsa_hidden_units": [
      128,
      64
    ],
    "init_h_hidden": [
      64,
      64
    ],
    "init_p_hidden": [
      16
    ],
    "mlpprop_hidden_units": [
      64,
      32
    ],
    "attention": true,
    "mlpx_dropout": 0.47611242468226794,
    "mlpp_dropout": 0.01553302682758384,
    "mlpsa_dropout": 0.36263388666963575,
    "init_h_dropout": 0.22311077278382274,
    "init_p_dropout": 0.03034264559419514,
    "mlpprop_dropout": 0.349513970753905,
    "lambda_prop_loss": 0.37659509992582485,
    "max_epochs": 300,
    "lr": 0.0024105042302620784,
    "weight_decay": 0.0003121218993610316,
    "lr_scheduler_stepsize": 50,
    "lr_scheduler_gamma": 0.3
  },
  "mean_loss": -0.011194688081741334,
  "mean_ci": 0.6968058705329895,
  "std_ci": 0.016413641909192974,
  "mean_ibs": 0.16911887228488923,
  "std_ibs": 0.015930651167575718
}