{
  "trial_id": 55,
  "split_seed": 1768340925,
  "config": {
    "n_intervals": 20,
    "train_batch_size": 512,
    "lstm_hidden_length": 16,
    "x_embed_dim": 64,
    "p_embed_dim": 8,
    "mlpx_hidden_units": [
      64,
      32
    ],
    "mlpp_hidden_units": [
      32
    ],
    "mlpsa_hidden_units": [
      128,
      64
    ],
    "init_h_hidden": [
      64,
      64
    ],
    "init_p_hidden": [
      32,
      32
    ],
    "mlpprop_hidden_units": [
      16,
      8
    ],
    "attention": true,
    "mlpx_dropout": 0.4364869729629809,
    "mlpp_dropout": 0.3567522266899467,
    "mlpsa_dropout": 0.12230886694237508,
    "init_h_dropout": 0.20814620749875118,
    "init_p_dropout": 0.03655890706109327,
    "mlpprop_dropout": 0.299284872234902,
    "lambda_prop_loss": 0.9906453182470021,
    "max_epochs": 300,
    "lr": 0.004399965902125989,
    "weight_decay": 0.00036621372761254357,
    "lr_scheduler_stepsize": 200,
    "lr_scheduler_gamma": 0.6
  },
  "mean_loss": -0.613715386390686,
  "mean_ci": 0.6016573965549469,
  "std_ci": 0.032065445542936756,
  "mean_ibs": 0.07156434282660484,
  "std_ibs": 0.005802267657758621
}