{
  "trial_id": 54,
  "split_seed": 1768340925,
  "config": {
    "n_intervals": 5,
    "train_batch_size": 256,
    "lstm_hidden_length": 16,
    "x_embed_dim": 32,
    "p_embed_dim": 16,
    "mlpx_hidden_units": [
      64,
      32
    ],
    "mlpp_hidden_units": [
      16
    ],
    "mlpsa_hidden_units": [
      32,
      16
    ],
    "init_h_hidden": [
      64,
      64
    ],
    "init_p_hidden": [
      32
    ],
    "mlpprop_hidden_units": [
      16,
      8
    ],
    "attention": true,
    "mlpx_dropout": 0.01816319903502972,
    "mlpp_dropout": 0.12502147265835017,
    "mlpsa_dropout": 0.3423152066445777,
    "init_h_dropout": 0.03155394735052419,
    "init_p_dropout": 0.27321382088227936,
    "mlpprop_dropout": 0.3607537644788903,
    "lambda_prop_loss": 0.4680799239082192,
    "max_epochs": 300,
    "lr": 0.003511366872791738,
    "weight_decay": 1.8137470616383343e-05,
    "lr_scheduler_stepsize": 200,
    "lr_scheduler_gamma": 0.1
  },
  "mean_loss": -0.16951026916503906,
  "mean_ci": 0.6781497299671173,
  "std_ci": 0.014936061661449266,
  "mean_ibs": 0.18766836673021317,
  "std_ibs": 0.01405714649084199
}