{
  "trial_id": 59,
  "split_seed": 1768340925,
  "config": {
    "n_intervals": 20,
    "train_batch_size": 128,
    "lstm_hidden_length": 32,
    "x_embed_dim": 64,
    "p_embed_dim": 8,
    "mlpx_hidden_units": [
      128,
      64
    ],
    "mlpp_hidden_units": [
      32
    ],
    "mlpsa_hidden_units": [
      128,
      64
    ],
    "init_h_hidden": [
      128
    ],
    "init_p_hidden": [
      64
    ],
    "mlpprop_hidden_units": [
      16,
      8
    ],
    "attention": true,
    "mlpx_dropout": 0.43632028721985533,
    "mlpp_dropout": 0.20909964708266793,
    "mlpsa_dropout": 0.4582987951201338,
    "init_h_dropout": 0.458572427549666,
    "init_p_dropout": 0.16213525306049165,
    "mlpprop_dropout": 0.3215450985532113,
    "lambda_prop_loss": 0.7083557209726703,
    "max_epochs": 300,
    "lr": 5.582700443837575e-05,
    "weight_decay": 7.381042004357644e-06,
    "lr_scheduler_stepsize": 100,
    "lr_scheduler_gamma": 0.9
  },
  "mean_loss": 0.05541746616363526,
  "mean_ci": 0.5913839519023896,
  "std_ci": 0.011367568210068358,
  "mean_ibs": 0.06646835505962372,
  "std_ibs": 0.0015964951492757776
}