{
  "trial_id": 80,
  "split_seed": 1768340925,
  "config": {
    "n_intervals": 15,
    "train_batch_size": 128,
    "lstm_hidden_length": 64,
    "x_embed_dim": 16,
    "p_embed_dim": 8,
    "mlpx_hidden_units": [
      128,
      64
    ],
    "mlpp_hidden_units": [
      64
    ],
    "mlpsa_hidden_units": [
      64,
      32
    ],
    "init_h_hidden": [
      64
    ],
    "init_p_hidden": [
      32,
      32
    ],
    "mlpprop_hidden_units": [
      16,
      8
    ],
    "attention": true,
    "mlpx_dropout": 0.25275712484868024,
    "mlpp_dropout": 0.2709501581752045,
    "mlpsa_dropout": 0.2961986104846136,
    "init_h_dropout": 0.2598155500245768,
    "init_p_dropout": 0.13688799838009136,
    "mlpprop_dropout": 0.4393452536656421,
    "lambda_prop_loss": 0.6874131159126124,
    "max_epochs": 300,
    "lr": 0.006801129663635907,
    "weight_decay": 0.0003755618893760642,
    "lr_scheduler_stepsize": 200,
    "lr_scheduler_gamma": 0.3
  },
  "mean_loss": -0.07712434530258179,
  "mean_ci": 0.6353700757026672,
  "std_ci": 0.011987420193443402,
  "mean_ibs": 0.07591979503631592,
  "std_ibs": 0.0028830642344699954
}