{
  "trial_id": 12,
  "split_seed": 1768340925,
  "config": {
    "n_intervals": 15,
    "train_batch_size": 256,
    "lstm_hidden_length": 32,
    "x_embed_dim": 16,
    "p_embed_dim": 16,
    "mlpx_hidden_units": [
      64,
      32
    ],
    "mlpp_hidden_units": [
      16
    ],
    "mlpsa_hidden_units": [
      128,
      64
    ],
    "init_h_hidden": [
      64
    ],
    "init_p_hidden": [
      32,
      32
    ],
    "mlpprop_hidden_units": [
      32,
      16
    ],
    "attention": true,
    "mlpx_dropout": 0.23387438661090865,
    "mlpp_dropout": 0.06293037901253934,
    "mlpsa_dropout": 0.026643233707853653,
    "init_h_dropout": 0.42003089984134007,
    "init_p_dropout": 0.22569500827239336,
    "mlpprop_dropout": 0.4827389566586935,
    "lambda_prop_loss": 0.7254658203811293,
    "max_epochs": 300,
    "lr": 0.00012140823119438783,
    "weight_decay": 0.0017371684828547253,
    "lr_scheduler_stepsize": 50,
    "lr_scheduler_gamma": 0.1
  },
  "mean_loss": -0.18738309144973755,
  "mean_ci": 0.6105601847171783,
  "std_ci": 0.013093732428519968,
  "mean_ibs": 0.07239038050174713,
  "std_ibs": 0.0025547666889711262
}