{
  "trial_id": 7,
  "split_seed": 1768340925,
  "config": {
    "n_intervals": 20,
    "train_batch_size": 64,
    "lstm_hidden_length": 64,
    "x_embed_dim": 64,
    "p_embed_dim": 32,
    "mlpx_hidden_units": [
      128,
      64
    ],
    "mlpp_hidden_units": [
      32
    ],
    "mlpsa_hidden_units": [
      32,
      16
    ],
    "init_h_hidden": [
      32
    ],
    "init_p_hidden": [
      64
    ],
    "mlpprop_hidden_units": [
      32,
      16
    ],
    "attention": true,
    "mlpx_dropout": 0.35511295199368803,
    "mlpp_dropout": 0.16221242129937885,
    "mlpsa_dropout": 0.15603659470032227,
    "init_h_dropout": 0.36241549095133435,
    "init_p_dropout": 0.2507311300842212,
    "mlpprop_dropout": 0.48423258677298675,
    "lambda_prop_loss": 0.36712352071691434,
    "max_epochs": 300,
    "lr": 0.00032742500315079826,
    "weight_decay": 1.1270563937974772e-05,
    "lr_scheduler_stepsize": 50,
    "lr_scheduler_gamma": 0.9
  },
  "mean_loss": 0.9066753089427948,
  "mean_ci": 0.5795258998870849,
  "std_ci": 0.019077413397346508,
  "mean_ibs": 0.06558649092912675,
  "std_ibs": 0.0018128063861913293
}