{
  "trial_id": 74,
  "split_seed": 1768340925,
  "config": {
    "n_intervals": 20,
    "train_batch_size": 512,
    "lstm_hidden_length": 64,
    "x_embed_dim": 16,
    "p_embed_dim": 16,
    "mlpx_hidden_units": [
      64,
      32
    ],
    "mlpp_hidden_units": [
      64
    ],
    "mlpsa_hidden_units": [
      32,
      16
    ],
    "init_h_hidden": [
      64
    ],
    "init_p_hidden": [
      64
    ],
    "mlpprop_hidden_units": [
      64,
      32
    ],
    "attention": true,
    "mlpx_dropout": 0.07402971714160944,
    "mlpp_dropout": 0.2545534101578655,
    "mlpsa_dropout": 0.13680020495201028,
    "init_h_dropout": 0.4161975550395083,
    "init_p_dropout": 0.25780290890534574,
    "mlpprop_dropout": 0.22564233150765273,
    "lambda_prop_loss": 0.1728671414606342,
    "max_epochs": 300,
    "lr": 0.00024072145001059566,
    "weight_decay": 1.7770621150414093e-06,
    "lr_scheduler_stepsize": 100,
    "lr_scheduler_gamma": 0.1
  },
  "mean_loss": 1.4107040762901306,
  "mean_ci": 0.587684690952301,
  "std_ci": 0.014457692529948577,
  "mean_ibs": 0.06572894304990769,
  "std_ibs": 0.0013433287344637645
}