{
  "trial_id": 0,
  "split_seed": 1768340925,
  "config": {
    "n_intervals": 20,
    "train_batch_size": 512,
    "lstm_hidden_length": 32,
    "x_embed_dim": 64,
    "p_embed_dim": 32,
    "mlpx_hidden_units": [
      128,
      64
    ],
    "mlpp_hidden_units": [
      64
    ],
    "mlpsa_hidden_units": [
      64,
      32
    ],
    "init_h_hidden": [
      64
    ],
    "init_p_hidden": [
      32,
      32
    ],
    "mlpprop_hidden_units": [
      16,
      8
    ],
    "attention": true,
    "mlpx_dropout": 0.08421138414437118,
    "mlpp_dropout": 0.063593145019253,
    "mlpsa_dropout": 0.14979622628615907,
    "init_h_dropout": 0.10707605646970492,
    "init_p_dropout": 0.15885907619967837,
    "mlpprop_dropout": 0.25297736734136744,
    "lambda_prop_loss": 0.31427004697835326,
    "max_epochs": 300,
    "lr": 0.006840060670898695,
    "weight_decay": 0.0012252858641186562,
    "lr_scheduler_stepsize": 200,
    "lr_scheduler_gamma": 0.9
  },
  "mean_loss": 1.0891614079475402,
  "mean_ci": 0.5960258543491364,
  "std_ci": 0.03429528914399366,
  "mean_ibs": 0.07097982093691826,
  "std_ibs": 0.003003933802879425
}