{
  "trial_id": 47,
  "split_seed": 1768340925,
  "config": {
    "n_intervals": 10,
    "train_batch_size": 128,
    "lstm_hidden_length": 16,
    "x_embed_dim": 64,
    "p_embed_dim": 16,
    "mlpx_hidden_units": [
      32,
      32
    ],
    "mlpp_hidden_units": [
      16
    ],
    "mlpsa_hidden_units": [
      64,
      32
    ],
    "init_h_hidden": [
      32
    ],
    "init_p_hidden": [
      16
    ],
    "mlpprop_hidden_units": [
      32,
      16
    ],
    "attention": true,
    "mlpx_dropout": 0.30192509153269353,
    "mlpp_dropout": 0.40301957378335385,
    "mlpsa_dropout": 0.3935598348090027,
    "init_h_dropout": 0.1658866380667386,
    "init_p_dropout": 0.4347651403866305,
    "mlpprop_dropout": 0.2556509151818068,
    "lambda_prop_loss": 0.44044984433890366,
    "max_epochs": 300,
    "lr": 0.000823607584818232,
    "weight_decay": 0.005262927495882533,
    "lr_scheduler_stepsize": 50,
    "lr_scheduler_gamma": 0.3
  },
  "mean_loss": 0.22855402231216432,
  "mean_ci": 0.6546513736248016,
  "std_ci": 0.024278881297555188,
  "mean_ibs": 0.0884452298283577,
  "std_ibs": 0.005167657487423888
}