{
  "trial_id": 32,
  "split_seed": 1768340925,
  "config": {
    "n_intervals": 5,
    "train_batch_size": 512,
    "lstm_hidden_length": 64,
    "x_embed_dim": 64,
    "p_embed_dim": 32,
    "mlpx_hidden_units": [
      64,
      32
    ],
    "mlpp_hidden_units": [
      32
    ],
    "mlpsa_hidden_units": [
      128,
      64
    ],
    "init_h_hidden": [
      128
    ],
    "init_p_hidden": [
      32
    ],
    "mlpprop_hidden_units": [
      64,
      32
    ],
    "attention": true,
    "mlpx_dropout": 0.4194774612702712,
    "mlpp_dropout": 0.06304759833611823,
    "mlpsa_dropout": 0.33873295622860794,
    "init_h_dropout": 0.11032126999207426,
    "init_p_dropout": 0.1889981139051614,
    "mlpprop_dropout": 0.024014189693140675,
    "lambda_prop_loss": 0.693888327077771,
    "max_epochs": 300,
    "lr": 1.7204727447773256e-05,
    "weight_decay": 6.812610430856132e-05,
    "lr_scheduler_stepsize": 50,
    "lr_scheduler_gamma": 0.6
  },
  "mean_loss": -0.8178058505058289,
  "mean_ci": 0.6760116338729858,
  "std_ci": 0.013862725689053827,
  "mean_ibs": 0.1360085502266884,
  "std_ibs": 0.004870053389544426
}