{
  "trial_id": 93,
  "split_seed": 1768340925,
  "config": {
    "n_intervals": 20,
    "train_batch_size": 256,
    "lstm_hidden_length": 16,
    "x_embed_dim": 64,
    "p_embed_dim": 16,
    "mlpx_hidden_units": [
      64,
      32
    ],
    "mlpp_hidden_units": [
      64
    ],
    "mlpsa_hidden_units": [
      128,
      64
    ],
    "init_h_hidden": [
      64,
      64
    ],
    "init_p_hidden": [
      16
    ],
    "mlpprop_hidden_units": [
      32,
      16
    ],
    "attention": true,
    "mlpx_dropout": 0.40635142971338634,
    "mlpp_dropout": 0.48599748045632524,
    "mlpsa_dropout": 0.09289422459021435,
    "init_h_dropout": 0.437748080573114,
    "init_p_dropout": 0.26315796772657923,
    "mlpprop_dropout": 0.2928056003209306,
    "lambda_prop_loss": 0.9840907193973768,
    "max_epochs": 300,
    "lr": 1.6883624510024644e-05,
    "weight_decay": 1.0895954866369286e-06,
    "lr_scheduler_stepsize": 50,
    "lr_scheduler_gamma": 0.1
  },
  "mean_loss": 0.012020492553710937,
  "mean_ci": 0.37273976802825926,
  "std_ci": 0.02669360639514312,
  "mean_ibs": 0.0956928089261055,
  "std_ibs": 0.0034516972100879124
}