{
  "trial_id": 56,
  "split_seed": 1768340925,
  "config": {
    "n_intervals": 20,
    "train_batch_size": 256,
    "lstm_hidden_length": 32,
    "x_embed_dim": 64,
    "p_embed_dim": 8,
    "mlpx_hidden_units": [
      128,
      64
    ],
    "mlpp_hidden_units": [
      64
    ],
    "mlpsa_hidden_units": [
      32,
      16
    ],
    "init_h_hidden": [
      64
    ],
    "init_p_hidden": [
      32,
      32
    ],
    "mlpprop_hidden_units": [
      64,
      32
    ],
    "attention": true,
    "mlpx_dropout": 0.024930358970511657,
    "mlpp_dropout": 0.1951038937683528,
    "mlpsa_dropout": 0.11342008038098822,
    "init_h_dropout": 0.3622433954605495,
    "init_p_dropout": 0.40261551981470045,
    "mlpprop_dropout": 0.08889358091558475,
    "lambda_prop_loss": 0.4216771899862187,
    "max_epochs": 300,
    "lr": 0.003579557368492659,
    "weight_decay": 0.004337268107077093,
    "lr_scheduler_stepsize": 50,
    "lr_scheduler_gamma": 0.9
  },
  "mean_loss": 0.8236835718154907,
  "mean_ci": 0.5740766942501068,
  "std_ci": 0.021909511424939025,
  "mean_ibs": 0.07111235484480857,
  "std_ibs": 0.0028241452767640944
}