{
  "trial_id": 23,
  "split_seed": 1768340925,
  "config": {
    "n_intervals": 5,
    "train_batch_size": 64,
    "lstm_hidden_length": 16,
    "x_embed_dim": 16,
    "p_embed_dim": 32,
    "mlpx_hidden_units": [
      64,
      32
    ],
    "mlpp_hidden_units": [
      16
    ],
    "mlpsa_hidden_units": [
      128,
      64
    ],
    "init_h_hidden": [
      64,
      64
    ],
    "init_p_hidden": [
      32,
      32
    ],
    "mlpprop_hidden_units": [
      32,
      16
    ],
    "attention": true,
    "mlpx_dropout": 0.19184796751415933,
    "mlpp_dropout": 0.3754960543754539,
    "mlpsa_dropout": 0.042093950198111796,
    "init_h_dropout": 0.040800637738310774,
    "init_p_dropout": 0.42795475138358424,
    "mlpprop_dropout": 0.22155164011866613,
    "lambda_prop_loss": 0.6923530948243762,
    "max_epochs": 300,
    "lr": 0.0006928419181155059,
    "weight_decay": 5.436649647846646e-06,
    "lr_scheduler_stepsize": 50,
    "lr_scheduler_gamma": 0.1
  },
  "mean_loss": -0.8348695814609528,
  "mean_ci": 0.6583361506462098,
  "std_ci": 0.009388704352944345,
  "mean_ibs": 0.16208747029304504,
  "std_ibs": 0.004728699869012526
}