{
  "trial_id": 28,
  "split_seed": 1768340925,
  "config": {
    "n_intervals": 10,
    "train_batch_size": 256,
    "lstm_hidden_length": 16,
    "x_embed_dim": 32,
    "p_embed_dim": 32,
    "mlpx_hidden_units": [
      32,
      32
    ],
    "mlpp_hidden_units": [
      64
    ],
    "mlpsa_hidden_units": [
      128,
      64
    ],
    "init_h_hidden": [
      128
    ],
    "init_p_hidden": [
      32,
      32
    ],
    "mlpprop_hidden_units": [
      32,
      16
    ],
    "attention": true,
    "mlpx_dropout": 0.2508725976812739,
    "mlpp_dropout": 0.07687259835054183,
    "mlpsa_dropout": 0.33823132566737707,
    "init_h_dropout": 0.015644144933578075,
    "init_p_dropout": 0.4523471038753285,
    "mlpprop_dropout": 0.2844498874551648,
    "lambda_prop_loss": 0.5200965573387896,
    "max_epochs": 300,
    "lr": 0.008794575248137733,
    "weight_decay": 0.0017223498632625892,
    "lr_scheduler_stepsize": 100,
    "lr_scheduler_gamma": 0.1
  },
  "mean_loss": 0.053204703330993655,
  "mean_ci": 0.6148620486259461,
  "std_ci": 0.022903365137745515,
  "mean_ibs": 0.08859991803765296,
  "std_ibs": 0.007620421301603177
}