{
  "trial_id": 63,
  "split_seed": 1768340925,
  "config": {
    "n_intervals": 10,
    "train_batch_size": 512,
    "lstm_hidden_length": 64,
    "x_embed_dim": 64,
    "p_embed_dim": 8,
    "mlpx_hidden_units": [
      64,
      32
    ],
    "mlpp_hidden_units": [
      64
    ],
    "mlpsa_hidden_units": [
      64,
      32
    ],
    "init_h_hidden": [
      32
    ],
    "init_p_hidden": [
      32,
      32
    ],
    "mlpprop_hidden_units": [
      64,
      32
    ],
    "attention": true,
    "mlpx_dropout": 0.2966015686570733,
    "mlpp_dropout": 0.15191004641774408,
    "mlpsa_dropout": 0.04610423290837057,
    "init_h_dropout": 0.3417852030149185,
    "init_p_dropout": 0.4992901659487032,
    "mlpprop_dropout": 0.34225136800968614,
    "lambda_prop_loss": 0.2643475208499577,
    "max_epochs": 300,
    "lr": 4.2855511160333315e-05,
    "weight_decay": 0.0013704727873979639,
    "lr_scheduler_stepsize": 100,
    "lr_scheduler_gamma": 0.6
  },
  "mean_loss": 0.6868798315525055,
  "mean_ci": 0.6406710565090179,
  "std_ci": 0.012257635199788413,
  "mean_ibs": 0.0880246676504612,
  "std_ibs": 0.004391053457908094
}