{
  "trial_id": 77,
  "split_seed": 1768340925,
  "config": {
    "n_intervals": 20,
    "train_batch_size": 128,
    "lstm_hidden_length": 64,
    "x_embed_dim": 16,
    "p_embed_dim": 8,
    "mlpx_hidden_units": [
      64,
      32
    ],
    "mlpp_hidden_units": [
      32
    ],
    "mlpsa_hidden_units": [
      32,
      16
    ],
    "init_h_hidden": [
      64
    ],
    "init_p_hidden": [
      16
    ],
    "mlpprop_hidden_units": [
      16,
      8
    ],
    "attention": true,
    "mlpx_dropout": 0.16794798511690978,
    "mlpp_dropout": 0.41403371293007746,
    "mlpsa_dropout": 0.17287749068245228,
    "init_h_dropout": 0.12750294559050623,
    "init_p_dropout": 0.18496419473782488,
    "mlpprop_dropout": 0.3859959633093743,
    "lambda_prop_loss": 0.953256466095885,
    "max_epochs": 300,
    "lr": 0.0001380421347173092,
    "weight_decay": 2.1830587634372714e-06,
    "lr_scheduler_stepsize": 200,
    "lr_scheduler_gamma": 0.1
  },
  "mean_loss": -0.5803040146827698,
  "mean_ci": 0.580815589427948,
  "std_ci": 0.01483074338657835,
  "mean_ibs": 0.06500045880675316,
  "std_ibs": 0.0014884991950065995
}