{
  "trial_id": 49,
  "split_seed": 1768340925,
  "config": {
    "n_intervals": 20,
    "train_batch_size": 256,
    "lstm_hidden_length": 16,
    "x_embed_dim": 16,
    "p_embed_dim": 16,
    "mlpx_hidden_units": [
      32,
      32
    ],
    "mlpp_hidden_units": [
      32
    ],
    "mlpsa_hidden_units": [
      32,
      16
    ],
    "init_h_hidden": [
      32
    ],
    "init_p_hidden": [
      32,
      32
    ],
    "mlpprop_hidden_units": [
      64,
      32
    ],
    "attention": true,
    "mlpx_dropout": 0.12927127258891918,
    "mlpp_dropout": 0.11315711670048284,
    "mlpsa_dropout": 0.48680064871148127,
    "init_h_dropout": 0.4604019042233716,
    "init_p_dropout": 0.020135591394978947,
    "mlpprop_dropout": 0.07846158050458851,
    "lambda_prop_loss": 0.5028518101934356,
    "max_epochs": 300,
    "lr": 0.0006411847198003483,
    "weight_decay": 0.0017391650987870894,
    "lr_scheduler_stepsize": 200,
    "lr_scheduler_gamma": 0.9
  },
  "mean_loss": 0.6089936971664429,
  "mean_ci": 0.6123559713363648,
  "std_ci": 0.02156125373638264,
  "mean_ibs": 0.06978072971105576,
  "std_ibs": 0.002425270855921751
}