{
  "trial_id": 33,
  "split_seed": 1768340925,
  "config": {
    "n_intervals": 5,
    "train_batch_size": 128,
    "lstm_hidden_length": 64,
    "x_embed_dim": 16,
    "p_embed_dim": 16,
    "mlpx_hidden_units": [
      128,
      64
    ],
    "mlpp_hidden_units": [
      32
    ],
    "mlpsa_hidden_units": [
      128,
      64
    ],
    "init_h_hidden": [
      64
    ],
    "init_p_hidden": [
      32
    ],
    "mlpprop_hidden_units": [
      16,
      8
    ],
    "attention": true,
    "mlpx_dropout": 0.3534215057823779,
    "mlpp_dropout": 0.2958050807505528,
    "mlpsa_dropout": 0.3906269746519678,
    "init_h_dropout": 0.30714639419142703,
    "init_p_dropout": 0.24811296224190538,
    "mlpprop_dropout": 0.4954330792761074,
    "lambda_prop_loss": 0.9691729335141817,
    "max_epochs": 300,
    "lr": 1.858749978174994e-05,
    "weight_decay": 0.006668438235895629,
    "lr_scheduler_stepsize": 200,
    "lr_scheduler_gamma": 0.3
  },
  "mean_loss": -1.5382682919502257,
  "mean_ci": 0.7024285793304443,
  "std_ci": 0.008045682996454478,
  "mean_ibs": 0.1488581568002701,
  "std_ibs": 0.004362598566655487
}