{
  "trial_id": 8,
  "split_seed": 1768340925,
  "config": {
    "n_intervals": 5,
    "train_batch_size": 64,
    "lstm_hidden_length": 64,
    "x_embed_dim": 16,
    "p_embed_dim": 16,
    "mlpx_hidden_units": [
      32,
      32
    ],
    "mlpp_hidden_units": [
      16
    ],
    "mlpsa_hidden_units": [
      128,
      64
    ],
    "init_h_hidden": [
      128
    ],
    "init_p_hidden": [
      32
    ],
    "mlpprop_hidden_units": [
      16,
      8
    ],
    "attention": true,
    "mlpx_dropout": 0.25838930717207786,
    "mlpp_dropout": 0.08725189108500819,
    "mlpsa_dropout": 0.2704878099166407,
    "init_h_dropout": 0.12310384921984363,
    "init_p_dropout": 0.08799364232332202,
    "mlpprop_dropout": 0.4963828293387837,
    "lambda_prop_loss": 0.39022728903929704,
    "max_epochs": 300,
    "lr": 0.0009135570403680127,
    "weight_decay": 4.2537426378281894e-05,
    "lr_scheduler_stepsize": 200,
    "lr_scheduler_gamma": 0.9
  },
  "mean_loss": -0.08961293026804924,
  "mean_ci": 0.6669878959655762,
  "std_ci": 0.012392584364438602,
  "mean_ibs": 0.14919313341379165,
  "std_ibs": 0.008318242664413849
}