{
  "trial_id": 70,
  "split_seed": 1768340925,
  "config": {
    "n_intervals": 15,
    "train_batch_size": 128,
    "lstm_hidden_length": 64,
    "x_embed_dim": 32,
    "p_embed_dim": 16,
    "mlpx_hidden_units": [
      128,
      64
    ],
    "mlpp_hidden_units": [
      32
    ],
    "mlpsa_hidden_units": [
      64,
      32
    ],
    "init_h_hidden": [
      128
    ],
    "init_p_hidden": [
      32
    ],
    "mlpprop_hidden_units": [
      64,
      32
    ],
    "attention": true,
    "mlpx_dropout": 0.291031560845846,
    "mlpp_dropout": 0.13684488832244013,
    "mlpsa_dropout": 0.0540023175993567,
    "init_h_dropout": 0.19201859957889983,
    "init_p_dropout": 0.21614593167177487,
    "mlpprop_dropout": 0.49117949146991385,
    "lambda_prop_loss": 0.11086408641705803,
    "max_epochs": 300,
    "lr": 0.0002327859218847312,
    "weight_decay": 3.447346222780628e-06,
    "lr_scheduler_stepsize": 200,
    "lr_scheduler_gamma": 0.6
  },
  "mean_loss": 1.335710620880127,
  "mean_ci": 0.5863499820232392,
  "std_ci": 0.017671846895959256,
  "mean_ibs": 0.06884323507547378,
  "std_ibs": 0.0016954514849180386
}