{
  "trial_id": 13,
  "split_seed": 1768340925,
  "config": {
    "n_intervals": 5,
    "train_batch_size": 64,
    "lstm_hidden_length": 16,
    "x_embed_dim": 32,
    "p_embed_dim": 32,
    "mlpx_hidden_units": [
      64,
      32
    ],
    "mlpp_hidden_units": [
      32
    ],
    "mlpsa_hidden_units": [
      128,
      64
    ],
    "init_h_hidden": [
      64,
      64
    ],
    "init_p_hidden": [
      32
    ],
    "mlpprop_hidden_units": [
      64,
      32
    ],
    "attention": true,
    "mlpx_dropout": 0.27450076973039556,
    "mlpp_dropout": 0.028995140279905796,
    "mlpsa_dropout": 0.4896611211140256,
    "init_h_dropout": 0.49886646558521325,
    "init_p_dropout": 0.2690019288553446,
    "mlpprop_dropout": 0.0008565388594273804,
    "lambda_prop_loss": 0.06001454867851741,
    "max_epochs": 300,
    "lr": 3.871799518113852e-05,
    "weight_decay": 0.0024595405834344154,
    "lr_scheduler_stepsize": 100,
    "lr_scheduler_gamma": 0.1
  },
  "mean_loss": 0.7417535960674286,
  "mean_ci": 0.7058208882808685,
  "std_ci": 0.010065479065858557,
  "mean_ibs": 0.1471396043896675,
  "std_ibs": 0.004623358311935418
}