{
  "trial_id": 97,
  "split_seed": 1768340925,
  "config": {
    "n_intervals": 10,
    "train_batch_size": 256,
    "lstm_hidden_length": 64,
    "x_embed_dim": 16,
    "p_embed_dim": 8,
    "mlpx_hidden_units": [
      64,
      32
    ],
    "mlpp_hidden_units": [
      32
    ],
    "mlpsa_hidden_units": [
      32,
      16
    ],
    "init_h_hidden": [
      64
    ],
    "init_p_hidden": [
      16
    ],
    "mlpprop_hidden_units": [
      64,
      32
    ],
    "attention": true,
    "mlpx_dropout": 0.24789643842431913,
    "mlpp_dropout": 0.29053139683028345,
    "mlpsa_dropout": 0.030099562988798345,
    "init_h_dropout": 0.05343447212979574,
    "init_p_dropout": 0.05974510238517744,
    "mlpprop_dropout": 0.46435942007414976,
    "lambda_prop_loss": 0.35281284729883966,
    "max_epochs": 300,
    "lr": 0.00026021156395748314,
    "weight_decay": 1.0921593077203346e-06,
    "lr_scheduler_stepsize": 50,
    "lr_scheduler_gamma": 0.3
  },
  "mean_loss": 0.44062022864818573,
  "mean_ci": 0.6437499105930329,
  "std_ci": 0.012372644102460157,
  "mean_ibs": 0.08553598821163177,
  "std_ibs": 0.0030420630373111266
}