{
  "trial_id": 34,
  "split_seed": 1768340925,
  "config": {
    "n_intervals": 15,
    "train_batch_size": 128,
    "lstm_hidden_length": 64,
    "x_embed_dim": 64,
    "p_embed_dim": 16,
    "mlpx_hidden_units": [
      64,
      32
    ],
    "mlpp_hidden_units": [
      64
    ],
    "mlpsa_hidden_units": [
      32,
      16
    ],
    "init_h_hidden": [
      128
    ],
    "init_p_hidden": [
      64
    ],
    "mlpprop_hidden_units": [
      16,
      8
    ],
    "attention": true,
    "mlpx_dropout": 0.3998369496824385,
    "mlpp_dropout": 0.45703605307129036,
    "mlpsa_dropout": 0.20068594110390248,
    "init_h_dropout": 0.41729792837501123,
    "init_p_dropout": 0.44948166272480206,
    "mlpprop_dropout": 0.019764760816861404,
    "lambda_prop_loss": 0.027333115145921627,
    "max_epochs": 300,
    "lr": 3.616347014619848e-05,
    "weight_decay": 0.00015404713138363746,
    "lr_scheduler_stepsize": 50,
    "lr_scheduler_gamma": 0.9
  },
  "mean_loss": 1.5780331373214722,
  "mean_ci": 0.5936595976352692,
  "std_ci": 0.012915485244524044,
  "mean_ibs": 0.07091955319046975,
  "std_ibs": 0.0029145350735507052
}