{
  "trial_id": 62,
  "split_seed": 1768340925,
  "config": {
    "n_intervals": 10,
    "train_batch_size": 128,
    "lstm_hidden_length": 32,
    "x_embed_dim": 64,
    "p_embed_dim": 16,
    "mlpx_hidden_units": [
      64,
      32
    ],
    "mlpp_hidden_units": [
      32
    ],
    "mlpsa_hidden_units": [
      128,
      64
    ],
    "init_h_hidden": [
      128
    ],
    "init_p_hidden": [
      32
    ],
    "mlpprop_hidden_units": [
      32,
      16
    ],
    "attention": true,
    "mlpx_dropout": 0.4000866627366275,
    "mlpp_dropout": 0.46315865560926134,
    "mlpsa_dropout": 0.3047535030878327,
    "init_h_dropout": 0.1657886088828302,
    "init_p_dropout": 0.2923922873560824,
    "mlpprop_dropout": 0.21315979527507162,
    "lambda_prop_loss": 0.5562108755028489,
    "max_epochs": 300,
    "lr": 0.0014608109759594152,
    "weight_decay": 3.61222010882074e-05,
    "lr_scheduler_stepsize": 50,
    "lr_scheduler_gamma": 0.6
  },
  "mean_loss": -0.06107040643692017,
  "mean_ci": 0.6348221242427826,
  "std_ci": 0.012183901176277153,
  "mean_ibs": 0.08881721943616867,
  "std_ibs": 0.0017597574400850724
}