{
  "trial_id": 98,
  "split_seed": 1768340925,
  "config": {
    "n_intervals": 20,
    "train_batch_size": 128,
    "lstm_hidden_length": 16,
    "x_embed_dim": 32,
    "p_embed_dim": 8,
    "mlpx_hidden_units": [
      64,
      32
    ],
    "mlpp_hidden_units": [
      16
    ],
    "mlpsa_hidden_units": [
      128,
      64
    ],
    "init_h_hidden": [
      64,
      64
    ],
    "init_p_hidden": [
      16
    ],
    "mlpprop_hidden_units": [
      32,
      16
    ],
    "attention": true,
    "mlpx_dropout": 0.02179462184909392,
    "mlpp_dropout": 0.46671100568821544,
    "mlpsa_dropout": 0.3775822856538589,
    "init_h_dropout": 0.48875523536525717,
    "init_p_dropout": 0.44759531655219603,
    "mlpprop_dropout": 0.3262833612128279,
    "lambda_prop_loss": 0.3402284888294256,
    "max_epochs": 300,
    "lr": 0.00026558434763650023,
    "weight_decay": 0.0024332775520493743,
    "lr_scheduler_stepsize": 200,
    "lr_scheduler_gamma": 0.9
  },
  "mean_loss": 1.0020043134689331,
  "mean_ci": 0.570219361782074,
  "std_ci": 0.0217064278658323,
  "mean_ibs": 0.06721322610974312,
  "std_ibs": 0.0027906270258806812
}