{
  "trial_id": 44,
  "split_seed": 1768340925,
  "config": {
    "n_intervals": 20,
    "train_batch_size": 256,
    "lstm_hidden_length": 32,
    "x_embed_dim": 16,
    "p_embed_dim": 16,
    "mlpx_hidden_units": [
      128,
      64
    ],
    "mlpp_hidden_units": [
      64
    ],
    "mlpsa_hidden_units": [
      32,
      16
    ],
    "init_h_hidden": [
      128
    ],
    "init_p_hidden": [
      32,
      32
    ],
    "mlpprop_hidden_units": [
      32,
      16
    ],
    "attention": true,
    "mlpx_dropout": 0.2836728957052734,
    "mlpp_dropout": 0.14414887931548825,
    "mlpsa_dropout": 0.13589514827794552,
    "init_h_dropout": 0.4301811109449076,
    "init_p_dropout": 0.30725440446344043,
    "mlpprop_dropout": 0.17117736603559575,
    "lambda_prop_loss": 0.73023406061771,
    "max_epochs": 300,
    "lr": 4.072742641942916e-05,
    "weight_decay": 0.004489603215912562,
    "lr_scheduler_stepsize": 50,
    "lr_scheduler_gamma": 0.6
  },
  "mean_loss": 0.14020453691482543,
  "mean_ci": 0.5360857546329498,
  "std_ci": 0.07426937289587328,
  "mean_ibs": 0.07618203610181809,
  "std_ibs": 0.005284570167933355
}