{
  "trial_id": 45,
  "split_seed": 1768340925,
  "config": {
    "n_intervals": 10,
    "train_batch_size": 128,
    "lstm_hidden_length": 32,
    "x_embed_dim": 32,
    "p_embed_dim": 32,
    "mlpx_hidden_units": [
      64,
      32
    ],
    "mlpp_hidden_units": [
      16
    ],
    "mlpsa_hidden_units": [
      32,
      16
    ],
    "init_h_hidden": [
      64
    ],
    "init_p_hidden": [
      32,
      32
    ],
    "mlpprop_hidden_units": [
      16,
      8
    ],
    "attention": true,
    "mlpx_dropout": 0.4054140739125683,
    "mlpp_dropout": 0.20252350162925942,
    "mlpsa_dropout": 0.434607254558858,
    "init_h_dropout": 0.12322753159921063,
    "init_p_dropout": 0.40694277874474155,
    "mlpprop_dropout": 0.18280349801138535,
    "lambda_prop_loss": 0.3452362738972613,
    "max_epochs": 300,
    "lr": 0.006035340973969742,
    "weight_decay": 6.276083061192451e-05,
    "lr_scheduler_stepsize": 50,
    "lr_scheduler_gamma": 0.3
  },
  "mean_loss": 0.5162959933280945,
  "mean_ci": 0.6658826231956482,
  "std_ci": 0.016522002780240477,
  "mean_ibs": 0.09364427253603935,
  "std_ibs": 0.004588709476003408
}