{
  "trial_id": 69,
  "split_seed": 1768340925,
  "config": {
    "n_intervals": 5,
    "train_batch_size": 64,
    "lstm_hidden_length": 16,
    "x_embed_dim": 32,
    "p_embed_dim": 32,
    "mlpx_hidden_units": [
      64,
      32
    ],
    "mlpp_hidden_units": [
      64
    ],
    "mlpsa_hidden_units": [
      128,
      64
    ],
    "init_h_hidden": [
      128
    ],
    "init_p_hidden": [
      32,
      32
    ],
    "mlpprop_hidden_units": [
      64,
      32
    ],
    "attention": true,
    "mlpx_dropout": 0.3189779108613646,
    "mlpp_dropout": 0.1387984238688979,
    "mlpsa_dropout": 0.1147791005517686,
    "init_h_dropout": 0.4802950366092154,
    "init_p_dropout": 0.20161046888186268,
    "mlpprop_dropout": 0.10263746754529213,
    "lambda_prop_loss": 0.3732820910047715,
    "max_epochs": 300,
    "lr": 0.004708897292261873,
    "weight_decay": 9.267343126945461e-05,
    "lr_scheduler_stepsize": 200,
    "lr_scheduler_gamma": 0.6
  },
  "mean_loss": -0.020740067958831786,
  "mean_ci": 0.6575213134288788,
  "std_ci": 0.016645247861998662,
  "mean_ibs": 0.1503252476453781,
  "std_ibs": 0.00863808528162422
}