{
  "trial_id": 16,
  "split_seed": 1768340925,
  "config": {
    "n_intervals": 5,
    "train_batch_size": 128,
    "lstm_hidden_length": 16,
    "x_embed_dim": 16,
    "p_embed_dim": 8,
    "mlpx_hidden_units": [
      64,
      32
    ],
    "mlpp_hidden_units": [
      64
    ],
    "mlpsa_hidden_units": [
      32,
      16
    ],
    "init_h_hidden": [
      64,
      64
    ],
    "init_p_hidden": [
      32
    ],
    "mlpprop_hidden_units": [
      16,
      8
    ],
    "attention": true,
    "mlpx_dropout": 0.3337941877721687,
    "mlpp_dropout": 0.033270075128710275,
    "mlpsa_dropout": 0.1899227846485726,
    "init_h_dropout": 0.061873935437831484,
    "init_p_dropout": 0.229552557822089,
    "mlpprop_dropout": 0.15566291627203882,
    "lambda_prop_loss": 0.9174955111630921,
    "max_epochs": 300,
    "lr": 0.005893984331096745,
    "weight_decay": 0.002329981157409828,
    "lr_scheduler_stepsize": 50,
    "lr_scheduler_gamma": 0.3
  },
  "mean_loss": -1.3786637663841248,
  "mean_ci": 0.673340231180191,
  "std_ci": 0.021271500569126224,
  "mean_ibs": 0.16410273611545562,
  "std_ibs": 0.020540974678717076
}