{
  "trial_id": 79,
  "split_seed": 1768340925,
  "config": {
    "n_intervals": 15,
    "train_batch_size": 512,
    "lstm_hidden_length": 16,
    "x_embed_dim": 64,
    "p_embed_dim": 16,
    "mlpx_hidden_units": [
      64,
      32
    ],
    "mlpp_hidden_units": [
      16
    ],
    "mlpsa_hidden_units": [
      32,
      16
    ],
    "init_h_hidden": [
      64
    ],
    "init_p_hidden": [
      64
    ],
    "mlpprop_hidden_units": [
      16,
      8
    ],
    "attention": true,
    "mlpx_dropout": 0.16012714137098355,
    "mlpp_dropout": 0.050529136065895264,
    "mlpsa_dropout": 0.40228782995932383,
    "init_h_dropout": 0.09827556407988569,
    "init_p_dropout": 0.2200573875051866,
    "mlpprop_dropout": 0.17752117853742988,
    "lambda_prop_loss": 0.800237538157971,
    "max_epochs": 300,
    "lr": 6.444785507594657e-05,
    "weight_decay": 1.5098046177404354e-06,
    "lr_scheduler_stepsize": 50,
    "lr_scheduler_gamma": 0.1
  },
  "mean_loss": -0.055458354949951175,
  "mean_ci": 0.4667580366134644,
  "std_ci": 0.053597568451657335,
  "mean_ibs": 0.09314681068062783,
  "std_ibs": 0.004496721931020929
}