{
  "trial_id": 2,
  "split_seed": 1768340925,
  "config": {
    "n_intervals": 20,
    "train_batch_size": 256,
    "lstm_hidden_length": 64,
    "x_embed_dim": 16,
    "p_embed_dim": 32,
    "mlpx_hidden_units": [
      64,
      32
    ],
    "mlpp_hidden_units": [
      64
    ],
    "mlpsa_hidden_units": [
      128,
      64
    ],
    "init_h_hidden": [
      64,
      64
    ],
    "init_p_hidden": [
      32,
      32
    ],
    "mlpprop_hidden_units": [
      32,
      16
    ],
    "attention": true,
    "mlpx_dropout": 0.21726063274345336,
    "mlpp_dropout": 0.23688393222598048,
    "mlpsa_dropout": 0.4050165910357269,
    "init_h_dropout": 0.06507761804574214,
    "init_p_dropout": 0.4628427017275358,
    "mlpprop_dropout": 0.08201158455752883,
    "lambda_prop_loss": 0.8842482315648907,
    "max_epochs": 300,
    "lr": 0.0003300135758102,
    "weight_decay": 0.002607699413655415,
    "lr_scheduler_stepsize": 50,
    "lr_scheduler_gamma": 0.1
  },
  "mean_loss": -0.39062771797180174,
  "mean_ci": 0.5990447223186492,
  "std_ci": 0.011100772829388048,
  "mean_ibs": 0.06679579913616181,
  "std_ibs": 0.001422348018647482
}