{
  "trial_id": 36,
  "split_seed": 1768340925,
  "config": {
    "n_intervals": 10,
    "train_batch_size": 128,
    "lstm_hidden_length": 32,
    "x_embed_dim": 16,
    "p_embed_dim": 32,
    "mlpx_hidden_units": [
      32,
      32
    ],
    "mlpp_hidden_units": [
      32
    ],
    "mlpsa_hidden_units": [
      32,
      16
    ],
    "init_h_hidden": [
      32
    ],
    "init_p_hidden": [
      64
    ],
    "mlpprop_hidden_units": [
      32,
      16
    ],
    "attention": true,
    "mlpx_dropout": 0.3878947929290944,
    "mlpp_dropout": 0.19989945652726654,
    "mlpsa_dropout": 0.20403847393095442,
    "init_h_dropout": 0.18117462952499241,
    "init_p_dropout": 0.2750852157207799,
    "mlpprop_dropout": 0.24914456555061615,
    "lambda_prop_loss": 0.9525592784073196,
    "max_epochs": 300,
    "lr": 0.0020782100182063787,
    "weight_decay": 5.5822553933241445e-06,
    "lr_scheduler_stepsize": 50,
    "lr_scheduler_gamma": 0.9
  },
  "mean_loss": -1.0456868052482604,
  "mean_ci": 0.6407507181167602,
  "std_ci": 0.014743959488204547,
  "mean_ibs": 0.08931255713105202,
  "std_ibs": 0.0056853670269186776
}