{
  "trial_id": 9,
  "split_seed": 1768340925,
  "config": {
    "n_intervals": 5,
    "train_batch_size": 64,
    "lstm_hidden_length": 64,
    "x_embed_dim": 32,
    "p_embed_dim": 32,
    "mlpx_hidden_units": [
      128,
      64
    ],
    "mlpp_hidden_units": [
      64
    ],
    "mlpsa_hidden_units": [
      32,
      16
    ],
    "init_h_hidden": [
      128
    ],
    "init_p_hidden": [
      64
    ],
    "mlpprop_hidden_units": [
      32,
      16
    ],
    "attention": true,
    "mlpx_dropout": 0.10935118490334417,
    "mlpp_dropout": 0.4008752412954208,
    "mlpsa_dropout": 0.43183200146184675,
    "init_h_dropout": 0.16919027355477423,
    "init_p_dropout": 0.1309887041072928,
    "mlpprop_dropout": 0.2226969783982951,
    "lambda_prop_loss": 0.282674513853137,
    "max_epochs": 300,
    "lr": 0.00024297524951355054,
    "weight_decay": 0.0002742161322070094,
    "lr_scheduler_stepsize": 200,
    "lr_scheduler_gamma": 0.9
  },
  "mean_loss": 0.18062108755111694,
  "mean_ci": 0.6794844686985015,
  "std_ci": 0.01212536509802929,
  "mean_ibs": 0.15195085257291793,
  "std_ibs": 0.006003363785621906
}