{
  "trial_id": 67,
  "split_seed": 1768340925,
  "config": {
    "n_intervals": 20,
    "train_batch_size": 128,
    "lstm_hidden_length": 16,
    "x_embed_dim": 64,
    "p_embed_dim": 16,
    "mlpx_hidden_units": [
      128,
      64
    ],
    "mlpp_hidden_units": [
      32
    ],
    "mlpsa_hidden_units": [
      32,
      16
    ],
    "init_h_hidden": [
      32
    ],
    "init_p_hidden": [
      32,
      32
    ],
    "mlpprop_hidden_units": [
      32,
      16
    ],
    "attention": true,
    "mlpx_dropout": 0.09896608174386745,
    "mlpp_dropout": 0.25025615891232716,
    "mlpsa_dropout": 0.04888668415773367,
    "init_h_dropout": 0.33736868861813807,
    "init_p_dropout": 0.3742965223792677,
    "mlpprop_dropout": 0.4162239192391618,
    "lambda_prop_loss": 0.41106236281035446,
    "max_epochs": 300,
    "lr": 0.00021978902965824222,
    "weight_decay": 7.465173667545524e-05,
    "lr_scheduler_stepsize": 100,
    "lr_scheduler_gamma": 0.6
  },
  "mean_loss": 0.8230409741401672,
  "mean_ci": 0.5635132610797882,
  "std_ci": 0.01692361539879647,
  "mean_ibs": 0.06667627021670341,
  "std_ibs": 0.002759062889304993
}