{
  "trial_id": 57,
  "split_seed": 1768340925,
  "config": {
    "n_intervals": 10,
    "train_batch_size": 128,
    "lstm_hidden_length": 32,
    "x_embed_dim": 64,
    "p_embed_dim": 8,
    "mlpx_hidden_units": [
      128,
      64
    ],
    "mlpp_hidden_units": [
      32
    ],
    "mlpsa_hidden_units": [
      32,
      16
    ],
    "init_h_hidden": [
      64
    ],
    "init_p_hidden": [
      64
    ],
    "mlpprop_hidden_units": [
      64,
      32
    ],
    "attention": true,
    "mlpx_dropout": 0.3977805419043342,
    "mlpp_dropout": 0.2649979344287206,
    "mlpsa_dropout": 0.03383189723845903,
    "init_h_dropout": 0.44779760358166204,
    "init_p_dropout": 0.18997103552900318,
    "mlpprop_dropout": 0.28780654064830835,
    "lambda_prop_loss": 0.22297822996386685,
    "max_epochs": 300,
    "lr": 0.000379960645016634,
    "weight_decay": 0.0009144099328702603,
    "lr_scheduler_stepsize": 200,
    "lr_scheduler_gamma": 0.3
  },
  "mean_loss": 0.757672905921936,
  "mean_ci": 0.6247729361057281,
  "std_ci": 0.01772661051590834,
  "mean_ibs": 0.08430900722742081,
  "std_ibs": 0.0044563894164107625
}