{
  "trial_id": 25,
  "split_seed": 1768340925,
  "config": {
    "n_intervals": 20,
    "train_batch_size": 256,
    "lstm_hidden_length": 64,
    "x_embed_dim": 16,
    "p_embed_dim": 8,
    "mlpx_hidden_units": [
      128,
      64
    ],
    "mlpp_hidden_units": [
      64
    ],
    "mlpsa_hidden_units": [
      32,
      16
    ],
    "init_h_hidden": [
      32
    ],
    "init_p_hidden": [
      16
    ],
    "mlpprop_hidden_units": [
      64,
      32
    ],
    "attention": true,
    "mlpx_dropout": 0.3989568307045405,
    "mlpp_dropout": 0.05631837782565502,
    "mlpsa_dropout": 0.11411336212087236,
    "init_h_dropout": 0.27936913385525636,
    "init_p_dropout": 0.07555799653926787,
    "mlpprop_dropout": 0.362727123499094,
    "lambda_prop_loss": 0.3750623951616764,
    "max_epochs": 300,
    "lr": 5.8741261000037133e-05,
    "weight_decay": 0.00833451203485823,
    "lr_scheduler_stepsize": 50,
    "lr_scheduler_gamma": 0.1
  },
  "mean_loss": 1.0011415004730224,
  "mean_ci": 0.5645059287548065,
  "std_ci": 0.036622770496126486,
  "mean_ibs": 0.07392319217324257,
  "std_ibs": 0.0023544767087405366
}