{
  "trial_id": 51,
  "split_seed": 1768340925,
  "config": {
    "n_intervals": 10,
    "train_batch_size": 64,
    "lstm_hidden_length": 64,
    "x_embed_dim": 16,
    "p_embed_dim": 8,
    "mlpx_hidden_units": [
      64,
      32
    ],
    "mlpp_hidden_units": [
      64
    ],
    "mlpsa_hidden_units": [
      32,
      16
    ],
    "init_h_hidden": [
      64,
      64
    ],
    "init_p_hidden": [
      64
    ],
    "mlpprop_hidden_units": [
      64,
      32
    ],
    "attention": true,
    "mlpx_dropout": 0.37323044095914254,
    "mlpp_dropout": 0.3289903425391635,
    "mlpsa_dropout": 0.45791310506980576,
    "init_h_dropout": 0.09291568746122614,
    "init_p_dropout": 0.2785148772770071,
    "mlpprop_dropout": 0.3443288569975863,
    "lambda_prop_loss": 0.45004132492967175,
    "max_epochs": 300,
    "lr": 0.0011555703963073967,
    "weight_decay": 8.354851232939831e-05,
    "lr_scheduler_stepsize": 50,
    "lr_scheduler_gamma": 0.9
  },
  "mean_loss": 0.24444378465414046,
  "mean_ci": 0.6691786527633667,
  "std_ci": 0.021226883446982665,
  "mean_ibs": 0.09264536425471306,
  "std_ibs": 0.00687568885499592
}