{
  "trial_id": 84,
  "split_seed": 1768340925,
  "config": {
    "n_intervals": 20,
    "train_batch_size": 512,
    "lstm_hidden_length": 32,
    "x_embed_dim": 16,
    "p_embed_dim": 32,
    "mlpx_hidden_units": [
      128,
      64
    ],
    "mlpp_hidden_units": [
      16
    ],
    "mlpsa_hidden_units": [
      64,
      32
    ],
    "init_h_hidden": [
      32
    ],
    "init_p_hidden": [
      32,
      32
    ],
    "mlpprop_hidden_units": [
      32,
      16
    ],
    "attention": true,
    "mlpx_dropout": 0.153927058540394,
    "mlpp_dropout": 0.1345137428249632,
    "mlpsa_dropout": 0.33271321232400414,
    "init_h_dropout": 0.38670617966571935,
    "init_p_dropout": 0.14216426813097377,
    "mlpprop_dropout": 0.18761028719683986,
    "lambda_prop_loss": 0.35749155699490953,
    "max_epochs": 300,
    "lr": 0.0016930219589154142,
    "weight_decay": 0.0004940180409167143,
    "lr_scheduler_stepsize": 100,
    "lr_scheduler_gamma": 0.3
  },
  "mean_loss": 1.0027298748493194,
  "mean_ci": 0.5872395753860473,
  "std_ci": 0.03319879167711465,
  "mean_ibs": 0.0713258609175682,
  "std_ibs": 0.003697723857132129
}