{
  "trial_id": 42,
  "split_seed": 1768340925,
  "config": {
    "n_intervals": 20,
    "train_batch_size": 512,
    "lstm_hidden_length": 16,
    "x_embed_dim": 32,
    "p_embed_dim": 16,
    "mlpx_hidden_units": [
      128,
      64
    ],
    "mlpp_hidden_units": [
      32
    ],
    "mlpsa_hidden_units": [
      32,
      16
    ],
    "init_h_hidden": [
      64
    ],
    "init_p_hidden": [
      32,
      32
    ],
    "mlpprop_hidden_units": [
      64,
      32
    ],
    "attention": true,
    "mlpx_dropout": 0.3797640109085314,
    "mlpp_dropout": 0.07013062140803594,
    "mlpsa_dropout": 0.08715387364513727,
    "init_h_dropout": 0.06281779060894105,
    "init_p_dropout": 0.19477601178311932,
    "mlpprop_dropout": 0.010973526936416733,
    "lambda_prop_loss": 0.9849178470797153,
    "max_epochs": 300,
    "lr": 4.8795770147726106e-05,
    "weight_decay": 0.0002514896332526735,
    "lr_scheduler_stepsize": 200,
    "lr_scheduler_gamma": 0.1
  },
  "mean_loss": -0.43172780275344846,
  "mean_ci": 0.5026084274053574,
  "std_ci": 0.09011406307978617,
  "mean_ibs": 0.08033352047204971,
  "std_ibs": 0.007861101691053037
}