{
  "trial_id": 27,
  "split_seed": 1768340925,
  "config": {
    "n_intervals": 5,
    "train_batch_size": 256,
    "lstm_hidden_length": 64,
    "x_embed_dim": 16,
    "p_embed_dim": 8,
    "mlpx_hidden_units": [
      32,
      32
    ],
    "mlpp_hidden_units": [
      16
    ],
    "mlpsa_hidden_units": [
      128,
      64
    ],
    "init_h_hidden": [
      64,
      64
    ],
    "init_p_hidden": [
      32,
      32
    ],
    "mlpprop_hidden_units": [
      16,
      8
    ],
    "attention": true,
    "mlpx_dropout": 0.22851004857341872,
    "mlpp_dropout": 0.17794995807962521,
    "mlpsa_dropout": 0.035312507100445145,
    "init_h_dropout": 0.44840709316843164,
    "init_p_dropout": 0.18855631128170208,
    "mlpprop_dropout": 0.26196994676519064,
    "lambda_prop_loss": 0.19708832589558944,
    "max_epochs": 300,
    "lr": 0.0002882257223009482,
    "weight_decay": 0.0037935798910414065,
    "lr_scheduler_stepsize": 200,
    "lr_scheduler_gamma": 0.9
  },
  "mean_loss": 0.395907336473465,
  "mean_ci": 0.6856777667999268,
  "std_ci": 0.008922482228384588,
  "mean_ibs": 0.1508741185069084,
  "std_ibs": 0.006074899909050604
}