{
  "trial_id": 11,
  "split_seed": 1768340925,
  "config": {
    "n_intervals": 15,
    "train_batch_size": 256,
    "lstm_hidden_length": 32,
    "x_embed_dim": 64,
    "p_embed_dim": 32,
    "mlpx_hidden_units": [
      128,
      64
    ],
    "mlpp_hidden_units": [
      64
    ],
    "mlpsa_hidden_units": [
      64,
      32
    ],
    "init_h_hidden": [
      32
    ],
    "init_p_hidden": [
      32
    ],
    "mlpprop_hidden_units": [
      32,
      16
    ],
    "attention": true,
    "mlpx_dropout": 0.13553621195870225,
    "mlpp_dropout": 0.012596467936590694,
    "mlpsa_dropout": 0.15650242615702203,
    "init_h_dropout": 0.10195037337226853,
    "init_p_dropout": 0.028119112677292668,
    "mlpprop_dropout": 0.03673311993770645,
    "lambda_prop_loss": 0.47508435635018376,
    "max_epochs": 300,
    "lr": 0.0019002233079615913,
    "weight_decay": 0.00024222453789099943,
    "lr_scheduler_stepsize": 100,
    "lr_scheduler_gamma": 0.6
  },
  "mean_loss": 0.44673317670822144,
  "mean_ci": 0.5831230998039245,
  "std_ci": 0.01896843413309567,
  "mean_ibs": 0.07338225990533828,
  "std_ibs": 0.0037439005611965824
}