{
  "trial_id": 15,
  "split_seed": 1768340925,
  "config": {
    "n_intervals": 15,
    "train_batch_size": 64,
    "lstm_hidden_length": 32,
    "x_embed_dim": 32,
    "p_embed_dim": 32,
    "mlpx_hidden_units": [
      32,
      32
    ],
    "mlpp_hidden_units": [
      16
    ],
    "mlpsa_hidden_units": [
      64,
      32
    ],
    "init_h_hidden": [
      128
    ],
    "init_p_hidden": [
      32
    ],
    "mlpprop_hidden_units": [
      64,
      32
    ],
    "attention": true,
    "mlpx_dropout": 0.17350934432896142,
    "mlpp_dropout": 0.25778205395640047,
    "mlpsa_dropout": 0.06726413983356777,
    "init_h_dropout": 0.14811240828280925,
    "init_p_dropout": 0.1990581077350979,
    "mlpprop_dropout": 0.060244742791352,
    "lambda_prop_loss": 0.25469624627847853,
    "max_epochs": 300,
    "lr": 8.729861971289076e-05,
    "weight_decay": 2.4328676270272717e-05,
    "lr_scheduler_stepsize": 50,
    "lr_scheduler_gamma": 0.3
  },
  "mean_loss": 0.9793822705745697,
  "mean_ci": 0.6083000302314758,
  "std_ci": 0.013678950354471229,
  "mean_ibs": 0.07034859359264374,
  "std_ibs": 0.0021413596152297936
}