{
  "trial_id": 4,
  "split_seed": 1768340925,
  "config": {
    "n_intervals": 15,
    "train_batch_size": 128,
    "lstm_hidden_length": 32,
    "x_embed_dim": 64,
    "p_embed_dim": 32,
    "mlpx_hidden_units": [
      64,
      32
    ],
    "mlpp_hidden_units": [
      64
    ],
    "mlpsa_hidden_units": [
      32,
      16
    ],
    "init_h_hidden": [
      32
    ],
    "init_p_hidden": [
      64
    ],
    "mlpprop_hidden_units": [
      16,
      8
    ],
    "attention": true,
    "mlpx_dropout": 0.21571079645791913,
    "mlpp_dropout": 0.1719676758265497,
    "mlpsa_dropout": 0.09833692979474928,
    "init_h_dropout": 0.437883666960974,
    "init_p_dropout": 0.31391054425883,
    "mlpprop_dropout": 0.10614077371743136,
    "lambda_prop_loss": 0.3606220500589805,
    "max_epochs": 300,
    "lr": 0.000916599927780629,
    "weight_decay": 0.004160525703274834,
    "lr_scheduler_stepsize": 200,
    "lr_scheduler_gamma": 0.6
  },
  "mean_loss": 0.7363289415836334,
  "mean_ci": 0.6062179028987884,
  "std_ci": 0.019272796338190838,
  "mean_ibs": 0.07368042021989822,
  "std_ibs": 0.0028755509485171036
}