{
  "trial_id": 87,
  "split_seed": 1768340925,
  "config": {
    "n_intervals": 10,
    "train_batch_size": 256,
    "lstm_hidden_length": 32,
    "x_embed_dim": 64,
    "p_embed_dim": 16,
    "mlpx_hidden_units": [
      32,
      32
    ],
    "mlpp_hidden_units": [
      32
    ],
    "mlpsa_hidden_units": [
      128,
      64
    ],
    "init_h_hidden": [
      32
    ],
    "init_p_hidden": [
      32,
      32
    ],
    "mlpprop_hidden_units": [
      64,
      32
    ],
    "attention": true,
    "mlpx_dropout": 0.39696803529308283,
    "mlpp_dropout": 0.3904397939668493,
    "mlpsa_dropout": 0.0546555668533556,
    "init_h_dropout": 0.3295404223363349,
    "init_p_dropout": 0.19672402431091124,
    "mlpprop_dropout": 0.07398729085625372,
    "lambda_prop_loss": 0.44802476781670453,
    "max_epochs": 300,
    "lr": 0.0025622850963500986,
    "weight_decay": 0.0010586510930861602,
    "lr_scheduler_stepsize": 50,
    "lr_scheduler_gamma": 0.1
  },
  "mean_loss": 0.23243529796600343,
  "mean_ci": 0.6254757225513459,
  "std_ci": 0.011658620455202847,
  "mean_ibs": 0.09137016758322716,
  "std_ibs": 0.006693583657165624
}