{
  "trial_id": 94,
  "split_seed": 1768340925,
  "config": {
    "n_intervals": 5,
    "train_batch_size": 512,
    "lstm_hidden_length": 16,
    "x_embed_dim": 64,
    "p_embed_dim": 8,
    "mlpx_hidden_units": [
      64,
      32
    ],
    "mlpp_hidden_units": [
      16
    ],
    "mlpsa_hidden_units": [
      128,
      64
    ],
    "init_h_hidden": [
      64,
      64
    ],
    "init_p_hidden": [
      32,
      32
    ],
    "mlpprop_hidden_units": [
      64,
      32
    ],
    "attention": true,
    "mlpx_dropout": 0.11454990086758315,
    "mlpp_dropout": 0.4090316802192434,
    "mlpsa_dropout": 0.4262262345261356,
    "init_h_dropout": 0.09975669943032145,
    "init_p_dropout": 0.06155940218835021,
    "mlpprop_dropout": 0.17180435104000286,
    "lambda_prop_loss": 0.8347458867375049,
    "max_epochs": 300,
    "lr": 0.0006619086055033414,
    "weight_decay": 0.00029438525106133213,
    "lr_scheduler_stepsize": 100,
    "lr_scheduler_gamma": 0.3
  },
  "mean_loss": -1.2151085972785949,
  "mean_ci": 0.6895781397819519,
  "std_ci": 0.009569747830423641,
  "mean_ibs": 0.1597714215517044,
  "std_ibs": 0.00786941832525469
}