{
  "trial_id": 52,
  "split_seed": 1768340925,
  "config": {
    "n_intervals": 5,
    "train_batch_size": 128,
    "lstm_hidden_length": 64,
    "x_embed_dim": 16,
    "p_embed_dim": 16,
    "mlpx_hidden_units": [
      32,
      32
    ],
    "mlpp_hidden_units": [
      16
    ],
    "mlpsa_hidden_units": [
      32,
      16
    ],
    "init_h_hidden": [
      64,
      64
    ],
    "init_p_hidden": [
      16
    ],
    "mlpprop_hidden_units": [
      16,
      8
    ],
    "attention": true,
    "mlpx_dropout": 0.2306884873032647,
    "mlpp_dropout": 0.32806573999145416,
    "mlpsa_dropout": 0.34110689246816617,
    "init_h_dropout": 0.22966038519198145,
    "init_p_dropout": 0.35106386435712766,
    "mlpprop_dropout": 0.3374869174103338,
    "lambda_prop_loss": 0.4678578600689174,
    "max_epochs": 300,
    "lr": 3.372126303200184e-05,
    "weight_decay": 0.00015989380452967908,
    "lr_scheduler_stepsize": 100,
    "lr_scheduler_gamma": 0.1
  },
  "mean_loss": -0.28709947168827055,
  "mean_ci": 0.7018535256385803,
  "std_ci": 0.011440297652373994,
  "mean_ibs": 0.14176493436098098,
  "std_ibs": 0.006112183458563614
}