{
  "trial_id": 20,
  "split_seed": 1768340925,
  "config": {
    "n_intervals": 20,
    "train_batch_size": 256,
    "lstm_hidden_length": 16,
    "x_embed_dim": 32,
    "p_embed_dim": 8,
    "mlpx_hidden_units": [
      64,
      32
    ],
    "mlpp_hidden_units": [
      16
    ],
    "mlpsa_hidden_units": [
      32,
      16
    ],
    "init_h_hidden": [
      64,
      64
    ],
    "init_p_hidden": [
      16
    ],
    "mlpprop_hidden_units": [
      16,
      8
    ],
    "attention": true,
    "mlpx_dropout": 0.40048739897552416,
    "mlpp_dropout": 0.10685836002932153,
    "mlpsa_dropout": 0.07239586369632922,
    "init_h_dropout": 0.042561265435540674,
    "init_p_dropout": 0.32335379423599536,
    "mlpprop_dropout": 0.23026342532323413,
    "lambda_prop_loss": 0.2641702233294718,
    "max_epochs": 300,
    "lr": 0.001967127758945852,
    "weight_decay": 7.182696427799635e-05,
    "lr_scheduler_stepsize": 200,
    "lr_scheduler_gamma": 0.9
  },
  "mean_loss": 1.20460125207901,
  "mean_ci": 0.6009302496910095,
  "std_ci": 0.020587996969476607,
  "mean_ibs": 0.06906859651207924,
  "std_ibs": 0.003832688607018554
}