{
  "trial_id": 99,
  "split_seed": 1768340925,
  "config": {
    "n_intervals": 10,
    "train_batch_size": 512,
    "lstm_hidden_length": 16,
    "x_embed_dim": 64,
    "p_embed_dim": 8,
    "mlpx_hidden_units": [
      32,
      32
    ],
    "mlpp_hidden_units": [
      32
    ],
    "mlpsa_hidden_units": [
      64,
      32
    ],
    "init_h_hidden": [
      128
    ],
    "init_p_hidden": [
      32,
      32
    ],
    "mlpprop_hidden_units": [
      32,
      16
    ],
    "attention": true,
    "mlpx_dropout": 0.20664714689780284,
    "mlpp_dropout": 0.34149785989916653,
    "mlpsa_dropout": 0.2523344163926042,
    "init_h_dropout": 0.4881070420139314,
    "init_p_dropout": 0.3842908584751869,
    "mlpprop_dropout": 0.3613398837402277,
    "lambda_prop_loss": 0.6028665842181311,
    "max_epochs": 300,
    "lr": 0.002467600508050985,
    "weight_decay": 3.0212386014685406e-06,
    "lr_scheduler_stepsize": 100,
    "lr_scheduler_gamma": 0.9
  },
  "mean_loss": -0.13833363056182862,
  "mean_ci": 0.6412449181079865,
  "std_ci": 0.02276545077903058,
  "mean_ibs": 0.09213033691048622,
  "std_ibs": 0.00424255833467601
}