{
  "trial_id": 41,
  "split_seed": 1768340925,
  "config": {
    "n_intervals": 15,
    "train_batch_size": 256,
    "lstm_hidden_length": 32,
    "x_embed_dim": 64,
    "p_embed_dim": 16,
    "mlpx_hidden_units": [
      64,
      32
    ],
    "mlpp_hidden_units": [
      32
    ],
    "mlpsa_hidden_units": [
      32,
      16
    ],
    "init_h_hidden": [
      128
    ],
    "init_p_hidden": [
      32
    ],
    "mlpprop_hidden_units": [
      64,
      32
    ],
    "attention": true,
    "mlpx_dropout": 0.10969783180781834,
    "mlpp_dropout": 0.09965298613456586,
    "mlpsa_dropout": 0.49972378571751375,
    "init_h_dropout": 0.0465648910043881,
    "init_p_dropout": 0.3504304089609689,
    "mlpprop_dropout": 0.3887866484361864,
    "lambda_prop_loss": 0.4672376117008388,
    "max_epochs": 300,
    "lr": 3.358344908958886e-05,
    "weight_decay": 3.7783388414901865e-06,
    "lr_scheduler_stepsize": 100,
    "lr_scheduler_gamma": 0.1
  },
  "mean_loss": 0.7224024295806885,
  "mean_ci": 0.41279877722263336,
  "std_ci": 0.06805546106987358,
  "mean_ibs": 0.09057939872145652,
  "std_ibs": 0.006693184525667489
}