{
  "trial_id": 76,
  "split_seed": 1768340925,
  "config": {
    "n_intervals": 20,
    "train_batch_size": 128,
    "lstm_hidden_length": 16,
    "x_embed_dim": 32,
    "p_embed_dim": 32,
    "mlpx_hidden_units": [
      128,
      64
    ],
    "mlpp_hidden_units": [
      64
    ],
    "mlpsa_hidden_units": [
      32,
      16
    ],
    "init_h_hidden": [
      128
    ],
    "init_p_hidden": [
      64
    ],
    "mlpprop_hidden_units": [
      16,
      8
    ],
    "attention": true,
    "mlpx_dropout": 0.017380291296621442,
    "mlpp_dropout": 0.3863096525121972,
    "mlpsa_dropout": 0.2780124812587877,
    "init_h_dropout": 0.13562147998093838,
    "init_p_dropout": 0.19560958833666237,
    "mlpprop_dropout": 0.27169049178217963,
    "lambda_prop_loss": 0.042043590941938436,
    "max_epochs": 300,
    "lr": 0.0007543850716553161,
    "weight_decay": 0.0002960266684894408,
    "lr_scheduler_stepsize": 100,
    "lr_scheduler_gamma": 0.6
  },
  "mean_loss": 1.7967314839363098,
  "mean_ci": 0.5411246597766877,
  "std_ci": 0.026939173090072925,
  "mean_ibs": 0.0696145847439766,
  "std_ibs": 0.003251924234403601
}