{
  "trial_id": 31,
  "split_seed": 1768340925,
  "config": {
    "n_intervals": 20,
    "train_batch_size": 128,
    "lstm_hidden_length": 32,
    "x_embed_dim": 64,
    "p_embed_dim": 16,
    "mlpx_hidden_units": [
      64,
      32
    ],
    "mlpp_hidden_units": [
      16
    ],
    "mlpsa_hidden_units": [
      64,
      32
    ],
    "init_h_hidden": [
      32
    ],
    "init_p_hidden": [
      32,
      32
    ],
    "mlpprop_hidden_units": [
      16,
      8
    ],
    "attention": true,
    "mlpx_dropout": 0.20661470821126393,
    "mlpp_dropout": 0.2798270877468241,
    "mlpsa_dropout": 0.30436200760101056,
    "init_h_dropout": 0.4053458435505413,
    "init_p_dropout": 0.4465432311908226,
    "mlpprop_dropout": 0.2881155425413902,
    "lambda_prop_loss": 0.7312927674570389,
    "max_epochs": 300,
    "lr": 0.0021750654382748248,
    "weight_decay": 1.8011345620960707e-06,
    "lr_scheduler_stepsize": 50,
    "lr_scheduler_gamma": 0.6
  },
  "mean_loss": 0.019318819046020508,
  "mean_ci": 0.5948339462280273,
  "std_ci": 0.013272043347929962,
  "mean_ibs": 0.0698580227792263,
  "std_ibs": 0.0020640993134671297
}