{
  "trial_id": 75,
  "split_seed": 1768340925,
  "config": {
    "n_intervals": 10,
    "train_batch_size": 512,
    "lstm_hidden_length": 32,
    "x_embed_dim": 32,
    "p_embed_dim": 8,
    "mlpx_hidden_units": [
      128,
      64
    ],
    "mlpp_hidden_units": [
      16
    ],
    "mlpsa_hidden_units": [
      128,
      64
    ],
    "init_h_hidden": [
      128
    ],
    "init_p_hidden": [
      32
    ],
    "mlpprop_hidden_units": [
      32,
      16
    ],
    "attention": true,
    "mlpx_dropout": 0.4971969131690391,
    "mlpp_dropout": 0.2131928759583842,
    "mlpsa_dropout": 0.2588591563658299,
    "init_h_dropout": 0.24089298028113382,
    "init_p_dropout": 0.1187612300484922,
    "mlpprop_dropout": 0.06198669771614107,
    "lambda_prop_loss": 0.3606494368872303,
    "max_epochs": 300,
    "lr": 0.00010362742149268283,
    "weight_decay": 3.4568156057315784e-05,
    "lr_scheduler_stepsize": 200,
    "lr_scheduler_gamma": 0.9
  },
  "mean_loss": 0.4328146636486053,
  "mean_ci": 0.6480219304561615,
  "std_ci": 0.012203417082172383,
  "mean_ibs": 0.08726695850491524,
  "std_ibs": 0.0029507537135532395
}