{
  "trial_id": 53,
  "split_seed": 1768340925,
  "config": {
    "n_intervals": 20,
    "train_batch_size": 128,
    "lstm_hidden_length": 32,
    "x_embed_dim": 16,
    "p_embed_dim": 16,
    "mlpx_hidden_units": [
      128,
      64
    ],
    "mlpp_hidden_units": [
      32
    ],
    "mlpsa_hidden_units": [
      128,
      64
    ],
    "init_h_hidden": [
      32
    ],
    "init_p_hidden": [
      64
    ],
    "mlpprop_hidden_units": [
      16,
      8
    ],
    "attention": true,
    "mlpx_dropout": 0.1974175002374297,
    "mlpp_dropout": 0.020734144270167454,
    "mlpsa_dropout": 0.2176655094100397,
    "init_h_dropout": 0.28340652148077305,
    "init_p_dropout": 0.26335846235447896,
    "mlpprop_dropout": 0.3598415086019625,
    "lambda_prop_loss": 0.0265608485186265,
    "max_epochs": 300,
    "lr": 0.001483301762169173,
    "weight_decay": 0.003792603081597219,
    "lr_scheduler_stepsize": 200,
    "lr_scheduler_gamma": 0.1
  },
  "mean_loss": 1.8020927429199218,
  "mean_ci": 0.5610271632671356,
  "std_ci": 0.019482467787574193,
  "mean_ibs": 0.06777047291398049,
  "std_ibs": 0.002435681420475731
}