{
  "trial_id": 10,
  "split_seed": 1768340925,
  "config": {
    "n_intervals": 10,
    "train_batch_size": 512,
    "lstm_hidden_length": 16,
    "x_embed_dim": 64,
    "p_embed_dim": 16,
    "mlpx_hidden_units": [
      32,
      32
    ],
    "mlpp_hidden_units": [
      32
    ],
    "mlpsa_hidden_units": [
      128,
      64
    ],
    "init_h_hidden": [
      128
    ],
    "init_p_hidden": [
      32
    ],
    "mlpprop_hidden_units": [
      32,
      16
    ],
    "attention": true,
    "mlpx_dropout": 0.4996838080182143,
    "mlpp_dropout": 0.15925569110360366,
    "mlpsa_dropout": 0.32418433042801686,
    "init_h_dropout": 0.15797273742193302,
    "init_p_dropout": 0.257328143896918,
    "mlpprop_dropout": 0.2806171843808992,
    "lambda_prop_loss": 0.20660054497668112,
    "max_epochs": 300,
    "lr": 0.00014624484852504392,
    "weight_decay": 2.7335698938149448e-05,
    "lr_scheduler_stepsize": 200,
    "lr_scheduler_gamma": 0.6
  },
  "mean_loss": 0.8391538858413696,
  "mean_ci": 0.6587789595127106,
  "std_ci": 0.016242491034083206,
  "mean_ibs": 0.08923699110746383,
  "std_ibs": 0.004282529420239866
}