{
  "trial_id": 64,
  "split_seed": 1768340925,
  "config": {
    "n_intervals": 5,
    "train_batch_size": 128,
    "lstm_hidden_length": 64,
    "x_embed_dim": 64,
    "p_embed_dim": 16,
    "mlpx_hidden_units": [
      128,
      64
    ],
    "mlpp_hidden_units": [
      16
    ],
    "mlpsa_hidden_units": [
      128,
      64
    ],
    "init_h_hidden": [
      128
    ],
    "init_p_hidden": [
      16
    ],
    "mlpprop_hidden_units": [
      64,
      32
    ],
    "attention": true,
    "mlpx_dropout": 0.07660736091246612,
    "mlpp_dropout": 0.39805366960521343,
    "mlpsa_dropout": 0.41792873717041523,
    "init_h_dropout": 0.22164802007690687,
    "init_p_dropout": 0.4490839137690117,
    "mlpprop_dropout": 0.46274905230806684,
    "lambda_prop_loss": 0.0300672397416063,
    "max_epochs": 300,
    "lr": 0.0004315706773954172,
    "weight_decay": 1.9184176089414005e-06,
    "lr_scheduler_stepsize": 100,
    "lr_scheduler_gamma": 0.3
  },
  "mean_loss": 0.8370105683803558,
  "mean_ci": 0.6384971380233765,
  "std_ci": 0.010728447015689035,
  "mean_ibs": 0.15093575567007064,
  "std_ibs": 0.005283682868831617
}