{
  "trial_id": 58,
  "split_seed": 1768340925,
  "config": {
    "n_intervals": 15,
    "train_batch_size": 512,
    "lstm_hidden_length": 16,
    "x_embed_dim": 16,
    "p_embed_dim": 8,
    "mlpx_hidden_units": [
      32,
      32
    ],
    "mlpp_hidden_units": [
      16
    ],
    "mlpsa_hidden_units": [
      32,
      16
    ],
    "init_h_hidden": [
      64
    ],
    "init_p_hidden": [
      16
    ],
    "mlpprop_hidden_units": [
      16,
      8
    ],
    "attention": true,
    "mlpx_dropout": 0.44794879871306204,
    "mlpp_dropout": 0.23241076490090085,
    "mlpsa_dropout": 0.31988828694181,
    "init_h_dropout": 0.40823818841921017,
    "init_p_dropout": 0.3901124450249027,
    "mlpprop_dropout": 0.08000491670565651,
    "lambda_prop_loss": 0.17315378652260238,
    "max_epochs": 300,
    "lr": 0.00039323163940604684,
    "weight_decay": 0.0027737177355865368,
    "lr_scheduler_stepsize": 100,
    "lr_scheduler_gamma": 0.9
  },
  "mean_loss": 1.2396474361419678,
  "mean_ci": 0.6264908015727997,
  "std_ci": 0.017136615103433943,
  "mean_ibs": 0.07513007968664169,
  "std_ibs": 0.0027446280478837337
}