{
  "trial_id": 65,
  "split_seed": 1768340925,
  "config": {
    "n_intervals": 10,
    "train_batch_size": 256,
    "lstm_hidden_length": 64,
    "x_embed_dim": 64,
    "p_embed_dim": 32,
    "mlpx_hidden_units": [
      32,
      32
    ],
    "mlpp_hidden_units": [
      64
    ],
    "mlpsa_hidden_units": [
      32,
      16
    ],
    "init_h_hidden": [
      64,
      64
    ],
    "init_p_hidden": [
      32
    ],
    "mlpprop_hidden_units": [
      16,
      8
    ],
    "attention": true,
    "mlpx_dropout": 0.33832917909147425,
    "mlpp_dropout": 0.12373167145127378,
    "mlpsa_dropout": 0.3053593720311372,
    "init_h_dropout": 0.4209549752568834,
    "init_p_dropout": 0.4528653168081474,
    "mlpprop_dropout": 0.18816567833287823,
    "lambda_prop_loss": 0.468456152447135,
    "max_epochs": 300,
    "lr": 0.0047639115703272256,
    "weight_decay": 3.0496583814723654e-05,
    "lr_scheduler_stepsize": 100,
    "lr_scheduler_gamma": 0.1
  },
  "mean_loss": 0.20971143245697021,
  "mean_ci": 0.6643451094627381,
  "std_ci": 0.020353425126867084,
  "mean_ibs": 0.09476060569286346,
  "std_ibs": 0.007027629393514402
}