{
  "trial_id": 73,
  "split_seed": 1768340925,
  "config": {
    "n_intervals": 5,
    "train_batch_size": 64,
    "lstm_hidden_length": 64,
    "x_embed_dim": 32,
    "p_embed_dim": 8,
    "mlpx_hidden_units": [
      64,
      32
    ],
    "mlpp_hidden_units": [
      32
    ],
    "mlpsa_hidden_units": [
      64,
      32
    ],
    "init_h_hidden": [
      64
    ],
    "init_p_hidden": [
      32,
      32
    ],
    "mlpprop_hidden_units": [
      16,
      8
    ],
    "attention": true,
    "mlpx_dropout": 0.08113063601379028,
    "mlpp_dropout": 0.19102201599701868,
    "mlpsa_dropout": 0.13398485006668065,
    "init_h_dropout": 0.48453193069211403,
    "init_p_dropout": 0.3615681314169627,
    "mlpprop_dropout": 0.47410726470110587,
    "lambda_prop_loss": 0.9610622654556087,
    "max_epochs": 300,
    "lr": 0.0008852538163911041,
    "weight_decay": 2.0176419038210192e-05,
    "lr_scheduler_stepsize": 50,
    "lr_scheduler_gamma": 0.3
  },
  "mean_loss": -1.5250296592712402,
  "mean_ci": 0.6463482320308686,
  "std_ci": 0.007760269533323438,
  "mean_ibs": 0.153296360373497,
  "std_ibs": 0.005399575420818799
}