{
  "trial_id": 21,
  "split_seed": 1768340925,
  "config": {
    "n_intervals": 15,
    "train_batch_size": 256,
    "lstm_hidden_length": 16,
    "x_embed_dim": 16,
    "p_embed_dim": 8,
    "mlpx_hidden_units": [
      32,
      32
    ],
    "mlpp_hidden_units": [
      64
    ],
    "mlpsa_hidden_units": [
      32,
      16
    ],
    "init_h_hidden": [
      128
    ],
    "init_p_hidden": [
      64
    ],
    "mlpprop_hidden_units": [
      16,
      8
    ],
    "attention": true,
    "mlpx_dropout": 0.39583630451774515,
    "mlpp_dropout": 0.00443015257558993,
    "mlpsa_dropout": 0.263490726930848,
    "init_h_dropout": 0.3697804499519558,
    "init_p_dropout": 0.4596440576868461,
    "mlpprop_dropout": 0.11893677833471217,
    "lambda_prop_loss": 0.8370515290173387,
    "max_epochs": 300,
    "lr": 0.0007666993151964374,
    "weight_decay": 0.0003705462764270488,
    "lr_scheduler_stepsize": 200,
    "lr_scheduler_gamma": 0.9
  },
  "mean_loss": -0.451134181022644,
  "mean_ci": 0.6307979643344879,
  "std_ci": 0.02124806368470705,
  "mean_ibs": 0.07551172003149986,
  "std_ibs": 0.0024703030161871615
}