{
  "trial_id": 18,
  "split_seed": 1768340925,
  "config": {
    "n_intervals": 20,
    "train_batch_size": 512,
    "lstm_hidden_length": 32,
    "x_embed_dim": 32,
    "p_embed_dim": 8,
    "mlpx_hidden_units": [
      128,
      64
    ],
    "mlpp_hidden_units": [
      32
    ],
    "mlpsa_hidden_units": [
      64,
      32
    ],
    "init_h_hidden": [
      64,
      64
    ],
    "init_p_hidden": [
      32
    ],
    "mlpprop_hidden_units": [
      32,
      16
    ],
    "attention": true,
    "mlpx_dropout": 0.14604039424398313,
    "mlpp_dropout": 0.12226429344954803,
    "mlpsa_dropout": 0.473103193460657,
    "init_h_dropout": 0.2748395108487978,
    "init_p_dropout": 0.2658278274112965,
    "mlpprop_dropout": 0.07406370651334937,
    "lambda_prop_loss": 0.3611869826986789,
    "max_epochs": 300,
    "lr": 0.00021501127273125344,
    "weight_decay": 1.0926347430690752e-05,
    "lr_scheduler_stepsize": 200,
    "lr_scheduler_gamma": 0.3
  },
  "mean_loss": 0.9498003184795379,
  "mean_ci": 0.5736081957817077,
  "std_ci": 0.02123977847600194,
  "mean_ibs": 0.06670631915330887,
  "std_ibs": 0.0022827125240728573
}