{
  "trial_id": 78,
  "split_seed": 1768340925,
  "config": {
    "n_intervals": 5,
    "train_batch_size": 256,
    "lstm_hidden_length": 64,
    "x_embed_dim": 32,
    "p_embed_dim": 32,
    "mlpx_hidden_units": [
      32,
      32
    ],
    "mlpp_hidden_units": [
      16
    ],
    "mlpsa_hidden_units": [
      64,
      32
    ],
    "init_h_hidden": [
      128
    ],
    "init_p_hidden": [
      16
    ],
    "mlpprop_hidden_units": [
      32,
      16
    ],
    "attention": true,
    "mlpx_dropout": 0.36838465181747587,
    "mlpp_dropout": 0.41337793972296377,
    "mlpsa_dropout": 0.48678888910740625,
    "init_h_dropout": 0.1678486764831129,
    "init_p_dropout": 0.4107873246680656,
    "mlpprop_dropout": 0.35107955492735415,
    "lambda_prop_loss": 0.13584245268341089,
    "max_epochs": 300,
    "lr": 0.0007430471637735388,
    "weight_decay": 2.9993184502231536e-05,
    "lr_scheduler_stepsize": 100,
    "lr_scheduler_gamma": 0.3
  },
  "mean_loss": 0.5833390533924103,
  "mean_ci": 0.705692982673645,
  "std_ci": 0.011260598969172177,
  "mean_ibs": 0.16019548028707503,
  "std_ibs": 0.008990737761779593
}