{
  "trial_id": 3,
  "split_seed": 1768340925,
  "config": {
    "n_intervals": 10,
    "train_batch_size": 512,
    "lstm_hidden_length": 64,
    "x_embed_dim": 32,
    "p_embed_dim": 32,
    "mlpx_hidden_units": [
      32,
      32
    ],
    "mlpp_hidden_units": [
      64
    ],
    "mlpsa_hidden_units": [
      32,
      16
    ],
    "init_h_hidden": [
      64,
      64
    ],
    "init_p_hidden": [
      16
    ],
    "mlpprop_hidden_units": [
      16,
      8
    ],
    "attention": true,
    "mlpx_dropout": 0.4688831765464084,
    "mlpp_dropout": 0.0748587130196865,
    "mlpsa_dropout": 0.23028649635751647,
    "init_h_dropout": 0.2643307748125599,
    "init_p_dropout": 0.16065324383216262,
    "mlpprop_dropout": 0.23094368338896337,
    "lambda_prop_loss": 0.24384522272325548,
    "max_epochs": 300,
    "lr": 4.986411529099901e-05,
    "weight_decay": 2.2480979553305204e-05,
    "lr_scheduler_stepsize": 200,
    "lr_scheduler_gamma": 0.3
  },
  "mean_loss": 0.8398633062839508,
  "mean_ci": 0.5573889702558518,
  "std_ci": 0.07246576610617447,
  "mean_ibs": 0.09171327576041222,
  "std_ibs": 0.006389013283667329
}