{
  "trial_id": 81,
  "split_seed": 1768340925,
  "config": {
    "n_intervals": 15,
    "train_batch_size": 512,
    "lstm_hidden_length": 64,
    "x_embed_dim": 32,
    "p_embed_dim": 8,
    "mlpx_hidden_units": [
      64,
      32
    ],
    "mlpp_hidden_units": [
      16
    ],
    "mlpsa_hidden_units": [
      128,
      64
    ],
    "init_h_hidden": [
      64
    ],
    "init_p_hidden": [
      64
    ],
    "mlpprop_hidden_units": [
      32,
      16
    ],
    "attention": true,
    "mlpx_dropout": 0.04131615086900703,
    "mlpp_dropout": 0.42188292519447096,
    "mlpsa_dropout": 0.3920585569461247,
    "init_h_dropout": 0.018645943424974498,
    "init_p_dropout": 0.23939318723810377,
    "mlpprop_dropout": 0.17476740638099592,
    "lambda_prop_loss": 0.36341858847439623,
    "max_epochs": 300,
    "lr": 0.006325754948794532,
    "weight_decay": 8.795866034421437e-05,
    "lr_scheduler_stepsize": 50,
    "lr_scheduler_gamma": 0.3
  },
  "mean_loss": 0.8295786857604981,
  "mean_ci": 0.5564665198326111,
  "std_ci": 0.019797320854957546,
  "mean_ibs": 0.0808659978210926,
  "std_ibs": 0.004059656292567653
}