{
  "trial_id": 29,
  "split_seed": 1768340925,
  "config": {
    "n_intervals": 10,
    "train_batch_size": 128,
    "lstm_hidden_length": 32,
    "x_embed_dim": 64,
    "p_embed_dim": 16,
    "mlpx_hidden_units": [
      32,
      32
    ],
    "mlpp_hidden_units": [
      16
    ],
    "mlpsa_hidden_units": [
      64,
      32
    ],
    "init_h_hidden": [
      32
    ],
    "init_p_hidden": [
      64
    ],
    "mlpprop_hidden_units": [
      16,
      8
    ],
    "attention": true,
    "mlpx_dropout": 0.45110627209434834,
    "mlpp_dropout": 0.4341083503138203,
    "mlpsa_dropout": 0.04737802203350555,
    "init_h_dropout": 0.14344488186290716,
    "init_p_dropout": 0.21166473886318832,
    "mlpprop_dropout": 0.16485378641481296,
    "lambda_prop_loss": 0.2151522220682488,
    "max_epochs": 300,
    "lr": 0.0001930456686269729,
    "weight_decay": 5.5382395785878313e-05,
    "lr_scheduler_stepsize": 100,
    "lr_scheduler_gamma": 0.1
  },
  "mean_loss": 0.7940899133682251,
  "mean_ci": 0.6400729119777679,
  "std_ci": 0.01832457835376477,
  "mean_ibs": 0.08594884797930717,
  "std_ibs": 0.0030395215352984114
}