{
  "trial_id": 46,
  "split_seed": 1768241839,
  "config": {
    "n_intervals": 10,
    "train_batch_size": 128,
    "lstm_hidden_length": 64,
    "x_embed_dim": 32,
    "p_embed_dim": 16,
    "mlpx_hidden_units": [
      32,
      32
    ],
    "mlpp_hidden_units": [
      16
    ],
    "mlpsa_hidden_units": [
      32,
      16
    ],
    "init_h_hidden": [
      64
    ],
    "init_p_hidden": [
      32
    ],
    "mlpprop_hidden_units": [
      64,
      32
    ],
    "attention": true,
    "mlpx_dropout": 0.2556415832801372,
    "mlpp_dropout": 0.19395093673781388,
    "mlpsa_dropout": 0.22717020338343225,
    "init_h_dropout": 0.003528461057529797,
    "init_p_dropout": 0.22016612729125346,
    "mlpprop_dropout": 0.06094327091394841,
    "lambda_prop_loss": 0.9652746670269136,
    "max_epochs": 300,
    "lr": 1.2896857463386691e-05,
    "weight_decay": 0.00010764327672258885,
    "lr_scheduler_stepsize": 100,
    "lr_scheduler_gamma": 0.6
  },
  "mean_loss": -1.0423129081726075,
  "mean_ci": 0.6169411540031433,
  "std_ci": 0.015279393951708117,
  "mean_ibs": 0.08898075819015502,
  "std_ibs": 0.0018383635996337996
}