{
  "trial_id": 40,
  "split_seed": 1768241839,
  "config": {
    "n_intervals": 15,
    "train_batch_size": 256,
    "lstm_hidden_length": 32,
    "x_embed_dim": 16,
    "p_embed_dim": 32,
    "mlpx_hidden_units": [
      32,
      32
    ],
    "mlpp_hidden_units": [
      16
    ],
    "mlpsa_hidden_units": [
      32,
      16
    ],
    "init_h_hidden": [
      64,
      64
    ],
    "init_p_hidden": [
      32
    ],
    "mlpprop_hidden_units": [
      16,
      8
    ],
    "attention": true,
    "mlpx_dropout": 0.3825116334142203,
    "mlpp_dropout": 0.33763760545923605,
    "mlpsa_dropout": 0.01549990159065312,
    "init_h_dropout": 0.3942233195497446,
    "init_p_dropout": 0.34704330860034455,
    "mlpprop_dropout": 0.03885683138371221,
    "lambda_prop_loss": 0.9003135180757085,
    "max_epochs": 300,
    "lr": 2.579884261964729e-05,
    "weight_decay": 1.3303655211445218e-06,
    "lr_scheduler_stepsize": 200,
    "lr_scheduler_gamma": 0.9
  },
  "mean_loss": -0.6352885842323304,
  "mean_ci": 0.6038058161735534,
  "std_ci": 0.006927542020496282,
  "mean_ibs": 0.07272913306951523,
  "std_ibs": 0.0015435401234025203
}