{
  "trial_id": 37,
  "split_seed": 1768241839,
  "config": {
    "n_intervals": 20,
    "train_batch_size": 128,
    "lstm_hidden_length": 16,
    "x_embed_dim": 64,
    "p_embed_dim": 16,
    "mlpx_hidden_units": [
      32,
      32
    ],
    "mlpp_hidden_units": [
      16
    ],
    "mlpsa_hidden_units": [
      32,
      16
    ],
    "init_h_hidden": [
      32
    ],
    "init_p_hidden": [
      32
    ],
    "mlpprop_hidden_units": [
      16,
      8
    ],
    "attention": true,
    "mlpx_dropout": 0.07669206288668323,
    "mlpp_dropout": 0.23483668532913454,
    "mlpsa_dropout": 0.45668486007537323,
    "init_h_dropout": 0.19606989520443058,
    "init_p_dropout": 0.03740019823140034,
    "mlpprop_dropout": 0.2394823264225731,
    "lambda_prop_loss": 0.2142277553989126,
    "max_epochs": 300,
    "lr": 0.00019054625266944398,
    "weight_decay": 1.197635664315207e-05,
    "lr_scheduler_stepsize": 100,
    "lr_scheduler_gamma": 0.3
  },
  "mean_loss": 1.314261531829834,
  "mean_ci": 0.5882217526435852,
  "std_ci": 0.00831461230063738,
  "mean_ibs": 0.06629870682954789,
  "std_ibs": 0.0014058725356338236
}