{
  "trial_id": 23,
  "split_seed": 1768241839,
  "config": {
    "n_intervals": 15,
    "train_batch_size": 128,
    "lstm_hidden_length": 64,
    "x_embed_dim": 64,
    "p_embed_dim": 16,
    "mlpx_hidden_units": [
      64,
      32
    ],
    "mlpp_hidden_units": [
      64
    ],
    "mlpsa_hidden_units": [
      128,
      64
    ],
    "init_h_hidden": [
      128
    ],
    "init_p_hidden": [
      32,
      32
    ],
    "mlpprop_hidden_units": [
      16,
      8
    ],
    "attention": true,
    "mlpx_dropout": 0.050379843639577315,
    "mlpp_dropout": 0.45185350102101596,
    "mlpsa_dropout": 0.24772841413420188,
    "init_h_dropout": 0.37653430386573644,
    "init_p_dropout": 0.25590131940122507,
    "mlpprop_dropout": 0.23003779454353135,
    "lambda_prop_loss": 0.1945756036472045,
    "max_epochs": 300,
    "lr": 2.389399197714788e-05,
    "weight_decay": 0.0032323566568422074,
    "lr_scheduler_stepsize": 100,
    "lr_scheduler_gamma": 0.9
  },
  "mean_loss": 1.1327722311019897,
  "mean_ci": 0.5939469933509827,
  "std_ci": 0.0078538339127041,
  "mean_ibs": 0.06955750435590743,
  "std_ibs": 0.0018616744416903904
}