{
  "trial_id": 30,
  "split_seed": 1768241839,
  "config": {
    "n_intervals": 15,
    "train_batch_size": 256,
    "lstm_hidden_length": 32,
    "x_embed_dim": 64,
    "p_embed_dim": 8,
    "mlpx_hidden_units": [
      128,
      64
    ],
    "mlpp_hidden_units": [
      16
    ],
    "mlpsa_hidden_units": [
      128,
      64
    ],
    "init_h_hidden": [
      128
    ],
    "init_p_hidden": [
      16
    ],
    "mlpprop_hidden_units": [
      32,
      16
    ],
    "attention": true,
    "mlpx_dropout": 0.14673125909699858,
    "mlpp_dropout": 0.4895742753711135,
    "mlpsa_dropout": 0.23911750563168538,
    "init_h_dropout": 0.32586331117094525,
    "init_p_dropout": 0.15830416315137913,
    "mlpprop_dropout": 0.3584355763092022,
    "lambda_prop_loss": 0.7308060071662074,
    "max_epochs": 300,
    "lr": 0.00013665943072131196,
    "weight_decay": 0.005055351980812785,
    "lr_scheduler_stepsize": 50,
    "lr_scheduler_gamma": 0.3
  },
  "mean_loss": -0.23012855052947997,
  "mean_ci": 0.5856871247291565,
  "std_ci": 0.02020701222324567,
  "mean_ibs": 0.06880329996347427,
  "std_ibs": 0.0016675346041159734
}