{
  "trial_id": 33,
  "split_seed": 1768241839,
  "config": {
    "n_intervals": 20,
    "train_batch_size": 128,
    "lstm_hidden_length": 16,
    "x_embed_dim": 32,
    "p_embed_dim": 32,
    "mlpx_hidden_units": [
      64,
      32
    ],
    "mlpp_hidden_units": [
      32
    ],
    "mlpsa_hidden_units": [
      128,
      64
    ],
    "init_h_hidden": [
      128
    ],
    "init_p_hidden": [
      64
    ],
    "mlpprop_hidden_units": [
      64,
      32
    ],
    "attention": true,
    "mlpx_dropout": 0.09984492030112702,
    "mlpp_dropout": 0.42194781543698534,
    "mlpsa_dropout": 0.06952015542914308,
    "init_h_dropout": 0.1371719733594446,
    "init_p_dropout": 0.04981643681165754,
    "mlpprop_dropout": 0.46608840035733323,
    "lambda_prop_loss": 0.17004587081404798,
    "max_epochs": 300,
    "lr": 1.2773651510310043e-05,
    "weight_decay": 3.8637768117195726e-05,
    "lr_scheduler_stepsize": 100,
    "lr_scheduler_gamma": 0.6
  },
  "mean_loss": 1.440609908103943,
  "mean_ci": 0.601242458820343,
  "std_ci": 0.014646584400672067,
  "mean_ibs": 0.0683800607919693,
  "std_ibs": 0.001622113353766564
}