{
  "trial_id": 41,
  "split_seed": 1768241839,
  "config": {
    "n_intervals": 15,
    "train_batch_size": 256,
    "lstm_hidden_length": 64,
    "x_embed_dim": 64,
    "p_embed_dim": 32,
    "mlpx_hidden_units": [
      32,
      32
    ],
    "mlpp_hidden_units": [
      32
    ],
    "mlpsa_hidden_units": [
      64,
      32
    ],
    "init_h_hidden": [
      128
    ],
    "init_p_hidden": [
      16
    ],
    "mlpprop_hidden_units": [
      32,
      16
    ],
    "attention": true,
    "mlpx_dropout": 0.1658486572075134,
    "mlpp_dropout": 0.39227226888112965,
    "mlpsa_dropout": 0.2660459636621761,
    "init_h_dropout": 0.25444476629865465,
    "init_p_dropout": 0.341625003513747,
    "mlpprop_dropout": 0.03801942546768239,
    "lambda_prop_loss": 0.13074450593423903,
    "max_epochs": 300,
    "lr": 5.217277946914048e-05,
    "weight_decay": 1.8467301610289949e-06,
    "lr_scheduler_stepsize": 50,
    "lr_scheduler_gamma": 0.9
  },
  "mean_loss": 1.2923540830612184,
  "mean_ci": 0.6023185610771179,
  "std_ci": 0.009627656315961488,
  "mean_ibs": 0.06924827098846435,
  "std_ibs": 0.0008928430825721536
}