{
  "trial_id": 51,
  "split_seed": 1768241839,
  "config": {
    "n_intervals": 10,
    "train_batch_size": 512,
    "lstm_hidden_length": 64,
    "x_embed_dim": 64,
    "p_embed_dim": 32,
    "mlpx_hidden_units": [
      32,
      32
    ],
    "mlpp_hidden_units": [
      64
    ],
    "mlpsa_hidden_units": [
      64,
      32
    ],
    "init_h_hidden": [
      128
    ],
    "init_p_hidden": [
      32
    ],
    "mlpprop_hidden_units": [
      64,
      32
    ],
    "attention": true,
    "mlpx_dropout": 0.19000641305149119,
    "mlpp_dropout": 0.36581126644643347,
    "mlpsa_dropout": 0.10942527088532572,
    "init_h_dropout": 0.16767577315319981,
    "init_p_dropout": 0.3570956948351257,
    "mlpprop_dropout": 0.24816950001447913,
    "lambda_prop_loss": 0.16164017935573838,
    "max_epochs": 300,
    "lr": 3.0582309030567134e-05,
    "weight_decay": 4.7277216074404986e-05,
    "lr_scheduler_stepsize": 100,
    "lr_scheduler_gamma": 0.3
  },
  "mean_loss": 0.9924268007278443,
  "mean_ci": 0.6347505450248718,
  "std_ci": 0.022662375914461127,
  "mean_ibs": 0.0912672221660614,
  "std_ibs": 0.001807588436847736
}