{
  "trial_id": 19,
  "split_seed": 1768241839,
  "config": {
    "n_intervals": 10,
    "train_batch_size": 256,
    "lstm_hidden_length": 16,
    "x_embed_dim": 64,
    "p_embed_dim": 16,
    "mlpx_hidden_units": [
      64,
      32
    ],
    "mlpp_hidden_units": [
      16
    ],
    "mlpsa_hidden_units": [
      32,
      16
    ],
    "init_h_hidden": [
      64,
      64
    ],
    "init_p_hidden": [
      32
    ],
    "mlpprop_hidden_units": [
      32,
      16
    ],
    "attention": true,
    "mlpx_dropout": 0.2603497276170472,
    "mlpp_dropout": 0.3802451107938488,
    "mlpsa_dropout": 0.13134522436870022,
    "init_h_dropout": 0.030699062755597084,
    "init_p_dropout": 0.13582426600900782,
    "mlpprop_dropout": 0.4850933442915163,
    "lambda_prop_loss": 0.7439763074132189,
    "max_epochs": 300,
    "lr": 7.02370697898385e-05,
    "weight_decay": 1.780772448269627e-05,
    "lr_scheduler_stepsize": 50,
    "lr_scheduler_gamma": 0.9
  },
  "mean_loss": -0.5436517477035523,
  "mean_ci": 0.6452154040336608,
  "std_ci": 0.0075159279249874455,
  "mean_ibs": 0.08577326983213425,
  "std_ibs": 0.0015095518429674192
}