{
  "trial_id": 47,
  "split_seed": 1768241839,
  "config": {
    "n_intervals": 5,
    "train_batch_size": 512,
    "lstm_hidden_length": 16,
    "x_embed_dim": 16,
    "p_embed_dim": 16,
    "mlpx_hidden_units": [
      32,
      32
    ],
    "mlpp_hidden_units": [
      64
    ],
    "mlpsa_hidden_units": [
      32,
      16
    ],
    "init_h_hidden": [
      32
    ],
    "init_p_hidden": [
      32
    ],
    "mlpprop_hidden_units": [
      32,
      16
    ],
    "attention": true,
    "mlpx_dropout": 0.2639086078507923,
    "mlpp_dropout": 0.49854896966957485,
    "mlpsa_dropout": 0.2201902164844552,
    "init_h_dropout": 0.3663686322498017,
    "init_p_dropout": 0.08388230547784609,
    "mlpprop_dropout": 0.14107321084731422,
    "lambda_prop_loss": 0.6340602888678497,
    "max_epochs": 300,
    "lr": 0.0003910457763982089,
    "weight_decay": 1.6683804770883627e-05,
    "lr_scheduler_stepsize": 200,
    "lr_scheduler_gamma": 0.6
  },
  "mean_loss": -0.6364746212959289,
  "mean_ci": 0.7074941992759705,
  "std_ci": 0.008499436331384787,
  "mean_ibs": 0.174168860912323,
  "std_ibs": 0.006371531942713696
}