{
  "trial_id": 8,
  "split_seed": 1768241839,
  "config": {
    "n_intervals": 5,
    "train_batch_size": 256,
    "lstm_hidden_length": 32,
    "x_embed_dim": 32,
    "p_embed_dim": 16,
    "mlpx_hidden_units": [
      64,
      32
    ],
    "mlpp_hidden_units": [
      32
    ],
    "mlpsa_hidden_units": [
      64,
      32
    ],
    "init_h_hidden": [
      64,
      64
    ],
    "init_p_hidden": [
      64
    ],
    "mlpprop_hidden_units": [
      16,
      8
    ],
    "attention": true,
    "mlpx_dropout": 0.1467833160752421,
    "mlpp_dropout": 0.13024837538488404,
    "mlpsa_dropout": 0.2535638396488265,
    "init_h_dropout": 0.3911414907117867,
    "init_p_dropout": 0.014374253221500821,
    "mlpprop_dropout": 0.023938250815481954,
    "lambda_prop_loss": 0.45287886194408555,
    "max_epochs": 300,
    "lr": 0.0002181848372539997,
    "weight_decay": 5.757524134517727e-05,
    "lr_scheduler_stepsize": 100,
    "lr_scheduler_gamma": 0.3
  },
  "mean_loss": -0.24979385137557983,
  "mean_ci": 0.6874911189079285,
  "std_ci": 0.007829622266629947,
  "mean_ibs": 0.15912220776081085,
  "std_ibs": 0.0031611167972214185
}