{
  "trial_id": 50,
  "split_seed": 1768241839,
  "config": {
    "n_intervals": 20,
    "train_batch_size": 256,
    "lstm_hidden_length": 16,
    "x_embed_dim": 64,
    "p_embed_dim": 16,
    "mlpx_hidden_units": [
      64,
      32
    ],
    "mlpp_hidden_units": [
      16
    ],
    "mlpsa_hidden_units": [
      32,
      16
    ],
    "init_h_hidden": [
      64,
      64
    ],
    "init_p_hidden": [
      16
    ],
    "mlpprop_hidden_units": [
      32,
      16
    ],
    "attention": true,
    "mlpx_dropout": 0.269235710666074,
    "mlpp_dropout": 0.33178969321447804,
    "mlpsa_dropout": 0.057568356488509165,
    "init_h_dropout": 0.14825613356347828,
    "init_p_dropout": 0.34639951776706496,
    "mlpprop_dropout": 0.36111168309416697,
    "lambda_prop_loss": 0.2055516618149028,
    "max_epochs": 300,
    "lr": 0.007691508498073337,
    "weight_decay": 1.1106858369030053e-05,
    "lr_scheduler_stepsize": 200,
    "lr_scheduler_gamma": 0.1
  },
  "mean_loss": 1.5026355266571045,
  "mean_ci": 0.5935216784477234,
  "std_ci": 0.014204485506813072,
  "mean_ibs": 0.08108088225126267,
  "std_ibs": 0.004566848429148452
}