{
  "trial_id": 24,
  "split_seed": 1768241839,
  "config": {
    "n_intervals": 15,
    "train_batch_size": 512,
    "lstm_hidden_length": 64,
    "x_embed_dim": 32,
    "p_embed_dim": 32,
    "mlpx_hidden_units": [
      128,
      64
    ],
    "mlpp_hidden_units": [
      32
    ],
    "mlpsa_hidden_units": [
      64,
      32
    ],
    "init_h_hidden": [
      32
    ],
    "init_p_hidden": [
      16
    ],
    "mlpprop_hidden_units": [
      32,
      16
    ],
    "attention": true,
    "mlpx_dropout": 0.2555793954028739,
    "mlpp_dropout": 0.029984104410981205,
    "mlpsa_dropout": 0.09564115578934573,
    "init_h_dropout": 0.08600839888097295,
    "init_p_dropout": 0.38777218244218026,
    "mlpprop_dropout": 0.011197419175604462,
    "lambda_prop_loss": 0.30205316969641505,
    "max_epochs": 300,
    "lr": 0.0029355860560261737,
    "weight_decay": 2.6804291180798297e-05,
    "lr_scheduler_stepsize": 100,
    "lr_scheduler_gamma": 0.6
  },
  "mean_loss": 1.0958969354629517,
  "mean_ci": 0.5184271693229675,
  "std_ci": 0.016259341071315905,
  "mean_ibs": 0.08112255483865738,
  "std_ibs": 0.002442656505615892
}