{
  "trial_id": 17,
  "split_seed": 1768241839,
  "config": {
    "n_intervals": 20,
    "train_batch_size": 128,
    "lstm_hidden_length": 16,
    "x_embed_dim": 16,
    "p_embed_dim": 32,
    "mlpx_hidden_units": [
      32,
      32
    ],
    "mlpp_hidden_units": [
      32
    ],
    "mlpsa_hidden_units": [
      128,
      64
    ],
    "init_h_hidden": [
      32
    ],
    "init_p_hidden": [
      32
    ],
    "mlpprop_hidden_units": [
      64,
      32
    ],
    "attention": true,
    "mlpx_dropout": 0.07544589862326428,
    "mlpp_dropout": 0.3501512896933982,
    "mlpsa_dropout": 0.2189613221702289,
    "init_h_dropout": 0.25625768061105664,
    "init_p_dropout": 0.413566783186436,
    "mlpprop_dropout": 0.07586765920843536,
    "lambda_prop_loss": 0.2165621427124873,
    "max_epochs": 300,
    "lr": 0.0020116463395336067,
    "weight_decay": 0.0011184447821827267,
    "lr_scheduler_stepsize": 100,
    "lr_scheduler_gamma": 0.9
  },
  "mean_loss": 1.4522530794143678,
  "mean_ci": 0.5294186115264893,
  "std_ci": 0.01322267354933431,
  "mean_ibs": 0.07636720538139344,
  "std_ibs": 0.0012997367206881753
}