{
  "trial_id": 1,
  "split_seed": 1768241839,
  "config": {
    "n_intervals": 10,
    "train_batch_size": 128,
    "lstm_hidden_length": 16,
    "x_embed_dim": 16,
    "p_embed_dim": 32,
    "mlpx_hidden_units": [
      32,
      32
    ],
    "mlpp_hidden_units": [
      16
    ],
    "mlpsa_hidden_units": [
      32,
      16
    ],
    "init_h_hidden": [
      64
    ],
    "init_p_hidden": [
      32
    ],
    "mlpprop_hidden_units": [
      32,
      16
    ],
    "attention": true,
    "mlpx_dropout": 0.21870718267814415,
    "mlpp_dropout": 0.1287360753283504,
    "mlpsa_dropout": 0.007659591915998187,
    "init_h_dropout": 0.06458865267129676,
    "init_p_dropout": 0.20711213292114572,
    "mlpprop_dropout": 0.23209281348772492,
    "lambda_prop_loss": 0.8034749839205285,
    "max_epochs": 300,
    "lr": 0.008534606315485032,
    "weight_decay": 1.7257430183528242e-06,
    "lr_scheduler_stepsize": 200,
    "lr_scheduler_gamma": 0.1
  },
  "mean_loss": -0.6078120827674866,
  "mean_ci": 0.5842277050018311,
  "std_ci": 0.024850876306429032,
  "mean_ibs": 0.09361157417297364,
  "std_ibs": 0.006123411880450905
}