{
  "trial_id": 35,
  "split_seed": 1768241839,
  "config": {
    "n_intervals": 5,
    "train_batch_size": 256,
    "lstm_hidden_length": 32,
    "x_embed_dim": 32,
    "p_embed_dim": 16,
    "mlpx_hidden_units": [
      32,
      32
    ],
    "mlpp_hidden_units": [
      64
    ],
    "mlpsa_hidden_units": [
      128,
      64
    ],
    "init_h_hidden": [
      128
    ],
    "init_p_hidden": [
      32,
      32
    ],
    "mlpprop_hidden_units": [
      16,
      8
    ],
    "attention": true,
    "mlpx_dropout": 0.2953289692974672,
    "mlpp_dropout": 0.38590891527538534,
    "mlpsa_dropout": 0.3786025599514929,
    "init_h_dropout": 0.001243994782351765,
    "init_p_dropout": 0.492675078631661,
    "mlpprop_dropout": 0.354872489858259,
    "lambda_prop_loss": 0.8662128301740635,
    "max_epochs": 300,
    "lr": 0.00016457263221882995,
    "weight_decay": 0.003938570080916122,
    "lr_scheduler_stepsize": 200,
    "lr_scheduler_gamma": 0.6
  },
  "mean_loss": -1.2238314390182494,
  "mean_ci": 0.6850631833076477,
  "std_ci": 0.010497917700779433,
  "mean_ibs": 0.17271753251552582,
  "std_ibs": 0.0026717521207853404
}