{
  "trial_id": 54,
  "split_seed": 1768241839,
  "config": {
    "n_intervals": 20,
    "train_batch_size": 128,
    "lstm_hidden_length": 64,
    "x_embed_dim": 32,
    "p_embed_dim": 32,
    "mlpx_hidden_units": [
      64,
      32
    ],
    "mlpp_hidden_units": [
      16
    ],
    "mlpsa_hidden_units": [
      64,
      32
    ],
    "init_h_hidden": [
      32
    ],
    "init_p_hidden": [
      32,
      32
    ],
    "mlpprop_hidden_units": [
      16,
      8
    ],
    "attention": true,
    "mlpx_dropout": 0.13852898393920154,
    "mlpp_dropout": 0.02715448813536525,
    "mlpsa_dropout": 0.04410879735694989,
    "init_h_dropout": 0.26585651136877153,
    "init_p_dropout": 0.3938576152583749,
    "mlpprop_dropout": 0.3139206400993348,
    "lambda_prop_loss": 0.2995318648465759,
    "max_epochs": 300,
    "lr": 0.001068846928121805,
    "weight_decay": 0.00032974742215893604,
    "lr_scheduler_stepsize": 100,
    "lr_scheduler_gamma": 0.9
  },
  "mean_loss": 1.3206393480300904,
  "mean_ci": 0.5263301730155945,
  "std_ci": 0.017761164419134185,
  "mean_ibs": 0.07432892918586731,
  "std_ibs": 0.002255505950899333
}