{
  "trial_id": 56,
  "split_seed": 1768241839,
  "config": {
    "n_intervals": 15,
    "train_batch_size": 512,
    "lstm_hidden_length": 64,
    "x_embed_dim": 16,
    "p_embed_dim": 32,
    "mlpx_hidden_units": [
      32,
      32
    ],
    "mlpp_hidden_units": [
      32
    ],
    "mlpsa_hidden_units": [
      32,
      16
    ],
    "init_h_hidden": [
      64
    ],
    "init_p_hidden": [
      16
    ],
    "mlpprop_hidden_units": [
      32,
      16
    ],
    "attention": true,
    "mlpx_dropout": 0.20471447873530635,
    "mlpp_dropout": 0.13295107599380712,
    "mlpsa_dropout": 0.2308993256838991,
    "init_h_dropout": 0.32349250991167955,
    "init_p_dropout": 0.45078614511176807,
    "mlpprop_dropout": 0.22350451502340357,
    "lambda_prop_loss": 0.2451881502421015,
    "max_epochs": 300,
    "lr": 4.8767723912760665e-05,
    "weight_decay": 0.005497629443625648,
    "lr_scheduler_stepsize": 200,
    "lr_scheduler_gamma": 0.9
  },
  "mean_loss": 1.027024745941162,
  "mean_ci": 0.6107373356819152,
  "std_ci": 0.006071407150936087,
  "mean_ibs": 0.07192387133836746,
  "std_ibs": 0.001816553254030421
}