{
  "trial_id": 52,
  "split_seed": 1768241839,
  "config": {
    "n_intervals": 10,
    "train_batch_size": 128,
    "lstm_hidden_length": 16,
    "x_embed_dim": 16,
    "p_embed_dim": 16,
    "mlpx_hidden_units": [
      32,
      32
    ],
    "mlpp_hidden_units": [
      32
    ],
    "mlpsa_hidden_units": [
      32,
      16
    ],
    "init_h_hidden": [
      32
    ],
    "init_p_hidden": [
      32
    ],
    "mlpprop_hidden_units": [
      32,
      16
    ],
    "attention": true,
    "mlpx_dropout": 0.4105617496197958,
    "mlpp_dropout": 0.31163836802654254,
    "mlpsa_dropout": 0.3074445405398002,
    "init_h_dropout": 0.008608316763297152,
    "init_p_dropout": 0.10471165363732032,
    "mlpprop_dropout": 0.1362426310919298,
    "lambda_prop_loss": 0.1306643093153711,
    "max_epochs": 300,
    "lr": 2.148117174988124e-05,
    "weight_decay": 0.001043934056359744,
    "lr_scheduler_stepsize": 200,
    "lr_scheduler_gamma": 0.9
  },
  "mean_loss": 1.0210046172142029,
  "mean_ci": 0.6511205911636353,
  "std_ci": 0.015193190703658696,
  "mean_ibs": 0.08408422172069549,
  "std_ibs": 0.004976158578531881
}