{
  "trial_id": 28,
  "split_seed": 1768241839,
  "config": {
    "n_intervals": 20,
    "train_batch_size": 512,
    "lstm_hidden_length": 32,
    "x_embed_dim": 16,
    "p_embed_dim": 16,
    "mlpx_hidden_units": [
      128,
      64
    ],
    "mlpp_hidden_units": [
      16
    ],
    "mlpsa_hidden_units": [
      64,
      32
    ],
    "init_h_hidden": [
      64,
      64
    ],
    "init_p_hidden": [
      32,
      32
    ],
    "mlpprop_hidden_units": [
      32,
      16
    ],
    "attention": true,
    "mlpx_dropout": 0.44751025718479226,
    "mlpp_dropout": 0.015324249168839343,
    "mlpsa_dropout": 0.2112697555077645,
    "init_h_dropout": 0.3771239990790409,
    "init_p_dropout": 0.33555034519334814,
    "mlpprop_dropout": 0.19133850364325683,
    "lambda_prop_loss": 0.8663318465357455,
    "max_epochs": 300,
    "lr": 1.6442408280381653e-05,
    "weight_decay": 0.00022540284860423802,
    "lr_scheduler_stepsize": 50,
    "lr_scheduler_gamma": 0.9
  },
  "mean_loss": 0.00029263496398925783,
  "mean_ci": 0.43646958470344543,
  "std_ci": 0.045449946576560624,
  "mean_ibs": 0.08559981137514114,
  "std_ibs": 0.0017411965828463337
}