{
  "trial_id": 53,
  "split_seed": 1768241839,
  "config": {
    "n_intervals": 10,
    "train_batch_size": 256,
    "lstm_hidden_length": 64,
    "x_embed_dim": 64,
    "p_embed_dim": 32,
    "mlpx_hidden_units": [
      64,
      32
    ],
    "mlpp_hidden_units": [
      32
    ],
    "mlpsa_hidden_units": [
      64,
      32
    ],
    "init_h_hidden": [
      64,
      64
    ],
    "init_p_hidden": [
      64
    ],
    "mlpprop_hidden_units": [
      16,
      8
    ],
    "attention": true,
    "mlpx_dropout": 0.3228395475204207,
    "mlpp_dropout": 0.03772509814067354,
    "mlpsa_dropout": 0.3441764555543896,
    "init_h_dropout": 0.09905328144116576,
    "init_p_dropout": 0.048376019943748405,
    "mlpprop_dropout": 0.28759978907559514,
    "lambda_prop_loss": 0.08329342433156794,
    "max_epochs": 300,
    "lr": 0.00011434315791870571,
    "weight_decay": 1.8308667606602953e-05,
    "lr_scheduler_stepsize": 200,
    "lr_scheduler_gamma": 0.6
  },
  "mean_loss": 1.1608737230300903,
  "mean_ci": 0.6632184386253357,
  "std_ci": 0.012211195391195894,
  "mean_ibs": 0.09147569835186005,
  "std_ibs": 0.001591458088008047
}