{
  "trial_id": 3,
  "split_seed": 1768241839,
  "config": {
    "n_intervals": 15,
    "train_batch_size": 512,
    "lstm_hidden_length": 64,
    "x_embed_dim": 64,
    "p_embed_dim": 16,
    "mlpx_hidden_units": [
      64,
      32
    ],
    "mlpp_hidden_units": [
      64
    ],
    "mlpsa_hidden_units": [
      64,
      32
    ],
    "init_h_hidden": [
      128
    ],
    "init_p_hidden": [
      32,
      32
    ],
    "mlpprop_hidden_units": [
      64,
      32
    ],
    "attention": true,
    "mlpx_dropout": 0.3663456865601341,
    "mlpp_dropout": 0.45281514289876934,
    "mlpsa_dropout": 0.076027689663489,
    "init_h_dropout": 0.3504287218682386,
    "init_p_dropout": 0.28030078425010263,
    "mlpprop_dropout": 0.4811908858957255,
    "lambda_prop_loss": 0.4520222471476001,
    "max_epochs": 300,
    "lr": 0.00023710375290203503,
    "weight_decay": 0.001375318463702541,
    "lr_scheduler_stepsize": 100,
    "lr_scheduler_gamma": 0.6
  },
  "mean_loss": 0.4899815320968628,
  "mean_ci": 0.5957200288772583,
  "std_ci": 0.009541996060297602,
  "mean_ibs": 0.07003409415483475,
  "std_ibs": 0.0015929013854821912
}