{
  "trial_id": 42,
  "split_seed": 1768241839,
  "config": {
    "n_intervals": 15,
    "train_batch_size": 64,
    "lstm_hidden_length": 32,
    "x_embed_dim": 32,
    "p_embed_dim": 8,
    "mlpx_hidden_units": [
      32,
      32
    ],
    "mlpp_hidden_units": [
      32
    ],
    "mlpsa_hidden_units": [
      128,
      64
    ],
    "init_h_hidden": [
      128
    ],
    "init_p_hidden": [
      16
    ],
    "mlpprop_hidden_units": [
      16,
      8
    ],
    "attention": true,
    "mlpx_dropout": 0.0573349623678544,
    "mlpp_dropout": 0.3072783739217999,
    "mlpsa_dropout": 0.16756588308108428,
    "init_h_dropout": 0.2475518184892489,
    "init_p_dropout": 0.1594749214549271,
    "mlpprop_dropout": 0.24330146512340095,
    "lambda_prop_loss": 0.3362212496509942,
    "max_epochs": 300,
    "lr": 0.00015572704691883268,
    "weight_decay": 0.0010933019930468562,
    "lr_scheduler_stepsize": 50,
    "lr_scheduler_gamma": 0.9
  },
  "mean_loss": 0.822152030467987,
  "mean_ci": 0.5831526160240174,
  "std_ci": 0.01201932306175472,
  "mean_ibs": 0.07386315017938613,
  "std_ibs": 0.0009015510168914833
}