{
  "trial_id": 14,
  "split_seed": 1768241839,
  "config": {
    "n_intervals": 20,
    "train_batch_size": 512,
    "lstm_hidden_length": 32,
    "x_embed_dim": 32,
    "p_embed_dim": 16,
    "mlpx_hidden_units": [
      64,
      32
    ],
    "mlpp_hidden_units": [
      32
    ],
    "mlpsa_hidden_units": [
      64,
      32
    ],
    "init_h_hidden": [
      32
    ],
    "init_p_hidden": [
      32,
      32
    ],
    "mlpprop_hidden_units": [
      32,
      16
    ],
    "attention": true,
    "mlpx_dropout": 0.3988807225501693,
    "mlpp_dropout": 0.45719925629715163,
    "mlpsa_dropout": 0.13074260193635717,
    "init_h_dropout": 0.02130543502862342,
    "init_p_dropout": 0.4079055109235314,
    "mlpprop_dropout": 0.24062586170721878,
    "lambda_prop_loss": 0.7784703310556857,
    "max_epochs": 300,
    "lr": 0.003552329666780599,
    "weight_decay": 0.00012076219548880594,
    "lr_scheduler_stepsize": 50,
    "lr_scheduler_gamma": 0.1
  },
  "mean_loss": -0.08981597423553467,
  "mean_ci": 0.6154425263404846,
  "std_ci": 0.00957839590061809,
  "mean_ibs": 0.07116902619600296,
  "std_ibs": 0.0008473182048772101
}