{
  "trial_id": 27,
  "split_seed": 1768241839,
  "config": {
    "n_intervals": 15,
    "train_batch_size": 64,
    "lstm_hidden_length": 16,
    "x_embed_dim": 64,
    "p_embed_dim": 16,
    "mlpx_hidden_units": [
      32,
      32
    ],
    "mlpp_hidden_units": [
      16
    ],
    "mlpsa_hidden_units": [
      64,
      32
    ],
    "init_h_hidden": [
      128
    ],
    "init_p_hidden": [
      32
    ],
    "mlpprop_hidden_units": [
      16,
      8
    ],
    "attention": true,
    "mlpx_dropout": 0.20025973686472365,
    "mlpp_dropout": 0.332146988626969,
    "mlpsa_dropout": 0.21119764523693796,
    "init_h_dropout": 0.14720943314965568,
    "init_p_dropout": 0.4726143828994156,
    "mlpprop_dropout": 0.3790253423071249,
    "lambda_prop_loss": 0.8664337767933303,
    "max_epochs": 300,
    "lr": 1.5808626891777426e-05,
    "weight_decay": 1.748919972629e-05,
    "lr_scheduler_stepsize": 50,
    "lr_scheduler_gamma": 0.1
  },
  "mean_loss": -0.29924004077911376,
  "mean_ci": 0.4510991096496582,
  "std_ci": 0.06340819881923163,
  "mean_ibs": 0.0833153784275055,
  "std_ibs": 0.0032263974466590945
}