{
  "trial_id": 48,
  "split_seed": 1768241839,
  "config": {
    "n_intervals": 15,
    "train_batch_size": 512,
    "lstm_hidden_length": 16,
    "x_embed_dim": 16,
    "p_embed_dim": 32,
    "mlpx_hidden_units": [
      128,
      64
    ],
    "mlpp_hidden_units": [
      32
    ],
    "mlpsa_hidden_units": [
      128,
      64
    ],
    "init_h_hidden": [
      64,
      64
    ],
    "init_p_hidden": [
      32,
      32
    ],
    "mlpprop_hidden_units": [
      16,
      8
    ],
    "attention": true,
    "mlpx_dropout": 0.43707121219641776,
    "mlpp_dropout": 0.18161397264855672,
    "mlpsa_dropout": 0.4244946714331471,
    "init_h_dropout": 0.22283261648192176,
    "init_p_dropout": 0.49309133782267717,
    "mlpprop_dropout": 0.43756288567982105,
    "lambda_prop_loss": 0.1967687373734499,
    "max_epochs": 300,
    "lr": 0.003465194681819528,
    "weight_decay": 0.00022678249258862703,
    "lr_scheduler_stepsize": 50,
    "lr_scheduler_gamma": 0.9
  },
  "mean_loss": 1.324788546562195,
  "mean_ci": 0.5869628071784974,
  "std_ci": 0.04012632067055177,
  "mean_ibs": 0.08811361342668533,
  "std_ibs": 0.00897781971897087
}