{
  "trial_id": 58,
  "split_seed": 1768241839,
  "config": {
    "n_intervals": 5,
    "train_batch_size": 512,
    "lstm_hidden_length": 16,
    "x_embed_dim": 16,
    "p_embed_dim": 16,
    "mlpx_hidden_units": [
      64,
      32
    ],
    "mlpp_hidden_units": [
      32
    ],
    "mlpsa_hidden_units": [
      64,
      32
    ],
    "init_h_hidden": [
      128
    ],
    "init_p_hidden": [
      64
    ],
    "mlpprop_hidden_units": [
      16,
      8
    ],
    "attention": true,
    "mlpx_dropout": 0.17055380007129667,
    "mlpp_dropout": 0.019107320684490725,
    "mlpsa_dropout": 0.08511324355864469,
    "init_h_dropout": 0.07886924336595136,
    "init_p_dropout": 0.4512602122097194,
    "mlpprop_dropout": 0.06385951114206917,
    "lambda_prop_loss": 0.3128248566390016,
    "max_epochs": 300,
    "lr": 0.0006444093962997422,
    "weight_decay": 0.009543438668878619,
    "lr_scheduler_stepsize": 100,
    "lr_scheduler_gamma": 0.1
  },
  "mean_loss": 0.15714496672153472,
  "mean_ci": 0.6716619849205017,
  "std_ci": 0.007656070124114412,
  "mean_ibs": 0.17100370526313782,
  "std_ibs": 0.006647226934397453
}