{
  "trial_id": 38,
  "split_seed": 1768241839,
  "config": {
    "n_intervals": 20,
    "train_batch_size": 256,
    "lstm_hidden_length": 64,
    "x_embed_dim": 64,
    "p_embed_dim": 8,
    "mlpx_hidden_units": [
      64,
      32
    ],
    "mlpp_hidden_units": [
      64
    ],
    "mlpsa_hidden_units": [
      32,
      16
    ],
    "init_h_hidden": [
      32
    ],
    "init_p_hidden": [
      32,
      32
    ],
    "mlpprop_hidden_units": [
      32,
      16
    ],
    "attention": true,
    "mlpx_dropout": 0.06011488590139158,
    "mlpp_dropout": 0.40083343161077517,
    "mlpsa_dropout": 0.45239067299867786,
    "init_h_dropout": 0.47992134149339494,
    "init_p_dropout": 0.3230238969992147,
    "mlpprop_dropout": 0.06659327139237758,
    "lambda_prop_loss": 0.9978342051135566,
    "max_epochs": 300,
    "lr": 0.00048800616658298436,
    "weight_decay": 1.6950012874476152e-05,
    "lr_scheduler_stepsize": 100,
    "lr_scheduler_gamma": 0.1
  },
  "mean_loss": -0.6445372939109802,
  "mean_ci": 0.5656327962875366,
  "std_ci": 0.019158197522945626,
  "mean_ibs": 0.06860014200210571,
  "std_ibs": 0.0011594492375884412
}