{
  "trial_id": 13,
  "split_seed": 1768241839,
  "config": {
    "n_intervals": 10,
    "train_batch_size": 128,
    "lstm_hidden_length": 16,
    "x_embed_dim": 64,
    "p_embed_dim": 8,
    "mlpx_hidden_units": [
      128,
      64
    ],
    "mlpp_hidden_units": [
      16
    ],
    "mlpsa_hidden_units": [
      32,
      16
    ],
    "init_h_hidden": [
      32
    ],
    "init_p_hidden": [
      32
    ],
    "mlpprop_hidden_units": [
      64,
      32
    ],
    "attention": true,
    "mlpx_dropout": 0.285872582602952,
    "mlpp_dropout": 0.03607674240594394,
    "mlpsa_dropout": 0.02224687939038772,
    "init_h_dropout": 0.34431627312700963,
    "init_p_dropout": 0.3364582659819903,
    "mlpprop_dropout": 0.22069732617449778,
    "lambda_prop_loss": 0.699689265527935,
    "max_epochs": 300,
    "lr": 0.00416146579495909,
    "weight_decay": 5.282572035573032e-05,
    "lr_scheduler_stepsize": 100,
    "lr_scheduler_gamma": 0.6
  },
  "mean_loss": -0.3093857944011688,
  "mean_ci": 0.5878907918930054,
  "std_ci": 0.01787142313806621,
  "mean_ibs": 0.09999020993709565,
  "std_ibs": 0.004507413787054969
}