{
  "trial_id": 49,
  "split_seed": 1768241839,
  "config": {
    "n_intervals": 10,
    "train_batch_size": 64,
    "lstm_hidden_length": 64,
    "x_embed_dim": 16,
    "p_embed_dim": 16,
    "mlpx_hidden_units": [
      128,
      64
    ],
    "mlpp_hidden_units": [
      32
    ],
    "mlpsa_hidden_units": [
      64,
      32
    ],
    "init_h_hidden": [
      128
    ],
    "init_p_hidden": [
      16
    ],
    "mlpprop_hidden_units": [
      16,
      8
    ],
    "attention": true,
    "mlpx_dropout": 0.3096727683692403,
    "mlpp_dropout": 0.47785549196441396,
    "mlpsa_dropout": 0.10424957143293839,
    "init_h_dropout": 0.18718183307111036,
    "init_p_dropout": 0.06459704456041904,
    "mlpprop_dropout": 0.08222535464026925,
    "lambda_prop_loss": 0.3792278062721265,
    "max_epochs": 300,
    "lr": 0.00018002779639356362,
    "weight_decay": 0.00024194086537204074,
    "lr_scheduler_stepsize": 50,
    "lr_scheduler_gamma": 0.9
  },
  "mean_loss": 0.396273136138916,
  "mean_ci": 0.5934859395027161,
  "std_ci": 0.015194278406927999,
  "mean_ibs": 0.08872848451137542,
  "std_ibs": 0.0016067963885687648
}