{
  "trial_id": 18,
  "split_seed": 1768241839,
  "config": {
    "n_intervals": 20,
    "train_batch_size": 256,
    "lstm_hidden_length": 64,
    "x_embed_dim": 64,
    "p_embed_dim": 16,
    "mlpx_hidden_units": [
      128,
      64
    ],
    "mlpp_hidden_units": [
      16
    ],
    "mlpsa_hidden_units": [
      32,
      16
    ],
    "init_h_hidden": [
      32
    ],
    "init_p_hidden": [
      32
    ],
    "mlpprop_hidden_units": [
      32,
      16
    ],
    "attention": true,
    "mlpx_dropout": 0.13398745204097368,
    "mlpp_dropout": 0.4039381958289842,
    "mlpsa_dropout": 0.3869078700678686,
    "init_h_dropout": 0.3314760547536191,
    "init_p_dropout": 0.0577894474443002,
    "mlpprop_dropout": 0.11996319293071667,
    "lambda_prop_loss": 0.7291355316437682,
    "max_epochs": 300,
    "lr": 0.006309413310609875,
    "weight_decay": 2.24276048385301e-06,
    "lr_scheduler_stepsize": 200,
    "lr_scheduler_gamma": 0.1
  },
  "mean_loss": 0.2914800882339478,
  "mean_ci": 0.6222959995269776,
  "std_ci": 0.01813375326089226,
  "mean_ibs": 0.07237347811460496,
  "std_ibs": 0.0021208845892900455
}