{
  "trial_id": 21,
  "split_seed": 1768241839,
  "config": {
    "n_intervals": 10,
    "train_batch_size": 512,
    "lstm_hidden_length": 16,
    "x_embed_dim": 32,
    "p_embed_dim": 8,
    "mlpx_hidden_units": [
      32,
      32
    ],
    "mlpp_hidden_units": [
      16
    ],
    "mlpsa_hidden_units": [
      64,
      32
    ],
    "init_h_hidden": [
      128
    ],
    "init_p_hidden": [
      32,
      32
    ],
    "mlpprop_hidden_units": [
      32,
      16
    ],
    "attention": true,
    "mlpx_dropout": 0.4502511405106996,
    "mlpp_dropout": 0.40633198993571,
    "mlpsa_dropout": 0.13507093906085776,
    "init_h_dropout": 0.22650175407986584,
    "init_p_dropout": 0.20179436456388894,
    "mlpprop_dropout": 0.16125328995520855,
    "lambda_prop_loss": 0.7540305072402903,
    "max_epochs": 300,
    "lr": 7.265838319727654e-05,
    "weight_decay": 1.3693260637703103e-05,
    "lr_scheduler_stepsize": 50,
    "lr_scheduler_gamma": 0.9
  },
  "mean_loss": -0.5577154636383057,
  "mean_ci": 0.6442410707473755,
  "std_ci": 0.0030242992075793945,
  "mean_ibs": 0.08657828569412232,
  "std_ibs": 0.0023834246087661715
}