{
  "trial_id": 59,
  "split_seed": 1768241839,
  "config": {
    "n_intervals": 10,
    "train_batch_size": 512,
    "lstm_hidden_length": 16,
    "x_embed_dim": 32,
    "p_embed_dim": 8,
    "mlpx_hidden_units": [
      64,
      32
    ],
    "mlpp_hidden_units": [
      16
    ],
    "mlpsa_hidden_units": [
      128,
      64
    ],
    "init_h_hidden": [
      32
    ],
    "init_p_hidden": [
      32
    ],
    "mlpprop_hidden_units": [
      16,
      8
    ],
    "attention": true,
    "mlpx_dropout": 0.17647823546362024,
    "mlpp_dropout": 0.10671716721858826,
    "mlpsa_dropout": 0.427714672275828,
    "init_h_dropout": 0.029366419251236286,
    "init_p_dropout": 0.07836176305972353,
    "mlpprop_dropout": 0.28602434001824506,
    "lambda_prop_loss": 0.35236752614516553,
    "max_epochs": 300,
    "lr": 0.002151970821242908,
    "weight_decay": 5.558823513883987e-05,
    "lr_scheduler_stepsize": 100,
    "lr_scheduler_gamma": 0.1
  },
  "mean_loss": 0.5629408717155456,
  "mean_ci": 0.6130080938339233,
  "std_ci": 0.011556867483221196,
  "mean_ibs": 0.1004511445760727,
  "std_ibs": 0.005142330463896953
}