{
  "trial_id": 45,
  "split_seed": 1768241839,
  "config": {
    "n_intervals": 5,
    "train_batch_size": 512,
    "lstm_hidden_length": 64,
    "x_embed_dim": 32,
    "p_embed_dim": 32,
    "mlpx_hidden_units": [
      64,
      32
    ],
    "mlpp_hidden_units": [
      16
    ],
    "mlpsa_hidden_units": [
      64,
      32
    ],
    "init_h_hidden": [
      64
    ],
    "init_p_hidden": [
      32,
      32
    ],
    "mlpprop_hidden_units": [
      64,
      32
    ],
    "attention": true,
    "mlpx_dropout": 0.32246010316558715,
    "mlpp_dropout": 0.3113353970110905,
    "mlpsa_dropout": 0.3643994913106722,
    "init_h_dropout": 0.34825472367960847,
    "init_p_dropout": 0.4812083098185251,
    "mlpprop_dropout": 0.13158774542272222,
    "lambda_prop_loss": 0.8537262749015444,
    "max_epochs": 300,
    "lr": 0.008771959773308885,
    "weight_decay": 0.0014172681131283539,
    "lr_scheduler_stepsize": 50,
    "lr_scheduler_gamma": 0.6
  },
  "mean_loss": -0.9994867324829102,
  "mean_ci": 0.6288599014282227,
  "std_ci": 0.009224788205826433,
  "mean_ibs": 0.18723569810390472,
  "std_ibs": 0.004789004099743757
}