{
  "trial_id": 15,
  "split_seed": 1768241839,
  "config": {
    "n_intervals": 15,
    "train_batch_size": 64,
    "lstm_hidden_length": 64,
    "x_embed_dim": 16,
    "p_embed_dim": 32,
    "mlpx_hidden_units": [
      128,
      64
    ],
    "mlpp_hidden_units": [
      64
    ],
    "mlpsa_hidden_units": [
      64,
      32
    ],
    "init_h_hidden": [
      64
    ],
    "init_p_hidden": [
      32
    ],
    "mlpprop_hidden_units": [
      32,
      16
    ],
    "attention": true,
    "mlpx_dropout": 0.1675979754522538,
    "mlpp_dropout": 0.4949287656543467,
    "mlpsa_dropout": 0.19644129427488055,
    "init_h_dropout": 0.4425627115392277,
    "init_p_dropout": 0.38448732120986817,
    "mlpprop_dropout": 0.05545815547173899,
    "lambda_prop_loss": 0.9935293896377129,
    "max_epochs": 300,
    "lr": 0.004763297316811018,
    "weight_decay": 8.901510655464712e-06,
    "lr_scheduler_stepsize": 200,
    "lr_scheduler_gamma": 0.6
  },
  "mean_loss": -0.8587791562080384,
  "mean_ci": 0.6142015218734741,
  "std_ci": 0.02526468300719487,
  "mean_ibs": 0.07357451766729355,
  "std_ibs": 0.004286968448456081
}