{
  "trial_id": 16,
  "split_seed": 1768241839,
  "config": {
    "n_intervals": 15,
    "train_batch_size": 512,
    "lstm_hidden_length": 64,
    "x_embed_dim": 64,
    "p_embed_dim": 8,
    "mlpx_hidden_units": [
      128,
      64
    ],
    "mlpp_hidden_units": [
      16
    ],
    "mlpsa_hidden_units": [
      128,
      64
    ],
    "init_h_hidden": [
      128
    ],
    "init_p_hidden": [
      16
    ],
    "mlpprop_hidden_units": [
      16,
      8
    ],
    "attention": true,
    "mlpx_dropout": 0.2368930917314827,
    "mlpp_dropout": 0.24407358503512677,
    "mlpsa_dropout": 0.3623966546270924,
    "init_h_dropout": 0.18105256696604943,
    "init_p_dropout": 0.31559897470606707,
    "mlpprop_dropout": 0.41922968032646524,
    "lambda_prop_loss": 0.4821043586985104,
    "max_epochs": 300,
    "lr": 0.0002343268322190349,
    "weight_decay": 0.00021317629517334224,
    "lr_scheduler_stepsize": 100,
    "lr_scheduler_gamma": 0.1
  },
  "mean_loss": 0.4153385400772095,
  "mean_ci": 0.6004028916358948,
  "std_ci": 0.006376656301988942,
  "mean_ibs": 0.07060720920562744,
  "std_ibs": 0.0012657449053105592
}