{
  "trial_id": 25,
  "split_seed": 1768241839,
  "config": {
    "n_intervals": 20,
    "train_batch_size": 128,
    "lstm_hidden_length": 32,
    "x_embed_dim": 32,
    "p_embed_dim": 32,
    "mlpx_hidden_units": [
      64,
      32
    ],
    "mlpp_hidden_units": [
      64
    ],
    "mlpsa_hidden_units": [
      64,
      32
    ],
    "init_h_hidden": [
      64
    ],
    "init_p_hidden": [
      32
    ],
    "mlpprop_hidden_units": [
      32,
      16
    ],
    "attention": true,
    "mlpx_dropout": 0.31326461151453805,
    "mlpp_dropout": 0.374113855174546,
    "mlpsa_dropout": 0.034630391990813025,
    "init_h_dropout": 0.3051259538755085,
    "init_p_dropout": 0.41984446976961987,
    "mlpprop_dropout": 0.41354494226176186,
    "lambda_prop_loss": 0.008508177488195212,
    "max_epochs": 300,
    "lr": 0.0006722095332509031,
    "weight_decay": 0.0007184576109322255,
    "lr_scheduler_stepsize": 100,
    "lr_scheduler_gamma": 0.6
  },
  "mean_loss": 1.9131469964981078,
  "mean_ci": 0.549088978767395,
  "std_ci": 0.010600929665360736,
  "mean_ibs": 0.07007935643196106,
  "std_ibs": 0.003858774588827892
}