{
  "trial_id": 60,
  "split_seed": 1768241839,
  "config": {
    "n_intervals": 5,
    "train_batch_size": 256,
    "lstm_hidden_length": 32,
    "x_embed_dim": 64,
    "p_embed_dim": 8,
    "mlpx_hidden_units": [
      32,
      32
    ],
    "mlpp_hidden_units": [
      32
    ],
    "mlpsa_hidden_units": [
      64,
      32
    ],
    "init_h_hidden": [
      64,
      64
    ],
    "init_p_hidden": [
      64
    ],
    "mlpprop_hidden_units": [
      64,
      32
    ],
    "attention": true,
    "mlpx_dropout": 0.4674727610618214,
    "mlpp_dropout": 0.4535012727226269,
    "mlpsa_dropout": 0.24783414548249316,
    "init_h_dropout": 0.18585472386060797,
    "init_p_dropout": 0.44441997148151485,
    "mlpprop_dropout": 0.3606980471998093,
    "lambda_prop_loss": 0.0294766478726608,
    "max_epochs": 300,
    "lr": 0.0012492739907151507,
    "weight_decay": 1.5871348533687443e-05,
    "lr_scheduler_stepsize": 100,
    "lr_scheduler_gamma": 0.6
  },
  "mean_loss": 0.9916945934295655,
  "mean_ci": 0.6898197889328003,
  "std_ci": 0.012265885327264135,
  "mean_ibs": 0.18707390129566193,
  "std_ibs": 0.016724601883010125
}