{
  "trial_id": 44,
  "split_seed": 1768241839,
  "config": {
    "n_intervals": 15,
    "train_batch_size": 128,
    "lstm_hidden_length": 64,
    "x_embed_dim": 16,
    "p_embed_dim": 32,
    "mlpx_hidden_units": [
      64,
      32
    ],
    "mlpp_hidden_units": [
      16
    ],
    "mlpsa_hidden_units": [
      128,
      64
    ],
    "init_h_hidden": [
      64,
      64
    ],
    "init_p_hidden": [
      32,
      32
    ],
    "mlpprop_hidden_units": [
      32,
      16
    ],
    "attention": true,
    "mlpx_dropout": 0.08256057899177371,
    "mlpp_dropout": 0.11227967317581039,
    "mlpsa_dropout": 0.3154112670039537,
    "init_h_dropout": 0.059376139912723835,
    "init_p_dropout": 0.38365955318864275,
    "mlpprop_dropout": 0.4557298382293679,
    "lambda_prop_loss": 0.8762473288168058,
    "max_epochs": 300,
    "lr": 0.00605399627542899,
    "weight_decay": 1.4451614552511442e-06,
    "lr_scheduler_stepsize": 200,
    "lr_scheduler_gamma": 0.9
  },
  "mean_loss": -0.44891056418418884,
  "mean_ci": 0.6139056444168091,
  "std_ci": 0.019697100486688445,
  "mean_ibs": 0.08721218556165695,
  "std_ibs": 0.002656451697081811
}