{
  "trial_id": 31,
  "split_seed": 1768241839,
  "config": {
    "n_intervals": 5,
    "train_batch_size": 128,
    "lstm_hidden_length": 32,
    "x_embed_dim": 64,
    "p_embed_dim": 32,
    "mlpx_hidden_units": [
      128,
      64
    ],
    "mlpp_hidden_units": [
      16
    ],
    "mlpsa_hidden_units": [
      128,
      64
    ],
    "init_h_hidden": [
      32
    ],
    "init_p_hidden": [
      64
    ],
    "mlpprop_hidden_units": [
      16,
      8
    ],
    "attention": true,
    "mlpx_dropout": 0.12877596447578715,
    "mlpp_dropout": 0.07464535833434577,
    "mlpsa_dropout": 0.13397644919217172,
    "init_h_dropout": 0.28625344995463314,
    "init_p_dropout": 0.03829851515857485,
    "mlpprop_dropout": 0.2593024962624889,
    "lambda_prop_loss": 0.8501553137532414,
    "max_epochs": 300,
    "lr": 0.002399449141082471,
    "weight_decay": 1.4285917574198656e-05,
    "lr_scheduler_stepsize": 200,
    "lr_scheduler_gamma": 0.6
  },
  "mean_loss": -1.0124197721481323,
  "mean_ci": 0.5859184861183167,
  "std_ci": 0.012523079903814632,
  "mean_ibs": 0.17856643497943878,
  "std_ibs": 0.005582992564150768
}