{
  "trial_id": 10,
  "split_seed": 1768241839,
  "config": {
    "n_intervals": 20,
    "train_batch_size": 512,
    "lstm_hidden_length": 32,
    "x_embed_dim": 32,
    "p_embed_dim": 8,
    "mlpx_hidden_units": [
      32,
      32
    ],
    "mlpp_hidden_units": [
      64
    ],
    "mlpsa_hidden_units": [
      128,
      64
    ],
    "init_h_hidden": [
      32
    ],
    "init_p_hidden": [
      64
    ],
    "mlpprop_hidden_units": [
      16,
      8
    ],
    "attention": true,
    "mlpx_dropout": 0.4848527623804851,
    "mlpp_dropout": 0.2228394272733516,
    "mlpsa_dropout": 0.4012981965815476,
    "init_h_dropout": 0.06007062341309949,
    "init_p_dropout": 0.3250186129948797,
    "mlpprop_dropout": 0.2570934702136514,
    "lambda_prop_loss": 0.10946023860592013,
    "max_epochs": 300,
    "lr": 0.00018036909996649352,
    "weight_decay": 4.5614790085349406e-05,
    "lr_scheduler_stepsize": 200,
    "lr_scheduler_gamma": 0.1
  },
  "mean_loss": 1.6057740926742554,
  "mean_ci": 0.6017110586166382,
  "std_ci": 0.010538699001284386,
  "mean_ibs": 0.0689524993300438,
  "std_ibs": 0.0019136148472667495
}