{
  "trial_id": 4,
  "split_seed": 1768241839,
  "config": {
    "n_intervals": 15,
    "train_batch_size": 512,
    "lstm_hidden_length": 16,
    "x_embed_dim": 32,
    "p_embed_dim": 8,
    "mlpx_hidden_units": [
      32,
      32
    ],
    "mlpp_hidden_units": [
      16
    ],
    "mlpsa_hidden_units": [
      64,
      32
    ],
    "init_h_hidden": [
      128
    ],
    "init_p_hidden": [
      32,
      32
    ],
    "mlpprop_hidden_units": [
      64,
      32
    ],
    "attention": true,
    "mlpx_dropout": 0.2703919539698259,
    "mlpp_dropout": 0.21367161007965263,
    "mlpsa_dropout": 0.1275262984671548,
    "init_h_dropout": 0.1613619030473687,
    "init_p_dropout": 0.3380537426437027,
    "mlpprop_dropout": 0.47447335564456433,
    "lambda_prop_loss": 0.4548750492406881,
    "max_epochs": 300,
    "lr": 0.0038034004977985825,
    "weight_decay": 0.00043079739858493466,
    "lr_scheduler_stepsize": 100,
    "lr_scheduler_gamma": 0.6
  },
  "mean_loss": 0.6552485227584839,
  "mean_ci": 0.5691990971565246,
  "std_ci": 0.01884286210397385,
  "mean_ibs": 0.08602560907602311,
  "std_ibs": 0.006403200001412177
}