{
  "trial_id": 36,
  "split_seed": 1768241839,
  "config": {
    "n_intervals": 20,
    "train_batch_size": 512,
    "lstm_hidden_length": 16,
    "x_embed_dim": 16,
    "p_embed_dim": 16,
    "mlpx_hidden_units": [
      128,
      64
    ],
    "mlpp_hidden_units": [
      32
    ],
    "mlpsa_hidden_units": [
      32,
      16
    ],
    "init_h_hidden": [
      64,
      64
    ],
    "init_p_hidden": [
      32
    ],
    "mlpprop_hidden_units": [
      32,
      16
    ],
    "attention": true,
    "mlpx_dropout": 0.3118554733937288,
    "mlpp_dropout": 0.18620036796193246,
    "mlpsa_dropout": 0.31185312433570206,
    "init_h_dropout": 0.045839108865524114,
    "init_p_dropout": 0.1618059281919495,
    "mlpprop_dropout": 0.43701807913788915,
    "lambda_prop_loss": 0.1181535221633051,
    "max_epochs": 300,
    "lr": 0.001480325977568262,
    "weight_decay": 0.0025761016868413858,
    "lr_scheduler_stepsize": 50,
    "lr_scheduler_gamma": 0.6
  },
  "mean_loss": 1.6534016132354736,
  "mean_ci": 0.593425166606903,
  "std_ci": 0.03121844515560589,
  "mean_ibs": 0.07409046441316605,
  "std_ibs": 0.0045814068158538295
}