{
  "trial_id": 7,
  "split_seed": 1768241839,
  "config": {
    "n_intervals": 20,
    "train_batch_size": 128,
    "lstm_hidden_length": 64,
    "x_embed_dim": 64,
    "p_embed_dim": 32,
    "mlpx_hidden_units": [
      128,
      64
    ],
    "mlpp_hidden_units": [
      64
    ],
    "mlpsa_hidden_units": [
      32,
      16
    ],
    "init_h_hidden": [
      64
    ],
    "init_p_hidden": [
      16
    ],
    "mlpprop_hidden_units": [
      32,
      16
    ],
    "attention": true,
    "mlpx_dropout": 0.40533706766008204,
    "mlpp_dropout": 0.048718697252553844,
    "mlpsa_dropout": 0.2922366016182492,
    "init_h_dropout": 0.07642492849067034,
    "init_p_dropout": 0.45883797660937153,
    "mlpprop_dropout": 0.1416542107502224,
    "lambda_prop_loss": 0.8226871543181092,
    "max_epochs": 300,
    "lr": 0.00018329827791757148,
    "weight_decay": 0.0013568459300708103,
    "lr_scheduler_stepsize": 100,
    "lr_scheduler_gamma": 0.9
  },
  "mean_loss": -0.22011322975158693,
  "mean_ci": 0.5673470377922059,
  "std_ci": 0.010214070829877173,
  "mean_ibs": 0.066953644156456,
  "std_ibs": 0.002509150863796523
}