{
  "trial_id": 29,
  "split_seed": 1768241839,
  "config": {
    "n_intervals": 15,
    "train_batch_size": 256,
    "lstm_hidden_length": 32,
    "x_embed_dim": 64,
    "p_embed_dim": 32,
    "mlpx_hidden_units": [
      64,
      32
    ],
    "mlpp_hidden_units": [
      16
    ],
    "mlpsa_hidden_units": [
      32,
      16
    ],
    "init_h_hidden": [
      64,
      64
    ],
    "init_p_hidden": [
      32
    ],
    "mlpprop_hidden_units": [
      16,
      8
    ],
    "attention": true,
    "mlpx_dropout": 0.15297486598772808,
    "mlpp_dropout": 0.17358116221188963,
    "mlpsa_dropout": 0.11061751598593328,
    "init_h_dropout": 0.4890258229958391,
    "init_p_dropout": 0.4279617438046867,
    "mlpprop_dropout": 0.34775116598192296,
    "lambda_prop_loss": 0.7638465068660582,
    "max_epochs": 300,
    "lr": 9.929591964919854e-05,
    "weight_decay": 0.008334715411302377,
    "lr_scheduler_stepsize": 50,
    "lr_scheduler_gamma": 0.1
  },
  "mean_loss": -0.26729564666748046,
  "mean_ci": 0.6122095823287964,
  "std_ci": 0.012237285829070629,
  "mean_ibs": 0.07401206940412522,
  "std_ibs": 0.0012000367666025955
}