{
  "trial_id": 34,
  "split_seed": 1768241839,
  "config": {
    "n_intervals": 15,
    "train_batch_size": 512,
    "lstm_hidden_length": 64,
    "x_embed_dim": 32,
    "p_embed_dim": 8,
    "mlpx_hidden_units": [
      32,
      32
    ],
    "mlpp_hidden_units": [
      16
    ],
    "mlpsa_hidden_units": [
      32,
      16
    ],
    "init_h_hidden": [
      128
    ],
    "init_p_hidden": [
      32
    ],
    "mlpprop_hidden_units": [
      16,
      8
    ],
    "attention": true,
    "mlpx_dropout": 0.17462039001172774,
    "mlpp_dropout": 0.22621965630034985,
    "mlpsa_dropout": 0.2606301655628014,
    "init_h_dropout": 0.06057263534545232,
    "init_p_dropout": 0.3981848002015858,
    "mlpprop_dropout": 0.1801231745603144,
    "lambda_prop_loss": 0.8761849044216917,
    "max_epochs": 300,
    "lr": 0.00011630171470825896,
    "weight_decay": 0.00017781302788450734,
    "lr_scheduler_stepsize": 200,
    "lr_scheduler_gamma": 0.1
  },
  "mean_loss": -0.5899553894996643,
  "mean_ci": 0.6035670042037964,
  "std_ci": 0.010937935550900047,
  "mean_ibs": 0.06999768167734147,
  "std_ibs": 0.000557530021345961
}