{
  "trial_id": 26,
  "split_seed": 1768241839,
  "config": {
    "n_intervals": 15,
    "train_batch_size": 256,
    "lstm_hidden_length": 16,
    "x_embed_dim": 32,
    "p_embed_dim": 16,
    "mlpx_hidden_units": [
      32,
      32
    ],
    "mlpp_hidden_units": [
      32
    ],
    "mlpsa_hidden_units": [
      32,
      16
    ],
    "init_h_hidden": [
      128
    ],
    "init_p_hidden": [
      32,
      32
    ],
    "mlpprop_hidden_units": [
      32,
      16
    ],
    "attention": true,
    "mlpx_dropout": 0.14387735048268036,
    "mlpp_dropout": 0.03330917698286329,
    "mlpsa_dropout": 0.2598542868758953,
    "init_h_dropout": 0.45811847070128175,
    "init_p_dropout": 0.1682244703179745,
    "mlpprop_dropout": 0.34760224338265644,
    "lambda_prop_loss": 0.5104261432055545,
    "max_epochs": 300,
    "lr": 0.00016671619507375088,
    "weight_decay": 0.002658970972043991,
    "lr_scheduler_stepsize": 50,
    "lr_scheduler_gamma": 0.9
  },
  "mean_loss": 0.34806702136993406,
  "mean_ci": 0.5960088253021241,
  "std_ci": 0.013141578900040337,
  "mean_ibs": 0.07079242914915085,
  "std_ibs": 0.0029349520616049223
}