{
  "trial_id": 5,
  "split_seed": 1768241839,
  "config": {
    "n_intervals": 20,
    "train_batch_size": 256,
    "lstm_hidden_length": 32,
    "x_embed_dim": 16,
    "p_embed_dim": 16,
    "mlpx_hidden_units": [
      32,
      32
    ],
    "mlpp_hidden_units": [
      32
    ],
    "mlpsa_hidden_units": [
      64,
      32
    ],
    "init_h_hidden": [
      64
    ],
    "init_p_hidden": [
      32,
      32
    ],
    "mlpprop_hidden_units": [
      64,
      32
    ],
    "attention": true,
    "mlpx_dropout": 0.1831182755721722,
    "mlpp_dropout": 0.194667423718009,
    "mlpsa_dropout": 0.08206955691064971,
    "init_h_dropout": 0.032047759766654915,
    "init_p_dropout": 0.43820857681018655,
    "mlpprop_dropout": 0.2745519422625229,
    "lambda_prop_loss": 0.9067252085181393,
    "max_epochs": 300,
    "lr": 1.1410001847677443e-05,
    "weight_decay": 5.858659757565124e-05,
    "lr_scheduler_stepsize": 200,
    "lr_scheduler_gamma": 0.3
  },
  "mean_loss": -0.32007246017456054,
  "mean_ci": 0.5941563606262207,
  "std_ci": 0.0031205612674298122,
  "mean_ibs": 0.0756930097937584,
  "std_ibs": 0.0017732777407935907
}