{
  "trial_id": 2,
  "split_seed": 1768241839,
  "config": {
    "n_intervals": 10,
    "train_batch_size": 128,
    "lstm_hidden_length": 32,
    "x_embed_dim": 64,
    "p_embed_dim": 32,
    "mlpx_hidden_units": [
      64,
      32
    ],
    "mlpp_hidden_units": [
      32
    ],
    "mlpsa_hidden_units": [
      32,
      16
    ],
    "init_h_hidden": [
      128
    ],
    "init_p_hidden": [
      16
    ],
    "mlpprop_hidden_units": [
      32,
      16
    ],
    "attention": true,
    "mlpx_dropout": 0.46429601432641193,
    "mlpp_dropout": 0.12655533539302294,
    "mlpsa_dropout": 0.20971560079004808,
    "init_h_dropout": 0.14658222945367982,
    "init_p_dropout": 0.38653491045718197,
    "mlpprop_dropout": 0.14729635828073973,
    "lambda_prop_loss": 0.7369501479398104,
    "max_epochs": 300,
    "lr": 2.716256697870009e-05,
    "weight_decay": 8.599834330495234e-05,
    "lr_scheduler_stepsize": 50,
    "lr_scheduler_gamma": 0.9
  },
  "mean_loss": -0.5269945621490478,
  "mean_ci": 0.6472710132598877,
  "std_ci": 0.0045648314972047,
  "mean_ibs": 0.08624091297388077,
  "std_ibs": 0.0019084492570789016
}