{
  "trial_id": 43,
  "split_seed": 1768241839,
  "config": {
    "n_intervals": 10,
    "train_batch_size": 512,
    "lstm_hidden_length": 64,
    "x_embed_dim": 16,
    "p_embed_dim": 16,
    "mlpx_hidden_units": [
      32,
      32
    ],
    "mlpp_hidden_units": [
      16
    ],
    "mlpsa_hidden_units": [
      32,
      16
    ],
    "init_h_hidden": [
      128
    ],
    "init_p_hidden": [
      32
    ],
    "mlpprop_hidden_units": [
      16,
      8
    ],
    "attention": true,
    "mlpx_dropout": 0.06083661022370618,
    "mlpp_dropout": 0.001493031033589165,
    "mlpsa_dropout": 0.24679253232359716,
    "init_h_dropout": 0.2720780049155678,
    "init_p_dropout": 0.28798115045760697,
    "mlpprop_dropout": 0.357725336513039,
    "lambda_prop_loss": 0.5500348982550989,
    "max_epochs": 300,
    "lr": 2.2304509546222465e-05,
    "weight_decay": 0.00010247828665187637,
    "lr_scheduler_stepsize": 200,
    "lr_scheduler_gamma": 0.9
  },
  "mean_loss": 0.005304550752043724,
  "mean_ci": 0.6232083678245545,
  "std_ci": 0.01744741680813694,
  "mean_ibs": 0.08668689280748368,
  "std_ibs": 0.0025055838761752222
}