{
  "trial_id": 1,
  "split_seed": 5,
  "config": {
    "n_intervals": 5,
    "train_batch_size": 128,
    "lstm_hidden_length": 32,
    "x_embed_dim": 64,
    "p_embed_dim": 8,
    "mlpx_hidden_units": [
      128,
      64
    ],
    "mlpp_hidden_units": [
      16
    ],
    "mlpsa_hidden_units": [
      32,
      16
    ],
    "init_h_hidden": [
      64
    ],
    "init_p_hidden": [
      32,
      32
    ],
    "mlpprop_hidden_units": [
      64,
      32
    ],
    "attention": true,
    "mlpx_dropout": 0.18816545591801315,
    "mlpp_dropout": 0.18518933529536202,
    "mlpsa_dropout": 0.30560558442370883,
    "init_h_dropout": 0.06043381554216393,
    "init_p_dropout": 0.10271932638719489,
    "mlpprop_dropout": 0.49693356589651067,
    "lambda_prop_loss": 0.9691312254308013,
    "max_epochs": 5,
    "lr": 0.0010015846223275146,
    "weight_decay": 0.00010571669174153339,
    "lr_scheduler_stepsize": 200,
    "lr_scheduler_gamma": 0.1
  },
  "mean_loss": -1.5560752153396606,
  "mean_ci": 0.6996978720029196,
  "mean_ibs": 0.14350436131159464,
  "std_ci": 0.009277221437069907
}