{
  "trial_id": 5,
  "split_seed": 5,
  "config": {
    "n_intervals": 20,
    "train_batch_size": 128,
    "lstm_hidden_length": 64,
    "x_embed_dim": 16,
    "p_embed_dim": 32,
    "mlpx_hidden_units": [
      128,
      64
    ],
    "mlpp_hidden_units": [
      32
    ],
    "mlpsa_hidden_units": [
      128,
      64
    ],
    "init_h_hidden": [
      128
    ],
    "init_p_hidden": [
      64
    ],
    "mlpprop_hidden_units": [
      32,
      16
    ],
    "attention": true,
    "mlpx_dropout": 0.1053300829940042,
    "mlpp_dropout": 0.25284392782401693,
    "mlpsa_dropout": 0.19635492237036795,
    "init_h_dropout": 0.2588993147217025,
    "init_p_dropout": 0.3226267616945594,
    "mlpprop_dropout": 0.4140979392526969,
    "lambda_prop_loss": 0.8167541821841702,
    "max_epochs": 5,
    "lr": 0.003947550983323134,
    "weight_decay": 7.387937364659978e-06,
    "lr_scheduler_stepsize": 100,
    "lr_scheduler_gamma": 0.3
  },
  "mean_loss": -0.2195591926574707,
  "mean_ci": 0.6074199875195821,
  "std_ci": 0.02683973564972254,
  "mean_ibs": 0.0680613915125529,
  "std_ibs": 0.0028320115014439655
}