{
  "trial_id": 7,
  "split_seed": 1768239785,
  "config": {
    "n_intervals": 20,
    "train_batch_size": 128,
    "lstm_hidden_length": 64,
    "x_embed_dim": 64,
    "p_embed_dim": 16,
    "mlpx_hidden_units": [
      64,
      32
    ],
    "mlpp_hidden_units": [
      16
    ],
    "mlpsa_hidden_units": [
      64,
      32
    ],
    "init_h_hidden": [
      64,
      64
    ],
    "init_p_hidden": [
      64
    ],
    "mlpprop_hidden_units": [
      64,
      32
    ],
    "attention": true,
    "mlpx_dropout": 0.49192303156811057,
    "mlpp_dropout": 0.12417165700319516,
    "mlpsa_dropout": 0.031117090480530407,
    "init_h_dropout": 0.25066715812770596,
    "init_p_dropout": 0.03996846734420595,
    "mlpprop_dropout": 0.12327231317546217,
    "lambda_prop_loss": 0.49391220934403623,
    "max_epochs": 5,
    "lr": 0.0017397096371956247,
    "weight_decay": 0.000321931155414502,
    "lr_scheduler_stepsize": 100,
    "lr_scheduler_gamma": 0.9
  },
  "mean_loss": 0.6031298875808716,
  "mean_ci": 0.5929897427558899,
  "std_ci": 0.01392064779228924,
  "mean_ibs": 0.06733221411705018,
  "std_ibs": 0.0019344237117590206
}