{
  "trial_id": 2,
  "split_seed": 1768239785,
  "config": {
    "n_intervals": 10,
    "train_batch_size": 128,
    "lstm_hidden_length": 64,
    "x_embed_dim": 16,
    "p_embed_dim": 16,
    "mlpx_hidden_units": [
      32,
      32
    ],
    "mlpp_hidden_units": [
      16
    ],
    "mlpsa_hidden_units": [
      64,
      32
    ],
    "init_h_hidden": [
      64,
      64
    ],
    "init_p_hidden": [
      16
    ],
    "mlpprop_hidden_units": [
      32,
      16
    ],
    "attention": true,
    "mlpx_dropout": 0.37282839157873576,
    "mlpp_dropout": 0.27540991787056596,
    "mlpsa_dropout": 0.45695354093268525,
    "init_h_dropout": 0.13389035848648234,
    "init_p_dropout": 0.16551987351859138,
    "mlpprop_dropout": 0.22580655709735115,
    "lambda_prop_loss": 0.9452462759394099,
    "max_epochs": 5,
    "lr": 1.7828080561950665e-05,
    "weight_decay": 1.614873808617324e-05,
    "lr_scheduler_stepsize": 200,
    "lr_scheduler_gamma": 0.1
  },
  "mean_loss": -0.7188153028488159,
  "mean_ci": 0.46262731552124026,
  "std_ci": 0.08066379655898091,
  "mean_ibs": 0.09954439252614974,
  "std_ibs": 0.003836043543508661
}