{
  "trial_id": 0,
  "split_seed": 1768239785,
  "config": {
    "n_intervals": 10,
    "train_batch_size": 64,
    "lstm_hidden_length": 64,
    "x_embed_dim": 64,
    "p_embed_dim": 32,
    "mlpx_hidden_units": [
      32,
      32
    ],
    "mlpp_hidden_units": [
      32
    ],
    "mlpsa_hidden_units": [
      128,
      64
    ],
    "init_h_hidden": [
      128
    ],
    "init_p_hidden": [
      32,
      32
    ],
    "mlpprop_hidden_units": [
      16,
      8
    ],
    "attention": true,
    "mlpx_dropout": 0.42634709830770484,
    "mlpp_dropout": 0.06913000439954953,
    "mlpsa_dropout": 0.22450646019189685,
    "init_h_dropout": 0.2881416216072559,
    "init_p_dropout": 0.0566236765365683,
    "mlpprop_dropout": 0.05298295953118004,
    "lambda_prop_loss": 0.8059344615964624,
    "max_epochs": 5,
    "lr": 1.6115133354313788e-05,
    "weight_decay": 8.455400313908837e-06,
    "lr_scheduler_stepsize": 200,
    "lr_scheduler_gamma": 0.6
  },
  "mean_loss": -0.3672477722167969,
  "mean_ci": 0.5228549540042877,
  "std_ci": 0.08315784008086427,
  "mean_ibs": 0.10454934537410736,
  "std_ibs": 0.004636401891275317
}