{
  "trial_id": 6,
  "split_seed": 1768239785,
  "config": {
    "n_intervals": 20,
    "train_batch_size": 512,
    "lstm_hidden_length": 32,
    "x_embed_dim": 64,
    "p_embed_dim": 32,
    "mlpx_hidden_units": [
      32,
      32
    ],
    "mlpp_hidden_units": [
      16
    ],
    "mlpsa_hidden_units": [
      32,
      16
    ],
    "init_h_hidden": [
      64
    ],
    "init_p_hidden": [
      32,
      32
    ],
    "mlpprop_hidden_units": [
      16,
      8
    ],
    "attention": true,
    "mlpx_dropout": 0.21878014314968008,
    "mlpp_dropout": 0.45471584389088116,
    "mlpsa_dropout": 0.14779743089826258,
    "init_h_dropout": 0.002088304078518566,
    "init_p_dropout": 0.45293034423717377,
    "mlpprop_dropout": 0.44695413817444263,
    "lambda_prop_loss": 0.5148910457210971,
    "max_epochs": 5,
    "lr": 0.0002514583595537209,
    "weight_decay": 5.795943598283632e-05,
    "lr_scheduler_stepsize": 100,
    "lr_scheduler_gamma": 0.3
  },
  "mean_loss": 1.361137580871582,
  "mean_ci": 0.4599951684474945,
  "std_ci": 0.04533323020497869,
  "mean_ibs": 0.10668169111013412,
  "std_ibs": 0.002834851201457746
}