{
  "trial_id": 8,
  "split_seed": 1768239785,
  "config": {
    "n_intervals": 10,
    "train_batch_size": 64,
    "lstm_hidden_length": 64,
    "x_embed_dim": 64,
    "p_embed_dim": 32,
    "mlpx_hidden_units": [
      128,
      64
    ],
    "mlpp_hidden_units": [
      16
    ],
    "mlpsa_hidden_units": [
      128,
      64
    ],
    "init_h_hidden": [
      64,
      64
    ],
    "init_p_hidden": [
      32
    ],
    "mlpprop_hidden_units": [
      32,
      16
    ],
    "attention": true,
    "mlpx_dropout": 0.2587547730719498,
    "mlpp_dropout": 0.11019433744274998,
    "mlpsa_dropout": 0.32210720920720093,
    "init_h_dropout": 0.3059313541181554,
    "init_p_dropout": 0.4103022444775168,
    "mlpprop_dropout": 0.3905842563317852,
    "lambda_prop_loss": 0.1970535134847896,
    "max_epochs": 5,
    "lr": 0.00021435928074733625,
    "weight_decay": 5.349070999387987e-06,
    "lr_scheduler_stepsize": 200,
    "lr_scheduler_gamma": 0.3
  },
  "mean_loss": 0.9228785157203674,
  "mean_ci": 0.5647926092147827,
  "std_ci": 0.02662818207117435,
  "mean_ibs": 0.08967071026563644,
  "std_ibs": 0.0018922601788133179
}