{
  "trial_id": 3,
  "split_seed": 1768239785,
  "config": {
    "n_intervals": 5,
    "train_batch_size": 128,
    "lstm_hidden_length": 16,
    "x_embed_dim": 32,
    "p_embed_dim": 8,
    "mlpx_hidden_units": [
      32,
      32
    ],
    "mlpp_hidden_units": [
      64
    ],
    "mlpsa_hidden_units": [
      128,
      64
    ],
    "init_h_hidden": [
      32
    ],
    "init_p_hidden": [
      32
    ],
    "mlpprop_hidden_units": [
      32,
      16
    ],
    "attention": true,
    "mlpx_dropout": 0.05241210531200596,
    "mlpp_dropout": 0.030314709217491187,
    "mlpsa_dropout": 0.4473038844883236,
    "init_h_dropout": 0.37855760183830794,
    "init_p_dropout": 0.10858373208856398,
    "mlpprop_dropout": 0.36386001317760897,
    "lambda_prop_loss": 0.4448821842357922,
    "max_epochs": 5,
    "lr": 0.00042289169174169143,
    "weight_decay": 0.004478852761734658,
    "lr_scheduler_stepsize": 100,
    "lr_scheduler_gamma": 0.9
  },
  "mean_loss": -0.20831475257873536,
  "mean_ci": 0.7036954641342164,
  "std_ci": 0.011679540431285065,
  "mean_ibs": 0.14749079644680024,
  "std_ibs": 0.003962019017371165
}