{
  "trial_id": 4,
  "split_seed": 1768239785,
  "config": {
    "n_intervals": 10,
    "train_batch_size": 256,
    "lstm_hidden_length": 32,
    "x_embed_dim": 16,
    "p_embed_dim": 16,
    "mlpx_hidden_units": [
      32,
      32
    ],
    "mlpp_hidden_units": [
      16
    ],
    "mlpsa_hidden_units": [
      64,
      32
    ],
    "init_h_hidden": [
      128
    ],
    "init_p_hidden": [
      16
    ],
    "mlpprop_hidden_units": [
      64,
      32
    ],
    "attention": true,
    "mlpx_dropout": 0.1939739289163614,
    "mlpp_dropout": 0.10945421408467315,
    "mlpsa_dropout": 0.3724506611865728,
    "init_h_dropout": 0.3431811896065049,
    "init_p_dropout": 0.3987339167907918,
    "mlpprop_dropout": 0.023502618804490283,
    "lambda_prop_loss": 0.9684372450740905,
    "max_epochs": 5,
    "lr": 3.84383770213348e-05,
    "weight_decay": 0.0001503306853179647,
    "lr_scheduler_stepsize": 50,
    "lr_scheduler_gamma": 0.3
  },
  "mean_loss": -0.7801176071166992,
  "mean_ci": 0.47470887303352355,
  "std_ci": 0.044999143189213484,
  "mean_ibs": 0.10177038162946701,
  "std_ibs": 0.0026781215680482715
}