{
  "trial_id": 5,
  "split_seed": 1768239785,
  "config": {
    "n_intervals": 15,
    "train_batch_size": 256,
    "lstm_hidden_length": 32,
    "x_embed_dim": 64,
    "p_embed_dim": 8,
    "mlpx_hidden_units": [
      128,
      64
    ],
    "mlpp_hidden_units": [
      16
    ],
    "mlpsa_hidden_units": [
      64,
      32
    ],
    "init_h_hidden": [
      128
    ],
    "init_p_hidden": [
      32,
      32
    ],
    "mlpprop_hidden_units": [
      16,
      8
    ],
    "attention": true,
    "mlpx_dropout": 0.17085399607794577,
    "mlpp_dropout": 0.1872425167209733,
    "mlpsa_dropout": 0.3628029382612793,
    "init_h_dropout": 0.4433740521216641,
    "init_p_dropout": 0.049979192754716906,
    "mlpprop_dropout": 0.25767510272793936,
    "lambda_prop_loss": 0.4397620453736093,
    "max_epochs": 5,
    "lr": 0.003913621478827461,
    "weight_decay": 8.216822998571977e-06,
    "lr_scheduler_stepsize": 200,
    "lr_scheduler_gamma": 0.6
  },
  "mean_loss": 0.5232793092727661,
  "mean_ci": 0.6264116406440735,
  "std_ci": 0.01839922860746461,
  "mean_ibs": 0.07319487333297729,
  "std_ibs": 0.0017618422499522377
}