{
  "trial_id": 9,
  "split_seed": 1768239785,
  "config": {
    "n_intervals": 20,
    "train_batch_size": 64,
    "lstm_hidden_length": 64,
    "x_embed_dim": 64,
    "p_embed_dim": 16,
    "mlpx_hidden_units": [
      128,
      64
    ],
    "mlpp_hidden_units": [
      32
    ],
    "mlpsa_hidden_units": [
      32,
      16
    ],
    "init_h_hidden": [
      64,
      64
    ],
    "init_p_hidden": [
      16
    ],
    "mlpprop_hidden_units": [
      64,
      32
    ],
    "attention": true,
    "mlpx_dropout": 0.28211766744642347,
    "mlpp_dropout": 0.024270282427834022,
    "mlpsa_dropout": 0.22640377050651717,
    "init_h_dropout": 0.23430980475330349,
    "init_p_dropout": 0.022929063808693362,
    "mlpprop_dropout": 0.05647921979014581,
    "lambda_prop_loss": 0.1525830753430062,
    "max_epochs": 5,
    "lr": 0.003792640640872376,
    "weight_decay": 0.001034460616709146,
    "lr_scheduler_stepsize": 50,
    "lr_scheduler_gamma": 0.3
  },
  "mean_loss": 1.4527403593063355,
  "mean_ci": 0.6208474993705749,
  "std_ci": 0.023579181449743834,
  "mean_ibs": 0.06660223603248597,
  "std_ibs": 0.0015684820247725635
}