{
  "trial_id": 0,
  "split_seed": 1768238455,
  "config": {
    "n_intervals": 15,
    "train_batch_size": 128,
    "lstm_hidden_length": 64,
    "x_embed_dim": 16,
    "p_embed_dim": 16,
    "mlpx_hidden_units": [
      128,
      64
    ],
    "mlpp_hidden_units": [
      16
    ],
    "mlpsa_hidden_units": [
      64,
      32
    ],
    "init_h_hidden": [
      128
    ],
    "init_p_hidden": [
      32,
      32
    ],
    "mlpprop_hidden_units": [
      16,
      8
    ],
    "attention": true,
    "mlpx_dropout": 0.08397866230571621,
    "mlpp_dropout": 0.07431877823056493,
    "mlpsa_dropout": 0.44066929922608605,
    "init_h_dropout": 0.22833632308026047,
    "init_p_dropout": 0.2934277752276495,
    "mlpprop_dropout": 0.47103028927073015,
    "lambda_prop_loss": 0.7104926035905332,
    "max_epochs": 5,
    "lr": 0.00017413346127714355,
    "weight_decay": 0.0010964885304490404,
    "lr_scheduler_stepsize": 200,
    "lr_scheduler_gamma": 0.6
  },
  "mean_loss": 0.22459125518798828,
  "mean_ci": 0.38378227949142457,
  "std_ci": 0.05490372919579955,
  "mean_ibs": 0.09406572729349136,
  "std_ibs": 0.004566100516554492
}