{
  "trial_id": 6,
  "split_seed": 1768238455,
  "config": {
    "n_intervals": 5,
    "train_batch_size": 64,
    "lstm_hidden_length": 16,
    "x_embed_dim": 32,
    "p_embed_dim": 8,
    "mlpx_hidden_units": [
      64,
      32
    ],
    "mlpp_hidden_units": [
      16
    ],
    "mlpsa_hidden_units": [
      128,
      64
    ],
    "init_h_hidden": [
      64,
      64
    ],
    "init_p_hidden": [
      32,
      32
    ],
    "mlpprop_hidden_units": [
      16,
      8
    ],
    "attention": true,
    "mlpx_dropout": 0.06325389417749233,
    "mlpp_dropout": 0.2083591763965617,
    "mlpsa_dropout": 0.4686515687791328,
    "init_h_dropout": 0.4669448112484963,
    "init_p_dropout": 0.2207981945905791,
    "mlpprop_dropout": 0.2973051019080741,
    "lambda_prop_loss": 0.2617165200974675,
    "max_epochs": 5,
    "lr": 0.008222740046062896,
    "weight_decay": 0.0009973084307562038,
    "lr_scheduler_stepsize": 100,
    "lr_scheduler_gamma": 0.1
  },
  "mean_loss": 0.22578907012939453,
  "mean_ci": 0.6830964922904968,
  "std_ci": 0.015061898281639246,
  "mean_ibs": 0.1369154080748558,
  "std_ibs": 0.009309120787149022
}