{
  "trial_id": 8,
  "split_seed": 1768238455,
  "config": {
    "n_intervals": 10,
    "train_batch_size": 256,
    "lstm_hidden_length": 64,
    "x_embed_dim": 32,
    "p_embed_dim": 32,
    "mlpx_hidden_units": [
      64,
      32
    ],
    "mlpp_hidden_units": [
      16
    ],
    "mlpsa_hidden_units": [
      128,
      64
    ],
    "init_h_hidden": [
      128
    ],
    "init_p_hidden": [
      16
    ],
    "mlpprop_hidden_units": [
      64,
      32
    ],
    "attention": true,
    "mlpx_dropout": 0.05704312079587898,
    "mlpp_dropout": 0.4768977874685968,
    "mlpsa_dropout": 0.3514041001835654,
    "init_h_dropout": 0.3283834622564624,
    "init_p_dropout": 0.3364665134102429,
    "mlpprop_dropout": 0.294228856952276,
    "lambda_prop_loss": 0.6457003395251756,
    "max_epochs": 5,
    "lr": 5.911530726230501e-05,
    "weight_decay": 0.008740561353910754,
    "lr_scheduler_stepsize": 50,
    "lr_scheduler_gamma": 0.3
  },
  "mean_loss": 0.005140113784000278,
  "mean_ci": 0.5113401770591736,
  "std_ci": 0.030642654893336504,
  "mean_ibs": 0.10273331105709076,
  "std_ibs": 0.0028816069817908987
}