{
  "trial_id": 4,
  "split_seed": 1768238455,
  "config": {
    "n_intervals": 5,
    "train_batch_size": 256,
    "lstm_hidden_length": 32,
    "x_embed_dim": 32,
    "p_embed_dim": 32,
    "mlpx_hidden_units": [
      128,
      64
    ],
    "mlpp_hidden_units": [
      16
    ],
    "mlpsa_hidden_units": [
      128,
      64
    ],
    "init_h_hidden": [
      64,
      64
    ],
    "init_p_hidden": [
      32
    ],
    "mlpprop_hidden_units": [
      16,
      8
    ],
    "attention": true,
    "mlpx_dropout": 0.38986443289261496,
    "mlpp_dropout": 0.0480053260800703,
    "mlpsa_dropout": 0.1630314530927912,
    "init_h_dropout": 0.18260626910776212,
    "init_p_dropout": 0.16595657936998542,
    "mlpprop_dropout": 0.27000331752214113,
    "lambda_prop_loss": 0.746203394497514,
    "max_epochs": 5,
    "lr": 2.4143010670297754e-05,
    "weight_decay": 0.0012130429298253718,
    "lr_scheduler_stepsize": 200,
    "lr_scheduler_gamma": 0.6
  },
  "mean_loss": -0.7850507497787476,
  "mean_ci": 0.519952929019928,
  "std_ci": 0.025917421439122252,
  "mean_ibs": 0.10921891927719116,
  "std_ibs": 0.0018475489844829072
}