{
  "trial_id": 3,
  "split_seed": 1768238455,
  "config": {
    "n_intervals": 20,
    "train_batch_size": 256,
    "lstm_hidden_length": 32,
    "x_embed_dim": 16,
    "p_embed_dim": 16,
    "mlpx_hidden_units": [
      32,
      32
    ],
    "mlpp_hidden_units": [
      32
    ],
    "mlpsa_hidden_units": [
      128,
      64
    ],
    "init_h_hidden": [
      64,
      64
    ],
    "init_p_hidden": [
      32
    ],
    "mlpprop_hidden_units": [
      16,
      8
    ],
    "attention": true,
    "mlpx_dropout": 0.1044471295418904,
    "mlpp_dropout": 0.2195356611749018,
    "mlpsa_dropout": 0.382435479972217,
    "init_h_dropout": 0.18678036316075436,
    "init_p_dropout": 0.1912856696193122,
    "mlpprop_dropout": 0.1990664840642134,
    "lambda_prop_loss": 0.4794552034238173,
    "max_epochs": 5,
    "lr": 1.593608515136073e-05,
    "weight_decay": 4.969919157553735e-06,
    "lr_scheduler_stepsize": 50,
    "lr_scheduler_gamma": 0.9
  },
  "mean_loss": 1.5887011766433716,
  "mean_ci": 0.48242945075035093,
  "std_ci": 0.07698883271903877,
  "mean_ibs": 0.11360634565353393,
  "std_ibs": 0.0045094118097442236
}