{
  "trial_id": 1,
  "split_seed": 1768238455,
  "config": {
    "n_intervals": 20,
    "train_batch_size": 256,
    "lstm_hidden_length": 32,
    "x_embed_dim": 16,
    "p_embed_dim": 32,
    "mlpx_hidden_units": [
      32,
      32
    ],
    "mlpp_hidden_units": [
      16
    ],
    "mlpsa_hidden_units": [
      64,
      32
    ],
    "init_h_hidden": [
      32
    ],
    "init_p_hidden": [
      32,
      32
    ],
    "mlpprop_hidden_units": [
      32,
      16
    ],
    "attention": true,
    "mlpx_dropout": 0.4228942358691301,
    "mlpp_dropout": 0.4519207776330521,
    "mlpsa_dropout": 0.16346946754804131,
    "init_h_dropout": 0.44545317290269937,
    "init_p_dropout": 0.20442710177570472,
    "mlpprop_dropout": 0.13282703182275357,
    "lambda_prop_loss": 0.5165301650613532,
    "max_epochs": 5,
    "lr": 7.400910130670406e-05,
    "weight_decay": 0.0003402824770944073,
    "lr_scheduler_stepsize": 50,
    "lr_scheduler_gamma": 0.9
  },
  "mean_loss": 1.4285860061645508,
  "mean_ci": 0.46348975896835326,
  "std_ci": 0.034211661786846356,
  "mean_ibs": 0.11043374836444855,
  "std_ibs": 0.0025432683675942476
}