{
  "trial_id": 7,
  "split_seed": 1768238455,
  "config": {
    "n_intervals": 5,
    "train_batch_size": 512,
    "lstm_hidden_length": 16,
    "x_embed_dim": 16,
    "p_embed_dim": 32,
    "mlpx_hidden_units": [
      64,
      32
    ],
    "mlpp_hidden_units": [
      32
    ],
    "mlpsa_hidden_units": [
      128,
      64
    ],
    "init_h_hidden": [
      128
    ],
    "init_p_hidden": [
      32
    ],
    "mlpprop_hidden_units": [
      64,
      32
    ],
    "attention": true,
    "mlpx_dropout": 0.4949803445472986,
    "mlpp_dropout": 0.07648019007635526,
    "mlpsa_dropout": 0.43352886360145626,
    "init_h_dropout": 0.35696589795668077,
    "init_p_dropout": 0.4367609079438725,
    "mlpprop_dropout": 0.28954228794246445,
    "lambda_prop_loss": 0.9988515903953764,
    "max_epochs": 5,
    "lr": 0.0005320760623600772,
    "weight_decay": 0.0007328032610856998,
    "lr_scheduler_stepsize": 200,
    "lr_scheduler_gamma": 0.6
  },
  "mean_loss": -1.5411732912063598,
  "mean_ci": 0.6560386776924133,
  "std_ci": 0.028813508306929105,
  "mean_ibs": 0.1322198748588562,
  "std_ibs": 0.008049128566992124
}