{
  "trial_id": 2,
  "split_seed": 1768238455,
  "config": {
    "n_intervals": 10,
    "train_batch_size": 256,
    "lstm_hidden_length": 64,
    "x_embed_dim": 64,
    "p_embed_dim": 8,
    "mlpx_hidden_units": [
      32,
      32
    ],
    "mlpp_hidden_units": [
      32
    ],
    "mlpsa_hidden_units": [
      128,
      64
    ],
    "init_h_hidden": [
      64
    ],
    "init_p_hidden": [
      32
    ],
    "mlpprop_hidden_units": [
      32,
      16
    ],
    "attention": true,
    "mlpx_dropout": 0.38998194645581086,
    "mlpp_dropout": 0.4692307099866313,
    "mlpsa_dropout": 0.07072630110391454,
    "init_h_dropout": 0.3531157335421958,
    "init_p_dropout": 0.04635582887076528,
    "mlpprop_dropout": 0.47089727341697235,
    "lambda_prop_loss": 0.5702344585384478,
    "max_epochs": 5,
    "lr": 0.006025440694157428,
    "weight_decay": 1.3403314005430636e-05,
    "lr_scheduler_stepsize": 100,
    "lr_scheduler_gamma": 0.3
  },
  "mean_loss": -0.1097292184829712,
  "mean_ci": 0.6384322881698609,
  "std_ci": 0.01702168956650714,
  "mean_ibs": 0.08700871467590332,
  "std_ibs": 0.004156196801353796
}