split,evaluation_protocol,eval_kind,seed,rep,level,axis,predictor,line,arm,kind,n,rmse_S,rmst_mae,rmst_bias
legacy_reused_holdout,1,bestCI,0,0,0.0,gamma,dynasurv,1,ET alone,factual,337,0.110448771994687,1.45290622385194,0.8833607858814172
legacy_reused_holdout,1,bestCI,0,0,0.0,gamma,dynasurv,1,ET+ANTI-CDK wo CT,factual,1254,0.1044815318885205,1.5004847826396397,1.2504837971617904
legacy_reused_holdout,1,bestCI,0,0,0.0,gamma,dynasurv,1,MONOCT std alone,factual,207,0.0972453251101008,1.5367634659044411,1.2546228889936617
legacy_reused_holdout,1,bestCI,0,0,0.0,gamma,dynasurv,1,POLYCT alone,factual,179,0.1090299799929654,1.5044852644483322,0.9092556646732576
legacy_reused_holdout,1,bestCI,0,0,0.0,gamma,dynasurv,1,ET alone,counterfactual,1640,0.1091148854422701,1.5774475994422088,0.9150133512915912
legacy_reused_holdout,1,bestCI,0,0,0.0,gamma,dynasurv,1,ET+ANTI-CDK wo CT,counterfactual,723,0.1054596566817936,1.426152247683462,1.181522773979919
legacy_reused_holdout,1,bestCI,0,0,0.0,gamma,dynasurv,1,MONOCT std alone,counterfactual,1770,0.0963349779270075,1.4549042957233342,1.1644840864640371
legacy_reused_holdout,1,bestCI,0,0,0.0,gamma,dynasurv,1,POLYCT alone,counterfactual,1798,0.107022212468981,1.5050286318550614,1.0570756562014183
legacy_reused_holdout,1,bestCI,0,0,0.0,gamma,dynasurv,2,ET alone,factual,131,0.1442390379388294,1.649248545426167,0.6842774003825646
legacy_reused_holdout,1,bestCI,0,0,0.0,gamma,dynasurv,2,ET+ANTI-CDK wo CT,factual,328,0.1288853522888007,1.4658610186023715,0.5979821134922157
legacy_reused_holdout,1,bestCI,0,0,0.0,gamma,dynasurv,2,MONOCT std alone,factual,278,0.1003122886772105,1.1894907803527908,0.4615658449964733
legacy_reused_holdout,1,bestCI,0,0,0.0,gamma,dynasurv,2,POLYCT alone,factual,103,0.148723075730571,1.6962481551392252,0.4169554968553862
legacy_reused_holdout,1,bestCI,0,0,0.0,gamma,dynasurv,2,ET alone,counterfactual,709,0.1302017169375312,1.492894476874914,0.3054689529389829
legacy_reused_holdout,1,bestCI,0,0,0.0,gamma,dynasurv,2,ET+ANTI-CDK wo CT,counterfactual,512,0.1379183699841059,1.587815117503811,0.7906772156347046
legacy_reused_holdout,1,bestCI,0,0,0.0,gamma,dynasurv,2,MONOCT std alone,counterfactual,562,0.1102298012701311,1.285577330039696,0.4903898266131735
legacy_reused_holdout,1,bestCI,0,0,0.0,gamma,dynasurv,2,POLYCT alone,counterfactual,737,0.1207234301729062,1.4208464541697754,0.2746413794276568
legacy_reused_holdout,1,bestCI,0,0,0.0,gamma,dynasurv,3,ET alone,factual,19,0.150188605927428,1.3263115570929236,0.4782314198792148
legacy_reused_holdout,1,bestCI,0,0,0.0,gamma,dynasurv,3,ET+ANTI-CDK wo CT,factual,42,0.1080234058220236,0.8813902097147986,0.0084702167658754
legacy_reused_holdout,1,bestCI,0,0,0.0,gamma,dynasurv,3,MONOCT std alone,factual,275,0.1006222185797713,0.7898988276564369,0.1187118900942678
legacy_reused_holdout,1,bestCI,0,0,0.0,gamma,dynasurv,3,POLYCT alone,factual,102,0.1131227650733726,0.8475427917858144,0.1619940075337897
legacy_reused_holdout,1,bestCI,0,0,0.0,gamma,dynasurv,3,ET alone,counterfactual,419,0.1168363136750244,0.9277596713697592,-0.305362927332708
legacy_reused_holdout,1,bestCI,0,0,0.0,gamma,dynasurv,3,ET+ANTI-CDK wo CT,counterfactual,396,0.1221761539200709,0.8903499017103732,0.1413866413972124
legacy_reused_holdout,1,bestCI,0,0,0.0,gamma,dynasurv,3,MONOCT std alone,counterfactual,163,0.0973945279234567,0.7657780911811003,0.1776248201475346
legacy_reused_holdout,1,bestCI,0,0,0.0,gamma,dynasurv,3,POLYCT alone,counterfactual,336,0.1222501514339927,0.9321499649575278,0.141775266666133
legacy_reused_holdout,1,bestCI,0,0,0.0,gamma,dynasurv,4,MONOCT std alone,factual,120,0.1225688084851183,0.9878315695089076,-0.2523549859032009
legacy_reused_holdout,1,bestCI,0,0,0.0,gamma,dynasurv,4,POLYCT alone,factual,71,0.124944664215957,1.0839450171198486,-0.1494895085391406
legacy_reused_holdout,1,bestCI,0,0,0.0,gamma,dynasurv,4,MONOCT std alone,counterfactual,78,0.1019099314199776,0.8921034400597108,-0.1157902632723062
legacy_reused_holdout,1,bestCI,0,0,0.0,gamma,dynasurv,4,POLYCT alone,counterfactual,127,0.1392354570923928,1.1659996557064831,-0.1489512718923033
legacy_reused_holdout,1,bestCI,0,0,0.0,gamma,dynasurv,all,ET alone,factual,487,0.1221391930269217,1.500782087214984,0.8140027130797919
legacy_reused_holdout,1,bestCI,0,0,0.0,gamma,dynasurv,all,ET+ANTI-CDK wo CT,factual,1624,0.1099367384654404,1.477480739125436,1.0865767019522776
legacy_reused_holdout,1,bestCI,0,0,0.0,gamma,dynasurv,all,MONOCT std alone,factual,880,0.1030336419767934,1.1188073185532774,0.443619789088917
legacy_reused_holdout,1,bestCI,0,0,0.0,gamma,dynasurv,all,POLYCT alone,factual,455,0.1224273056376412,1.3350019413038547,0.4650831072852427
legacy_reused_holdout,1,bestCI,0,0,0.0,gamma,dynasurv,all,ET alone,counterfactual,2768,0.1160291071765686,1.4574449239499514,0.5741518486992572
legacy_reused_holdout,1,bestCI,0,0,0.0,gamma,dynasurv,all,ET+ANTI-CDK wo CT,counterfactual,1631,0.1205218332063663,1.346810531155366,0.80628866338795
legacy_reused_holdout,1,bestCI,0,0,0.0,gamma,dynasurv,all,MONOCT std alone,counterfactual,2573,0.0997689663335283,1.3572020832101777,0.9159180414872748
legacy_reused_holdout,1,bestCI,0,0,0.0,gamma,dynasurv,all,POLYCT alone,counterfactual,2998,0.1137900589487786,1.405767065143088,0.7110581736350339
legacy_reused_holdout,1,bestCI,0,0,0.0,gamma,oracle,1,ET alone,factual,337,0.0,7.557129396043443e-06,-7.297814053078895e-06
legacy_reused_holdout,1,bestCI,0,0,0.0,gamma,oracle,1,ET+ANTI-CDK wo CT,factual,1254,0.0,7.365877249388856e-06,-7.291412434992681e-06
legacy_reused_holdout,1,bestCI,0,0,0.0,gamma,oracle,1,MONOCT std alone,factual,207,0.0,8.7381554897827e-06,-8.7381554897827e-06
legacy_reused_holdout,1,bestCI,0,0,0.0,gamma,oracle,1,POLYCT alone,factual,179,0.0,8.142434415896113e-06,-8.005310508285691e-06
legacy_reused_holdout,1,bestCI,0,0,0.0,gamma,oracle,1,ET alone,counterfactual,1640,0.0,7.951899106763375e-06,-7.826659197159397e-06
legacy_reused_holdout,1,bestCI,0,0,0.0,gamma,oracle,1,ET+ANTI-CDK wo CT,counterfactual,723,0.0,7.052296004331019e-06,-6.9673676845271625e-06
legacy_reused_holdout,1,bestCI,0,0,0.0,gamma,oracle,1,MONOCT std alone,counterfactual,1770,0.0,8.729330083046497e-06,-8.705045776429163e-06
legacy_reused_holdout,1,bestCI,0,0,0.0,gamma,oracle,1,POLYCT alone,counterfactual,1798,0.0,7.978498166079276e-06,-7.918779250616794e-06
legacy_reused_holdout,1,bestCI,0,0,0.0,gamma,oracle,2,ET alone,factual,131,0.0,1.2651228670049472e-05,-1.1210024552997725e-05
legacy_reused_holdout,1,bestCI,0,0,0.0,gamma,oracle,2,ET+ANTI-CDK wo CT,factual,328,0.0,1.20725517813535e-05,-1.1576544535622149e-05
legacy_reused_holdout,1,bestCI,0,0,0.0,gamma,oracle,2,MONOCT std alone,factual,278,0.0,1.4160188610374792e-05,-1.3939044596297062e-05
legacy_reused_holdout,1,bestCI,0,0,0.0,gamma,oracle,2,POLYCT alone,factual,103,0.0,1.315367656570998e-05,-1.0349464207053168e-05
legacy_reused_holdout,1,bestCI,0,0,0.0,gamma,oracle,2,ET alone,counterfactual,709,0.0,1.2505200283996236e-05,-1.1637038580253638e-05
legacy_reused_holdout,1,bestCI,0,0,0.0,gamma,oracle,2,ET+ANTI-CDK wo CT,counterfactual,512,0.0,1.2140433153663003e-05,-1.0886206012073602e-05
legacy_reused_holdout,1,bestCI,0,0,0.0,gamma,oracle,2,MONOCT std alone,counterfactual,562,0.0,1.3811260160353908e-05,-1.355937566298656e-05
legacy_reused_holdout,1,bestCI,0,0,0.0,gamma,oracle,2,POLYCT alone,counterfactual,737,0.0,1.3294582312635587e-05,-1.2573420037606129e-05
legacy_reused_holdout,1,bestCI,0,0,0.0,gamma,oracle,3,ET alone,factual,19,0.0,1.3240501801999696e-05,-9.810234019989506e-06
legacy_reused_holdout,1,bestCI,0,0,0.0,gamma,oracle,3,ET+ANTI-CDK wo CT,factual,42,0.0,1.418013388927653e-05,-1.418013388927653e-05
legacy_reused_holdout,1,bestCI,0,0,0.0,gamma,oracle,3,MONOCT std alone,factual,275,0.0,1.705730162844658e-05,-1.6389605056836843e-05
legacy_reused_holdout,1,bestCI,0,0,0.0,gamma,oracle,3,POLYCT alone,factual,102,0.0,1.6733273246526426e-05,-1.5187655059372052e-05
legacy_reused_holdout,1,bestCI,0,0,0.0,gamma,oracle,3,ET alone,counterfactual,419,0.0,1.5823553789919186e-05,-1.4344745219054851e-05
legacy_reused_holdout,1,bestCI,0,0,0.0,gamma,oracle,3,ET+ANTI-CDK wo CT,counterfactual,396,0.0,1.5121504924970616e-05,-1.346948487836245e-05
legacy_reused_holdout,1,bestCI,0,0,0.0,gamma,oracle,3,MONOCT std alone,counterfactual,163,0.0,1.694659316896653e-05,-1.6593598114092327e-05
legacy_reused_holdout,1,bestCI,0,0,0.0,gamma,oracle,3,POLYCT alone,counterfactual,336,0.0,1.6467555357601344e-05,-1.4293807191554217e-05
legacy_reused_holdout,1,bestCI,0,0,0.0,gamma,oracle,4,MONOCT std alone,factual,120,0.0,1.7457233659886235e-05,-1.4318099667990728e-05
legacy_reused_holdout,1,bestCI,0,0,0.0,gamma,oracle,4,POLYCT alone,factual,71,0.0,1.784545220938017e-05,-1.399721953875449e-05
legacy_reused_holdout,1,bestCI,0,0,0.0,gamma,oracle,4,MONOCT std alone,counterfactual,78,0.0,1.6372523109777258e-05,-1.542844712249966e-05
legacy_reused_holdout,1,bestCI,0,0,0.0,gamma,oracle,4,POLYCT alone,counterfactual,127,0.0,1.7581530962777353e-05,-1.2359764282622598e-05
legacy_reused_holdout,1,bestCI,0,0,0.0,gamma,oracle,all,ET alone,factual,487,0.0,9.149143935279495e-06,-8.448195069219898e-06
legacy_reused_holdout,1,bestCI,0,0,0.0,gamma,oracle,all,ET+ANTI-CDK wo CT,factual,1624,0.0,8.492717166482258e-06,-8.335039054504003e-06
legacy_reused_holdout,1,bestCI,0,0,0.0,gamma,oracle,all,MONOCT std alone,factual,880,0.0,1.423972341713451e-05,-1.3533143107891616e-05
legacy_reused_holdout,1,bestCI,0,0,0.0,gamma,oracle,all,POLYCT alone,factual,455,0.0,1.271680313126422e-05,-1.1081074280477215e-05
legacy_reused_holdout,1,bestCI,0,0,0.0,gamma,oracle,all,ET alone,counterfactual,2768,0.0,1.0309743704632013e-05,-9.78931708219842e-06
legacy_reused_holdout,1,bestCI,0,0,0.0,gamma,oracle,all,ET+ANTI-CDK wo CT,counterfactual,1631,0.0,1.060872332072051e-05,-9.77624790062928e-06
legacy_reused_holdout,1,bestCI,0,0,0.0,gamma,oracle,all,MONOCT std alone,counterfactual,2573,0.0,1.059160277738646e-05,-1.046889837350567e-05
legacy_reused_holdout,1,bestCI,0,0,0.0,gamma,oracle,all,POLYCT alone,counterfactual,2998,0.0,1.06435623413775e-05,-9.965638739352902e-06
legacy_reused_holdout,1,bestCI,0,0,0.0,gamma,naive_km,1,ET alone,factual,337,0.1353365522121407,2.0071590928315253,0.3216366402609074
legacy_reused_holdout,1,bestCI,0,0,0.0,gamma,naive_km,1,ET+ANTI-CDK wo CT,factual,1254,0.1255400288131145,2.0025928042356664,0.0582530031366387
legacy_reused_holdout,1,bestCI,0,0,0.0,gamma,naive_km,1,MONOCT std alone,factual,207,0.1042642073908238,1.6310683055190476,0.6392515024137099
legacy_reused_holdout,1,bestCI,0,0,0.0,gamma,naive_km,1,POLYCT alone,factual,179,0.1250272906223504,1.8994948388563293,0.2766170420406693
legacy_reused_holdout,1,bestCI,0,0,0.0,gamma,naive_km,1,ET alone,counterfactual,1640,0.1378296328495528,2.07171295552832,0.6147065772850554
legacy_reused_holdout,1,bestCI,0,0,0.0,gamma,naive_km,1,ET+ANTI-CDK wo CT,counterfactual,723,0.122823044461251,1.9743074628231965,-0.1455560841112039
legacy_reused_holdout,1,bestCI,0,0,0.0,gamma,naive_km,1,MONOCT std alone,counterfactual,1770,0.1033259780863734,1.524718263371106,0.6175710701590437
legacy_reused_holdout,1,bestCI,0,0,0.0,gamma,naive_km,1,POLYCT alone,counterfactual,1798,0.126601929577111,1.9352305735316424,0.255986623558101
legacy_reused_holdout,1,bestCI,0,0,0.0,gamma,naive_km,2,ET alone,factual,131,0.188938210515228,2.3007710445332417,0.8056960574317392
legacy_reused_holdout,1,bestCI,0,0,0.0,gamma,naive_km,2,ET+ANTI-CDK wo CT,factual,328,0.1649353395450104,2.0726369971557492,0.3493343502173975
legacy_reused_holdout,1,bestCI,0,0,0.0,gamma,naive_km,2,MONOCT std alone,factual,278,0.1281989988982642,1.6314913859429496,0.2339639005153658
legacy_reused_holdout,1,bestCI,0,0,0.0,gamma,naive_km,2,POLYCT alone,factual,103,0.1953616258866869,2.4070652123391665,0.528995746115075
legacy_reused_holdout,1,bestCI,0,0,0.0,gamma,naive_km,2,ET alone,counterfactual,709,0.1730222697123163,2.1837591729058525,0.4151847999665598
legacy_reused_holdout,1,bestCI,0,0,0.0,gamma,naive_km,2,ET+ANTI-CDK wo CT,counterfactual,512,0.1835717526140017,2.2788678427686606,0.5994168365143342
legacy_reused_holdout,1,bestCI,0,0,0.0,gamma,naive_km,2,MONOCT std alone,counterfactual,562,0.1374019609929452,1.729003412317553,0.2864377350517098
legacy_reused_holdout,1,bestCI,0,0,0.0,gamma,naive_km,2,POLYCT alone,counterfactual,737,0.1509046219044019,1.8604545175193024,0.0561134077035785
legacy_reused_holdout,1,bestCI,0,0,0.0,gamma,naive_km,3,ET alone,factual,19,0.217436320711899,1.955843079811245,0.6422477014932643
legacy_reused_holdout,1,bestCI,0,0,0.0,gamma,naive_km,3,ET+ANTI-CDK wo CT,factual,42,0.1694773243711094,1.3556409923127173,0.5793357481357942
legacy_reused_holdout,1,bestCI,0,0,0.0,gamma,naive_km,3,MONOCT std alone,factual,275,0.1346771542178676,1.0953307160731784,0.1626989431062517
legacy_reused_holdout,1,bestCI,0,0,0.0,gamma,naive_km,3,POLYCT alone,factual,102,0.1487977063176897,1.1661728226110284,0.1622426161831812
legacy_reused_holdout,1,bestCI,0,0,0.0,gamma,naive_km,3,ET alone,counterfactual,419,0.1655270228430427,1.4769326312845736,-0.489291795336452
legacy_reused_holdout,1,bestCI,0,0,0.0,gamma,naive_km,3,ET+ANTI-CDK wo CT,counterfactual,396,0.1644410543884493,1.299649597924659,0.3870520480306592
legacy_reused_holdout,1,bestCI,0,0,0.0,gamma,naive_km,3,MONOCT std alone,counterfactual,163,0.1400402030886594,1.1593191617011518,0.3202282056354435
legacy_reused_holdout,1,bestCI,0,0,0.0,gamma,naive_km,3,POLYCT alone,counterfactual,336,0.1576639941629387,1.2723608466198812,0.1455464101467558
legacy_reused_holdout,1,bestCI,0,0,0.0,gamma,naive_km,4,MONOCT std alone,factual,120,0.1612834137921529,1.324469890263333,0.0094586600100916
legacy_reused_holdout,1,bestCI,0,0,0.0,gamma,naive_km,4,POLYCT alone,factual,71,0.1637997911360362,1.421394839372334,-0.1054961796943016
legacy_reused_holdout,1,bestCI,0,0,0.0,gamma,naive_km,4,MONOCT std alone,counterfactual,78,0.1471031574475609,1.276879474394682,0.3892349023591565
legacy_reused_holdout,1,bestCI,0,0,0.0,gamma,naive_km,4,POLYCT alone,counterfactual,127,0.1828986517123522,1.5979063349594744,-0.2784791808454589
legacy_reused_holdout,1,bestCI,0,0,0.0,gamma,naive_km,all,ET alone,factual,487,0.1553109775897716,2.084136837031812,0.4643540813549398
legacy_reused_holdout,1,bestCI,0,0,0.0,gamma,naive_km,all,ET+ANTI-CDK wo CT,factual,1624,0.1356714848558049,2.000008148556493,0.1305191097452923
legacy_reused_holdout,1,bestCI,0,0,0.0,gamma,naive_km,all,MONOCT std alone,factual,880,0.1302473199742184,1.4219750889617124,0.2764139476117498
legacy_reused_holdout,1,bestCI,0,0,0.0,gamma,naive_km,all,POLYCT alone,factual,455,0.1547243206512009,1.7753977022592915,0.2484824845440035
legacy_reused_holdout,1,bestCI,0,0,0.0,gamma,naive_km,all,ET alone,counterfactual,2768,0.1518913513342037,2.0103790726751916,0.3964853857217515
legacy_reused_holdout,1,bestCI,0,0,0.0,gamma,naive_km,all,ET+ANTI-CDK wo CT,counterfactual,1631,0.1543735478986853,1.9061102831985837,0.2176192412649171
legacy_reused_holdout,1,bestCI,0,0,0.0,gamma,naive_km,all,MONOCT std alone,counterfactual,2573,0.115612977530164,1.538677367372482,0.5194855504015389
legacy_reused_holdout,1,bestCI,0,0,0.0,gamma,naive_km,all,POLYCT alone,counterfactual,2998,0.1393329744669016,1.8282678117497504,0.1718333117001133
legacy_reused_holdout,1,bestCI,1,1,0.0,gamma,dynasurv,1,ET alone,factual,356,0.1167054983925195,1.5790369395204098,-0.0496891394109687
legacy_reused_holdout,1,bestCI,1,1,0.0,gamma,dynasurv,1,ET+ANTI-CDK wo CT,factual,1252,0.1164219895916206,1.6243421968124978,0.7322563705802965
legacy_reused_holdout,1,bestCI,1,1,0.0,gamma,dynasurv,1,MONOCT std alone,factual,181,0.1098784362873524,1.507974111618705,-0.4895761075304953
legacy_reused_holdout,1,bestCI,1,1,0.0,gamma,dynasurv,1,POLYCT alone,factual,188,0.1112388386298134,1.5932331854571398,0.1478123436826317
legacy_reused_holdout,1,bestCI,1,1,0.0,gamma,dynasurv,1,ET alone,counterfactual,1621,0.1170410518171948,1.641726529491416,-0.0872216800657602
legacy_reused_holdout,1,bestCI,1,1,0.0,gamma,dynasurv,1,ET+ANTI-CDK wo CT,counterfactual,725,0.1195598648886175,1.6397873740545097,0.6776252616214901
legacy_reused_holdout,1,bestCI,1,1,0.0,gamma,dynasurv,1,MONOCT std alone,counterfactual,1796,0.1140441995118264,1.5938006722255147,-0.3857254240493618
legacy_reused_holdout,1,bestCI,1,1,0.0,gamma,dynasurv,1,POLYCT alone,counterfactual,1789,0.1079769027309,1.5073739878088916,0.1429239479036812
legacy_reused_holdout,1,bestCI,1,1,0.0,gamma,dynasurv,2,ET alone,factual,127,0.1230093377657461,1.4022888156627935,0.7529216643507105
legacy_reused_holdout,1,bestCI,1,1,0.0,gamma,dynasurv,2,ET+ANTI-CDK wo CT,factual,338,0.15318368886,1.784898678018107,1.4517410370582264
legacy_reused_holdout,1,bestCI,1,1,0.0,gamma,dynasurv,2,MONOCT std alone,factual,269,0.1153165244143935,1.3274304732371454,0.5516674339153441
legacy_reused_holdout,1,bestCI,1,1,0.0,gamma,dynasurv,2,POLYCT alone,factual,106,0.1147566306344221,1.3925416626272182,0.2480543278987145
legacy_reused_holdout,1,bestCI,1,1,0.0,gamma,dynasurv,2,ET alone,counterfactual,713,0.1315500729826653,1.5279286188533097,0.8341687496103651
legacy_reused_holdout,1,bestCI,1,1,0.0,gamma,dynasurv,2,ET+ANTI-CDK wo CT,counterfactual,502,0.1481389585596207,1.7258746785401202,1.3659429064284183
legacy_reused_holdout,1,bestCI,1,1,0.0,gamma,dynasurv,2,MONOCT std alone,counterfactual,571,0.1101428637176108,1.2974169602879204,0.5148670482044385
legacy_reused_holdout,1,bestCI,1,1,0.0,gamma,dynasurv,2,POLYCT alone,counterfactual,734,0.1106237617682975,1.3134598003487226,0.2756891450937306
legacy_reused_holdout,1,bestCI,1,1,0.0,gamma,dynasurv,3,ET alone,factual,29,0.1034133946465958,0.7742549587294794,0.0417508778353394
legacy_reused_holdout,1,bestCI,1,1,0.0,gamma,dynasurv,3,ET+ANTI-CDK wo CT,factual,40,0.1220931835476399,0.9057760968739615,0.1501801844695939
legacy_reused_holdout,1,bestCI,1,1,0.0,gamma,dynasurv,3,MONOCT std alone,factual,261,0.1105665795299516,0.8716406695700153,-0.2587897547797269
legacy_reused_holdout,1,bestCI,1,1,0.0,gamma,dynasurv,3,POLYCT alone,factual,108,0.1045266065314815,0.7966646472068838,-0.3283436229481347
legacy_reused_holdout,1,bestCI,1,1,0.0,gamma,dynasurv,3,ET alone,counterfactual,409,0.1087748078862604,0.840345041778302,-0.0082747002584188
legacy_reused_holdout,1,bestCI,1,1,0.0,gamma,dynasurv,3,ET+ANTI-CDK wo CT,counterfactual,398,0.110325688101325,0.8077037546067503,0.2786631878564378
legacy_reused_holdout,1,bestCI,1,1,0.0,gamma,dynasurv,3,MONOCT std alone,counterfactual,177,0.1021785016910352,0.8116616292199172,-0.2387246583349157
legacy_reused_holdout,1,bestCI,1,1,0.0,gamma,dynasurv,3,POLYCT alone,counterfactual,330,0.1210334304685862,0.927293677117581,-0.3207783098861189
legacy_reused_holdout,1,bestCI,1,1,0.0,gamma,dynasurv,4,ET alone,factual,3,0.0803822402705056,0.7359035479190457,-0.0459564985483703
legacy_reused_holdout,1,bestCI,1,1,0.0,gamma,dynasurv,4,MONOCT std alone,factual,117,0.1460359426726889,1.1882813943852455,-0.5428381301196323
legacy_reused_holdout,1,bestCI,1,1,0.0,gamma,dynasurv,4,POLYCT alone,factual,74,0.1379539164924619,1.1064961887768012,-0.4529381726017208
legacy_reused_holdout,1,bestCI,1,1,0.0,gamma,dynasurv,4,ET alone,counterfactual,195,0.1354710450159875,1.0576653260216444,-0.2128163032249192
legacy_reused_holdout,1,bestCI,1,1,0.0,gamma,dynasurv,4,MONOCT std alone,counterfactual,81,0.1246908925595439,1.051275666199175,-0.5032236222746093
legacy_reused_holdout,1,bestCI,1,1,0.0,gamma,dynasurv,4,POLYCT alone,counterfactual,124,0.1502317554758172,1.1333325605742852,-0.6389728678680471
legacy_reused_holdout,1,bestCI,1,1,0.0,gamma,dynasurv,all,ET alone,factual,515,0.1174153357044893,1.4852212320492288,0.1534070363180875
legacy_reused_holdout,1,bestCI,1,1,0.0,gamma,dynasurv,all,ET+ANTI-CDK wo CT,factual,1630,0.1250698688898782,1.640001980033329,0.867166045319629
legacy_reused_holdout,1,bestCI,1,1,0.0,gamma,dynasurv,all,MONOCT std alone,factual,828,0.1175859958777819,1.2035618954162142,-0.0860759939146109
legacy_reused_holdout,1,bestCI,1,1,0.0,gamma,dynasurv,all,POLYCT alone,factual,476,0.1151410571981334,1.2921381406980128,-0.0312942367254777
legacy_reused_holdout,1,bestCI,1,1,0.0,gamma,dynasurv,all,ET alone,counterfactual,2938,0.1209253505098377,1.463784094693513,0.1390375914060723
legacy_reused_holdout,1,bestCI,1,1,0.0,gamma,dynasurv,all,ET+ANTI-CDK wo CT,counterfactual,1625,0.1270357483971446,1.4625852487077824,0.7925474476735438
legacy_reused_holdout,1,bestCI,1,1,0.0,gamma,dynasurv,all,MONOCT std alone,counterfactual,2625,0.1127885660621,1.4598508681811373,-0.1835387257133115
legacy_reused_holdout,1,bestCI,1,1,0.0,gamma,dynasurv,all,POLYCT alone,counterfactual,2977,0.1121943619511945,1.3796814607343242,0.0916887126034353
legacy_reused_holdout,1,bestCI,1,1,0.0,gamma,oracle,1,ET alone,factual,356,0.0,7.740158072647506e-06,-7.617038277055395e-06
legacy_reused_holdout,1,bestCI,1,1,0.0,gamma,oracle,1,ET+ANTI-CDK wo CT,factual,1252,0.0,7.200425653492467e-06,-7.135283641589948e-06
legacy_reused_holdout,1,bestCI,1,1,0.0,gamma,oracle,1,MONOCT std alone,factual,181,0.0,8.608184988857447e-06,-8.608184988857447e-06
legacy_reused_holdout,1,bestCI,1,1,0.0,gamma,oracle,1,POLYCT alone,factual,188,0.0,8.070153562451855e-06,-8.070153562451855e-06
legacy_reused_holdout,1,bestCI,1,1,0.0,gamma,oracle,1,ET alone,counterfactual,1621,0.0,7.785590176561873e-06,-7.675127914021121e-06
legacy_reused_holdout,1,bestCI,1,1,0.0,gamma,oracle,1,ET+ANTI-CDK wo CT,counterfactual,725,0.0,7.101040775581694e-06,-7.0563190904679155e-06
legacy_reused_holdout,1,bestCI,1,1,0.0,gamma,oracle,1,MONOCT std alone,counterfactual,1796,0.0,8.629603156937202e-06,-8.623991120111353e-06
legacy_reused_holdout,1,bestCI,1,1,0.0,gamma,oracle,1,POLYCT alone,counterfactual,1789,0.0,7.907100047417898e-06,-7.80709702302995e-06
legacy_reused_holdout,1,bestCI,1,1,0.0,gamma,oracle,2,ET alone,factual,127,0.0,1.3215161555944403e-05,-1.1968288593689624e-05
legacy_reused_holdout,1,bestCI,1,1,0.0,gamma,oracle,2,ET+ANTI-CDK wo CT,factual,338,0.0,1.2259244435230768e-05,-1.1195291825600178e-05
legacy_reused_holdout,1,bestCI,1,1,0.0,gamma,oracle,2,MONOCT std alone,factual,269,0.0,1.4155750729820729e-05,-1.4108145470731989e-05
legacy_reused_holdout,1,bestCI,1,1,0.0,gamma,oracle,2,POLYCT alone,factual,106,0.0,1.353762860752719e-05,-1.317021554904243e-05
legacy_reused_holdout,1,bestCI,1,1,0.0,gamma,oracle,2,ET alone,counterfactual,713,0.0,1.2638477550452651e-05,-1.189938280457497e-05
legacy_reused_holdout,1,bestCI,1,1,0.0,gamma,oracle,2,ET+ANTI-CDK wo CT,counterfactual,502,0.0,1.2159557202272224e-05,-1.138212039542583e-05
legacy_reused_holdout,1,bestCI,1,1,0.0,gamma,oracle,2,MONOCT std alone,counterfactual,571,0.0,1.4208830757822028e-05,-1.395383561141038e-05
legacy_reused_holdout,1,bestCI,1,1,0.0,gamma,oracle,2,POLYCT alone,counterfactual,734,0.0,1.3470025330245456e-05,-1.2533820154788629e-05
legacy_reused_holdout,1,bestCI,1,1,0.0,gamma,oracle,3,ET alone,factual,29,0.0,1.3830341458497609e-05,-1.2762680069804564e-05
legacy_reused_holdout,1,bestCI,1,1,0.0,gamma,oracle,3,ET+ANTI-CDK wo CT,factual,40,0.0,1.5571013549720015e-05,-1.4658194040539918e-05
legacy_reused_holdout,1,bestCI,1,1,0.0,gamma,oracle,3,MONOCT std alone,factual,261,0.0,1.7366363281288335e-05,-1.689305537210425e-05
legacy_reused_holdout,1,bestCI,1,1,0.0,gamma,oracle,3,POLYCT alone,factual,108,0.0,1.5648214265481693e-05,-1.4737943072228598e-05
legacy_reused_holdout,1,bestCI,1,1,0.0,gamma,oracle,3,ET alone,counterfactual,409,0.0,1.565105380538067e-05,-1.418449550068973e-05
legacy_reused_holdout,1,bestCI,1,1,0.0,gamma,oracle,3,ET+ANTI-CDK wo CT,counterfactual,398,0.0,1.4679115708996678e-05,-1.3514567678214105e-05
legacy_reused_holdout,1,bestCI,1,1,0.0,gamma,oracle,3,MONOCT std alone,counterfactual,177,0.0,1.66492231782365e-05,-1.6067262329841176e-05
legacy_reused_holdout,1,bestCI,1,1,0.0,gamma,oracle,3,POLYCT alone,counterfactual,330,0.0,1.5874823817640266e-05,-1.4889743183025306e-05
legacy_reused_holdout,1,bestCI,1,1,0.0,gamma,oracle,4,ET alone,factual,3,0.0,1.7926904186301346e-05,-1.7926904186301346e-05
legacy_reused_holdout,1,bestCI,1,1,0.0,gamma,oracle,4,MONOCT std alone,factual,117,0.0,1.8418705235550024e-05,-1.4763253979208293e-05
legacy_reused_holdout,1,bestCI,1,1,0.0,gamma,oracle,4,POLYCT alone,factual,74,0.0,1.8266761504407096e-05,-1.5638042546786916e-05
legacy_reused_holdout,1,bestCI,1,1,0.0,gamma,oracle,4,ET alone,counterfactual,195,0.0,1.7415346707428407e-05,-1.2932822006491052e-05
legacy_reused_holdout,1,bestCI,1,1,0.0,gamma,oracle,4,MONOCT std alone,counterfactual,81,0.0,1.800194847658945e-05,-1.7751924654564857e-05
legacy_reused_holdout,1,bestCI,1,1,0.0,gamma,oracle,4,POLYCT alone,counterfactual,124,0.0,1.920986011579969e-05,-1.3586337334052288e-05
legacy_reused_holdout,1,bestCI,1,1,0.0,gamma,oracle,all,ET alone,factual,515,0.0,9.492587196743274e-06,-9.03987711187095e-06
legacy_reused_holdout,1,bestCI,1,1,0.0,gamma,oracle,all,ET+ANTI-CDK wo CT,factual,1630,0.0,8.454845447404521e-06,-8.161786207328265e-06
legacy_reused_holdout,1,bestCI,1,1,0.0,gamma,oracle,all,MONOCT std alone,factual,828,0.0,1.4557473138020026e-05,-1.3876281138039471e-05
legacy_reused_holdout,1,bestCI,1,1,0.0,gamma,oracle,all,POLYCT alone,factual,476,0.0,1.2592279399447437e-05,-1.189526201303018e-05
legacy_reused_holdout,1,bestCI,1,1,0.0,gamma,oracle,all,ET alone,counterfactual,2938,0.0,1.0697396114373305e-05,-9.95541226662289e-06
legacy_reused_holdout,1,bestCI,1,1,0.0,gamma,oracle,all,ET+ANTI-CDK wo CT,counterfactual,1625,0.0,1.05197786646265e-05,-9.974433055398288e-06
legacy_reused_holdout,1,bestCI,1,1,0.0,gamma,oracle,all,MONOCT std alone,counterfactual,2625,0.0,1.067317331875322e-05,-1.056691029151884e-05
legacy_reused_holdout,1,bestCI,1,1,0.0,gamma,oracle,all,POLYCT alone,counterfactual,2977,0.0,1.0632688979311802e-05,-9.998334446636302e-06
legacy_reused_holdout,1,bestCI,1,1,0.0,gamma,naive_km,1,ET alone,factual,356,0.1352621369320014,2.177896987025335,0.1022798071922571
legacy_reused_holdout,1,bestCI,1,1,0.0,gamma,naive_km,1,ET+ANTI-CDK wo CT,factual,1252,0.1226022881672354,1.977620497746417,-0.0529683437287275
legacy_reused_holdout,1,bestCI,1,1,0.0,gamma,naive_km,1,MONOCT std alone,factual,181,0.0901924083806835,1.5582356904662669,-0.5995284116020175
legacy_reused_holdout,1,bestCI,1,1,0.0,gamma,naive_km,1,POLYCT alone,factual,188,0.1193822537312031,1.969757464351464,-0.1980871302246597
legacy_reused_holdout,1,bestCI,1,1,0.0,gamma,naive_km,1,ET alone,counterfactual,1621,0.1323567394175182,2.122219141109269,0.0778766354608623
legacy_reused_holdout,1,bestCI,1,1,0.0,gamma,naive_km,1,ET+ANTI-CDK wo CT,counterfactual,725,0.123113093317184,2.0077648719549126,-0.0869871888236405
legacy_reused_holdout,1,bestCI,1,1,0.0,gamma,naive_km,1,MONOCT std alone,counterfactual,1796,0.1011138814072519,1.71863523161176,-0.4056878563136573
legacy_reused_holdout,1,bestCI,1,1,0.0,gamma,naive_km,1,POLYCT alone,counterfactual,1789,0.1256934739306427,2.0154275126807675,-0.229554330398344
legacy_reused_holdout,1,bestCI,1,1,0.0,gamma,naive_km,2,ET alone,factual,127,0.1703781801127441,2.162266720432837,0.0624206297142709
legacy_reused_holdout,1,bestCI,1,1,0.0,gamma,naive_km,2,ET+ANTI-CDK wo CT,factual,338,0.1880723874206969,2.3323162484196858,0.6706591854066923
legacy_reused_holdout,1,bestCI,1,1,0.0,gamma,naive_km,2,MONOCT std alone,factual,269,0.1359257731650461,1.7096958028597118,0.2968856533983191
legacy_reused_holdout,1,bestCI,1,1,0.0,gamma,naive_km,2,POLYCT alone,factual,106,0.1508668936267844,1.9302470043134807,0.0054770640029236
legacy_reused_holdout,1,bestCI,1,1,0.0,gamma,naive_km,2,ET alone,counterfactual,713,0.1767515170317099,2.2917777607086585,0.2720706168419273
legacy_reused_holdout,1,bestCI,1,1,0.0,gamma,naive_km,2,ET+ANTI-CDK wo CT,counterfactual,502,0.1760494754052534,2.1950410150744317,0.3936477414078375
legacy_reused_holdout,1,bestCI,1,1,0.0,gamma,naive_km,2,MONOCT std alone,counterfactual,571,0.1404254146076897,1.7689289005526003,0.3424929719779807
legacy_reused_holdout,1,bestCI,1,1,0.0,gamma,naive_km,2,POLYCT alone,counterfactual,734,0.1604087801351003,2.0098858260198935,-0.0423153869370568
legacy_reused_holdout,1,bestCI,1,1,0.0,gamma,naive_km,3,ET alone,factual,29,0.1958122151314107,1.9384243962583965,-1.251486964469381
legacy_reused_holdout,1,bestCI,1,1,0.0,gamma,naive_km,3,ET+ANTI-CDK wo CT,factual,40,0.147766838273895,1.2085792932961672,-0.1168548220219894
legacy_reused_holdout,1,bestCI,1,1,0.0,gamma,naive_km,3,MONOCT std alone,factual,261,0.1276819135944926,1.0324772349783184,0.265101777526705
legacy_reused_holdout,1,bestCI,1,1,0.0,gamma,naive_km,3,POLYCT alone,factual,108,0.1534923577933378,1.3410643955931496,-0.0418946029508193
legacy_reused_holdout,1,bestCI,1,1,0.0,gamma,naive_km,3,ET alone,counterfactual,409,0.1753486421618574,1.611875753207073,-0.7433741370532911
legacy_reused_holdout,1,bestCI,1,1,0.0,gamma,naive_km,3,ET+ANTI-CDK wo CT,counterfactual,398,0.1601412569142125,1.396184040558214,-0.1381184821815878
legacy_reused_holdout,1,bestCI,1,1,0.0,gamma,naive_km,3,MONOCT std alone,counterfactual,177,0.1387850154376387,1.1203190227109747,0.2580718076324271
legacy_reused_holdout,1,bestCI,1,1,0.0,gamma,naive_km,3,POLYCT alone,counterfactual,330,0.1495304237009759,1.296429879267813,-0.1062699596573906
legacy_reused_holdout,1,bestCI,1,1,0.0,gamma,naive_km,4,ET alone,factual,3,0.1211825112131013,0.86587295586208,-0.6999295111958327
legacy_reused_holdout,1,bestCI,1,1,0.0,gamma,naive_km,4,MONOCT std alone,factual,117,0.1724039558806727,1.492955441597135,0.2308752364168463
legacy_reused_holdout,1,bestCI,1,1,0.0,gamma,naive_km,4,POLYCT alone,factual,74,0.1625065167999295,1.3683799534588277,0.0078725256890449
legacy_reused_holdout,1,bestCI,1,1,0.0,gamma,naive_km,4,ET alone,counterfactual,195,0.1940405944436819,1.6692894834482113,0.3540837306602737
legacy_reused_holdout,1,bestCI,1,1,0.0,gamma,naive_km,4,MONOCT std alone,counterfactual,81,0.1388228300458932,1.2590258477192824,-0.1320802922531155
legacy_reused_holdout,1,bestCI,1,1,0.0,gamma,naive_km,4,POLYCT alone,counterfactual,124,0.1836898386602794,1.5167916755948814,0.1359880795648958
legacy_reused_holdout,1,bestCI,1,1,0.0,gamma,naive_km,all,ET alone,factual,515,0.1484937639360693,2.1529148101651834,0.0115458656911775
legacy_reused_holdout,1,bestCI,1,1,0.0,gamma,naive_km,all,ET+ANTI-CDK wo CT,factual,1630,0.139341327080995,2.0322987281449163,0.0955167149927702
legacy_reused_holdout,1,bestCI,1,1,0.0,gamma,naive_km,all,MONOCT std alone,factual,828,0.1308416293580197,1.4324893429225396,0.0815840155307049
legacy_reused_holdout,1,bestCI,1,1,0.0,gamma,naive_km,all,POLYCT alone,factual,476,0.1419457728851083,1.724822808897726,-0.0852980292345069
legacy_reused_holdout,1,bestCI,1,1,0.0,gamma,naive_km,all,ET alone,counterfactual,2938,0.1550047241739454,2.06226119927076,0.0290097621900304
legacy_reused_holdout,1,bestCI,1,1,0.0,gamma,naive_km,all,ET+ANTI-CDK wo CT,counterfactual,1625,0.1503927138555238,1.915828535308828,0.0489687990038911
legacy_reused_holdout,1,bestCI,1,1,0.0,gamma,naive_km,all,MONOCT std alone,counterfactual,2625,0.1147955762566148,1.6750494624287084,-0.1897415987281769
legacy_reused_holdout,1,bestCI,1,1,0.0,gamma,naive_km,all,POLYCT alone,counterfactual,2977,0.1404360810490643,1.9135908782051188,-0.1544973986951055
legacy_reused_holdout,1,bestCI,2,2,0.0,gamma,dynasurv,1,ET alone,factual,356,0.1117223793187481,1.5347662852094086,0.4153558262999363
legacy_reused_holdout,1,bestCI,2,2,0.0,gamma,dynasurv,1,ET+ANTI-CDK wo CT,factual,1241,0.1009083301180793,1.3163325787698,0.758041059024995
legacy_reused_holdout,1,bestCI,2,2,0.0,gamma,dynasurv,1,MONOCT std alone,factual,179,0.09714289290523,1.3770782735409697,0.4675081967604338
legacy_reused_holdout,1,bestCI,2,2,0.0,gamma,dynasurv,1,POLYCT alone,factual,201,0.1227028118663674,1.7541683368511505,-0.0112244890566824
legacy_reused_holdout,1,bestCI,2,2,0.0,gamma,dynasurv,1,ET alone,counterfactual,1621,0.111741532590892,1.5127700416984229,0.1824783138328714
legacy_reused_holdout,1,bestCI,2,2,0.0,gamma,dynasurv,1,ET+ANTI-CDK wo CT,counterfactual,736,0.1009845503794494,1.3918743829126217,0.8359371461888648
legacy_reused_holdout,1,bestCI,2,2,0.0,gamma,dynasurv,1,MONOCT std alone,counterfactual,1798,0.0953463372015441,1.349355899531785,0.4607606507157419
legacy_reused_holdout,1,bestCI,2,2,0.0,gamma,dynasurv,1,POLYCT alone,counterfactual,1776,0.1129947686208667,1.525759681200732,-0.0439714338843652
legacy_reused_holdout,1,bestCI,2,2,0.0,gamma,dynasurv,2,ET alone,factual,120,0.1373191168138634,1.6478783884301782,0.8170615372199819
legacy_reused_holdout,1,bestCI,2,2,0.0,gamma,dynasurv,2,ET+ANTI-CDK wo CT,factual,363,0.1317705153905798,1.566863069192029,1.0044527256667897
legacy_reused_holdout,1,bestCI,2,2,0.0,gamma,dynasurv,2,MONOCT std alone,factual,276,0.1308394729673817,1.6485175806627423,1.1128807300533308
legacy_reused_holdout,1,bestCI,2,2,0.0,gamma,dynasurv,2,POLYCT alone,factual,81,0.1342753258775917,1.5897771251966346,0.5898047236174431
legacy_reused_holdout,1,bestCI,2,2,0.0,gamma,dynasurv,2,ET alone,counterfactual,720,0.1426378825414113,1.7858848569815526,1.0677211219724092
legacy_reused_holdout,1,bestCI,2,2,0.0,gamma,dynasurv,2,ET+ANTI-CDK wo CT,counterfactual,477,0.1342941982890576,1.624745043909725,1.1127624781318666
legacy_reused_holdout,1,bestCI,2,2,0.0,gamma,dynasurv,2,MONOCT std alone,counterfactual,564,0.1217844046364179,1.5032577350945937,0.8618053999527195
legacy_reused_holdout,1,bestCI,2,2,0.0,gamma,dynasurv,2,POLYCT alone,counterfactual,759,0.126016078287828,1.4796504831495387,0.3966240330516986
legacy_reused_holdout,1,bestCI,2,2,0.0,gamma,dynasurv,3,ET alone,factual,21,0.1462667983451917,1.1065616530914812,-0.57036578574375
legacy_reused_holdout,1,bestCI,2,2,0.0,gamma,dynasurv,3,ET+ANTI-CDK wo CT,factual,54,0.1128587192410597,0.9196097866044844,0.0302729530392064
legacy_reused_holdout,1,bestCI,2,2,0.0,gamma,dynasurv,3,MONOCT std alone,factual,264,0.1126623945568404,0.903809522801828,0.3288257587861822
legacy_reused_holdout,1,bestCI,2,2,0.0,gamma,dynasurv,3,POLYCT alone,factual,99,0.1341747924859176,1.0411952258441486,0.0047083859792664
legacy_reused_holdout,1,bestCI,2,2,0.0,gamma,dynasurv,3,ET alone,counterfactual,417,0.1347107258179349,1.0324357623746796,0.3786110552441847
legacy_reused_holdout,1,bestCI,2,2,0.0,gamma,dynasurv,3,ET+ANTI-CDK wo CT,counterfactual,384,0.1269487610637048,0.9626743148159984,0.1433237636895636
legacy_reused_holdout,1,bestCI,2,2,0.0,gamma,dynasurv,3,MONOCT std alone,counterfactual,174,0.1210487619454589,0.9329730700286673,0.0966827276156375
legacy_reused_holdout,1,bestCI,2,2,0.0,gamma,dynasurv,3,POLYCT alone,counterfactual,339,0.1202247007696336,0.9318751606683232,0.0051623503564757
legacy_reused_holdout,1,bestCI,2,2,0.0,gamma,dynasurv,4,ET alone,factual,7,0.0755889919136791,0.5247539561102349,-0.2017354419525136
legacy_reused_holdout,1,bestCI,2,2,0.0,gamma,dynasurv,4,MONOCT std alone,factual,118,0.1196426492772324,1.0022114396596833,0.3262113885784594
legacy_reused_holdout,1,bestCI,2,2,0.0,gamma,dynasurv,4,POLYCT alone,factual,71,0.1172087654274573,0.9248456763621244,-0.068177128804341
legacy_reused_holdout,1,bestCI,2,2,0.0,gamma,dynasurv,4,ET alone,counterfactual,191,0.1299935068321264,1.0008058483632725,0.3201423301898099
legacy_reused_holdout,1,bestCI,2,2,0.0,gamma,dynasurv,4,MONOCT std alone,counterfactual,80,0.1092667587054119,0.8843838037658747,0.2270979169104941
legacy_reused_holdout,1,bestCI,2,2,0.0,gamma,dynasurv,4,POLYCT alone,counterfactual,127,0.125661401299054,0.960436178824674,-0.0612890442784687
legacy_reused_holdout,1,bestCI,2,2,0.0,gamma,dynasurv,all,ET alone,factual,504,0.1194863926612522,1.529827929670364,0.461357597291446
legacy_reused_holdout,1,bestCI,2,2,0.0,gamma,dynasurv,all,ET+ANTI-CDK wo CT,factual,1658,0.1088020454176624,1.3582623358544452,0.7882871128656094
legacy_reused_holdout,1,bestCI,2,2,0.0,gamma,dynasurv,all,MONOCT std alone,factual,837,0.1169811936928295,1.2644618006287645,0.6166571002229955
legacy_reused_holdout,1,bestCI,2,2,0.0,gamma,dynasurv,all,POLYCT alone,factual,452,0.1265990294498498,1.438279100062589,0.0910256955297763
legacy_reused_holdout,1,bestCI,2,2,0.0,gamma,dynasurv,all,ET alone,counterfactual,2949,0.1244639329276109,1.4783713002941634,0.4352609527454384
legacy_reused_holdout,1,bestCI,2,2,0.0,gamma,dynasurv,all,ET+ANTI-CDK wo CT,counterfactual,1597,0.1181596540347394,1.358227845120834,0.7520812566817139
legacy_reused_holdout,1,bestCI,2,2,0.0,gamma,dynasurv,all,MONOCT std alone,counterfactual,2616,0.1038537622209746,1.3406220521551064,0.5158625854427364
legacy_reused_holdout,1,bestCI,2,2,0.0,gamma,dynasurv,all,POLYCT alone,counterfactual,3001,0.1177851988751119,1.4230872991337205,0.0722794743935642
legacy_reused_holdout,1,bestCI,2,2,0.0,gamma,oracle,1,ET alone,factual,356,0.0,7.844661899410733e-06,-7.806930183920865e-06
legacy_reused_holdout,1,bestCI,2,2,0.0,gamma,oracle,1,ET+ANTI-CDK wo CT,factual,1241,0.0,7.238324520307055e-06,-7.144837413554899e-06
legacy_reused_holdout,1,bestCI,2,2,0.0,gamma,oracle,1,MONOCT std alone,factual,179,0.0,8.59482403708395e-06,-8.548277218026838e-06
legacy_reused_holdout,1,bestCI,2,2,0.0,gamma,oracle,1,POLYCT alone,factual,201,0.0,8.281659027983904e-06,-8.154224495352784e-06
legacy_reused_holdout,1,bestCI,2,2,0.0,gamma,oracle,1,ET alone,counterfactual,1621,0.0,7.895999860300662e-06,-7.719877923875799e-06
legacy_reused_holdout,1,bestCI,2,2,0.0,gamma,oracle,1,ET+ANTI-CDK wo CT,counterfactual,736,0.0,7.275944425492948e-06,-7.228033499857904e-06
legacy_reused_holdout,1,bestCI,2,2,0.0,gamma,oracle,1,MONOCT std alone,counterfactual,1798,0.0,8.733159643302888e-06,-8.721206146199854e-06
legacy_reused_holdout,1,bestCI,2,2,0.0,gamma,oracle,1,POLYCT alone,counterfactual,1776,0.0,8.021313875629389e-06,-7.896178886033843e-06
legacy_reused_holdout,1,bestCI,2,2,0.0,gamma,oracle,2,ET alone,factual,120,0.0,1.2405314722877908e-05,-1.172382006091599e-05
legacy_reused_holdout,1,bestCI,2,2,0.0,gamma,oracle,2,ET+ANTI-CDK wo CT,factual,363,0.0,1.198335122512711e-05,-1.0727681243098909e-05
legacy_reused_holdout,1,bestCI,2,2,0.0,gamma,oracle,2,MONOCT std alone,factual,276,0.0,1.456445852543775e-05,-1.426139928593052e-05
legacy_reused_holdout,1,bestCI,2,2,0.0,gamma,oracle,2,POLYCT alone,factual,81,0.0,1.3199161199726495e-05,-1.2598676853013431e-05
legacy_reused_holdout,1,bestCI,2,2,0.0,gamma,oracle,2,ET alone,counterfactual,720,0.0,1.286445989606576e-05,-1.1813583765785118e-05
legacy_reused_holdout,1,bestCI,2,2,0.0,gamma,oracle,2,ET+ANTI-CDK wo CT,counterfactual,477,0.0,1.2401682675915674e-05,-1.1608941327731124e-05
legacy_reused_holdout,1,bestCI,2,2,0.0,gamma,oracle,2,MONOCT std alone,counterfactual,564,0.0,1.3936880182899036e-05,-1.3611240860469924e-05
legacy_reused_holdout,1,bestCI,2,2,0.0,gamma,oracle,2,POLYCT alone,counterfactual,759,0.0,1.3405289931073662e-05,-1.243155805402385e-05
legacy_reused_holdout,1,bestCI,2,2,0.0,gamma,oracle,3,ET alone,factual,21,0.0,1.6302377579139698e-05,-1.6302377579139698e-05
legacy_reused_holdout,1,bestCI,2,2,0.0,gamma,oracle,3,ET+ANTI-CDK wo CT,factual,54,0.0,1.4555467648009252e-05,-1.4555467648009252e-05
legacy_reused_holdout,1,bestCI,2,2,0.0,gamma,oracle,3,MONOCT std alone,factual,264,0.0,1.734946095200536e-05,-1.6951256294737014e-05
legacy_reused_holdout,1,bestCI,2,2,0.0,gamma,oracle,3,POLYCT alone,factual,99,0.0,1.635033445683652e-05,-1.5058975442502196e-05
legacy_reused_holdout,1,bestCI,2,2,0.0,gamma,oracle,3,ET alone,counterfactual,417,0.0,1.5888407910946036e-05,-1.43822651921798e-05
legacy_reused_holdout,1,bestCI,2,2,0.0,gamma,oracle,3,ET+ANTI-CDK wo CT,counterfactual,384,0.0,1.5234919122072976e-05,-1.4041498300795818e-05
legacy_reused_holdout,1,bestCI,2,2,0.0,gamma,oracle,3,MONOCT std alone,counterfactual,174,0.0,1.7633747705397253e-05,-1.7205190727905714e-05
legacy_reused_holdout,1,bestCI,2,2,0.0,gamma,oracle,3,POLYCT alone,counterfactual,339,0.0,1.6363110890391656e-05,-1.5531944154099833e-05
legacy_reused_holdout,1,bestCI,2,2,0.0,gamma,oracle,4,ET alone,factual,7,0.0,1.4399652271711108e-05,-1.4399652271711108e-05
legacy_reused_holdout,1,bestCI,2,2,0.0,gamma,oracle,4,MONOCT std alone,factual,118,0.0,1.8461223408762988e-05,-1.648460124782388e-05
legacy_reused_holdout,1,bestCI,2,2,0.0,gamma,oracle,4,POLYCT alone,factual,71,0.0,1.6433094743677273e-05,-1.3908676457124151e-05
legacy_reused_holdout,1,bestCI,2,2,0.0,gamma,oracle,4,ET alone,counterfactual,191,0.0,1.698187040207238e-05,-1.3225354760154715e-05
legacy_reused_holdout,1,bestCI,2,2,0.0,gamma,oracle,4,MONOCT std alone,counterfactual,80,0.0,1.6631369905373283e-05,-1.5503221295554148e-05
legacy_reused_holdout,1,bestCI,2,2,0.0,gamma,oracle,4,POLYCT alone,counterfactual,127,0.0,1.8203769688578503e-05,-1.4370439459302053e-05
legacy_reused_holdout,1,bestCI,2,2,0.0,gamma,oracle,all,ET alone,factual,504,0.0,9.373977972221194e-06,-9.185065571130276e-06
legacy_reused_holdout,1,bestCI,2,2,0.0,gamma,oracle,all,ET+ANTI-CDK wo CT,factual,1658,0.0,8.515508128718153e-06,-8.170619284957197e-06
legacy_reused_holdout,1,bestCI,2,2,0.0,gamma,oracle,all,MONOCT std alone,factual,837,0.0,1.4715586749369524e-05,-1.4201436599757966e-05
legacy_reused_holdout,1,bestCI,2,2,0.0,gamma,oracle,all,POLYCT alone,factual,452,0.0,1.2210571592545382e-05,-1.136691713699896e-05
legacy_reused_holdout,1,bestCI,2,2,0.0,gamma,oracle,all,ET alone,counterfactual,2949,0.0,1.0827680652551726e-05,-1.0018022980771952e-05
legacy_reused_holdout,1,bestCI,2,2,0.0,gamma,oracle,all,ET+ANTI-CDK wo CT,counterfactual,1597,0.0,1.072066792514127e-05,-1.0174848476348628e-05
legacy_reused_holdout,1,bestCI,2,2,0.0,gamma,oracle,all,MONOCT std alone,counterfactual,2616,0.0,1.0688609768724247e-05,-1.05471824871836e-05
legacy_reused_holdout,1,bestCI,2,2,0.0,gamma,oracle,all,POLYCT alone,counterfactual,3001,0.0,1.0756228538185589e-05,-1.0179787119017463e-05
legacy_reused_holdout,1,bestCI,2,2,0.0,gamma,naive_km,1,ET alone,factual,356,0.1395759375333158,2.1981840083749447,0.4100095614063294
legacy_reused_holdout,1,bestCI,2,2,0.0,gamma,naive_km,1,ET+ANTI-CDK wo CT,factual,1241,0.1209018567062405,1.9905291168461472,-0.2278889931992209
legacy_reused_holdout,1,bestCI,2,2,0.0,gamma,naive_km,1,MONOCT std alone,factual,179,0.1075516500215525,1.5435615281324702,0.6782548960108132
legacy_reused_holdout,1,bestCI,2,2,0.0,gamma,naive_km,1,POLYCT alone,factual,201,0.1324383789577526,1.9379504265063543,0.5743407425616984
legacy_reused_holdout,1,bestCI,2,2,0.0,gamma,naive_km,1,ET alone,counterfactual,1621,0.1324641219855468,2.0704006384542355,0.2265440019863939
legacy_reused_holdout,1,bestCI,2,2,0.0,gamma,naive_km,1,ET+ANTI-CDK wo CT,counterfactual,736,0.1264161682830977,2.049687269622111,-0.086405405146728
legacy_reused_holdout,1,bestCI,2,2,0.0,gamma,naive_km,1,MONOCT std alone,counterfactual,1798,0.1025669396865018,1.5235131220556155,0.692949441264217
legacy_reused_holdout,1,bestCI,2,2,0.0,gamma,naive_km,1,POLYCT alone,counterfactual,1776,0.1241515938168493,1.8636892810024488,0.2905934558770294
legacy_reused_holdout,1,bestCI,2,2,0.0,gamma,naive_km,2,ET alone,factual,120,0.173064707524476,2.238035953278299,0.3910932014724446
legacy_reused_holdout,1,bestCI,2,2,0.0,gamma,naive_km,2,ET+ANTI-CDK wo CT,factual,363,0.1938391461834505,2.3708144416960057,0.8421291203274213
legacy_reused_holdout,1,bestCI,2,2,0.0,gamma,naive_km,2,MONOCT std alone,factual,276,0.132922604492662,1.6407364796366142,0.254686471354125
legacy_reused_holdout,1,bestCI,2,2,0.0,gamma,naive_km,2,POLYCT alone,factual,81,0.1641450151623048,1.922506814421425,0.5368262814062761
legacy_reused_holdout,1,bestCI,2,2,0.0,gamma,naive_km,2,ET alone,counterfactual,720,0.1800921985675284,2.225459935102399,0.6991226141179172
legacy_reused_holdout,1,bestCI,2,2,0.0,gamma,naive_km,2,ET+ANTI-CDK wo CT,counterfactual,477,0.1773225460309405,2.1859045472952445,0.7419123429241576
legacy_reused_holdout,1,bestCI,2,2,0.0,gamma,naive_km,2,MONOCT std alone,counterfactual,564,0.1427351831646571,1.814290205579718,0.1210106456014466
legacy_reused_holdout,1,bestCI,2,2,0.0,gamma,naive_km,2,POLYCT alone,counterfactual,759,0.1642223068669296,1.9245754190897173,0.4392516315112483
legacy_reused_holdout,1,bestCI,2,2,0.0,gamma,naive_km,3,ET alone,factual,21,0.1327103106484979,1.0500932221024493,0.0910099841225793
legacy_reused_holdout,1,bestCI,2,2,0.0,gamma,naive_km,3,ET+ANTI-CDK wo CT,factual,54,0.15895825604361,1.4132073374820375,-0.2778102040251261
legacy_reused_holdout,1,bestCI,2,2,0.0,gamma,naive_km,3,MONOCT std alone,factual,264,0.1461108692728617,1.238496367904332,0.26061953221615
legacy_reused_holdout,1,bestCI,2,2,0.0,gamma,naive_km,3,POLYCT alone,factual,99,0.1672305943645974,1.493630921726457,0.0137754959678587
legacy_reused_holdout,1,bestCI,2,2,0.0,gamma,naive_km,3,ET alone,counterfactual,417,0.1836441242702449,1.4855284538223896,0.5940314155675167
legacy_reused_holdout,1,bestCI,2,2,0.0,gamma,naive_km,3,ET+ANTI-CDK wo CT,counterfactual,384,0.170256133035463,1.477017882454957,-0.1026834337872303
legacy_reused_holdout,1,bestCI,2,2,0.0,gamma,naive_km,3,MONOCT std alone,counterfactual,174,0.1396935797648504,1.1357003844614126,0.2028367471658069
legacy_reused_holdout,1,bestCI,2,2,0.0,gamma,naive_km,3,POLYCT alone,counterfactual,339,0.1575065273319925,1.3842201053120016,-0.1719889974664097
legacy_reused_holdout,1,bestCI,2,2,0.0,gamma,naive_km,4,ET alone,factual,7,0.169407437040713,1.5361006811904538,-0.4715158215517198
legacy_reused_holdout,1,bestCI,2,2,0.0,gamma,naive_km,4,MONOCT std alone,factual,118,0.1475059095450899,1.2170369510036585,0.2794922531008948
legacy_reused_holdout,1,bestCI,2,2,0.0,gamma,naive_km,4,POLYCT alone,factual,71,0.1741461632746216,1.5162843230684098,0.0041154857957126
legacy_reused_holdout,1,bestCI,2,2,0.0,gamma,naive_km,4,ET alone,counterfactual,191,0.1868447324341625,1.551327026823692,0.3221792465538312
legacy_reused_holdout,1,bestCI,2,2,0.0,gamma,naive_km,4,MONOCT std alone,counterfactual,80,0.1590912500155252,1.339516963282979,0.2297357383391675
legacy_reused_holdout,1,bestCI,2,2,0.0,gamma,naive_km,4,POLYCT alone,counterfactual,127,0.1668374513436432,1.4207972844418908,-0.1064989980988116
legacy_reused_holdout,1,bestCI,2,2,0.0,gamma,naive_km,all,ET alone,factual,504,0.1484062511182732,2.1506398488241287,0.3799706090338467
legacy_reused_holdout,1,bestCI,2,2,0.0,gamma,naive_km,all,ET+ANTI-CDK wo CT,factual,1658,0.1413865888528853,2.0549852066138414,0.004753244331281
legacy_reused_holdout,1,bestCI,2,2,0.0,gamma,naive_km,all,MONOCT std alone,factual,837,0.1345396048527015,1.4333502786864911,0.350638870789299
legacy_reused_holdout,1,bestCI,2,2,0.0,gamma,naive_km,all,POLYCT alone,factual,452,0.1533534096609729,1.7716299466475418,0.3552685655777066
legacy_reused_holdout,1,bestCI,2,2,0.0,gamma,naive_km,all,ET alone,counterfactual,2949,0.1568235052055279,1.9919360513988824,0.4000825519729675
legacy_reused_holdout,1,bestCI,2,2,0.0,gamma,naive_km,all,ET+ANTI-CDK wo CT,counterfactual,1597,0.154034785449194,1.952674493653356,0.1570866442157388
legacy_reused_holdout,1,bestCI,2,2,0.0,gamma,naive_km,all,MONOCT std alone,counterfactual,2616,0.117025063318304,1.554781916422738,0.5228767402852682
legacy_reused_holdout,1,bestCI,2,2,0.0,gamma,naive_km,all,POLYCT alone,counterfactual,3001,0.1411490174289607,1.8061835311477288,0.2591323968860312
legacy_reused_holdout,1,bestCI,0,0,0.25,gamma,dynasurv,1,ET alone,factual,328,0.1205032565899068,1.6479567568402524,1.482287663316462
legacy_reused_holdout,1,bestCI,0,0,0.25,gamma,dynasurv,1,ET+ANTI-CDK wo CT,factual,1311,0.1084519730077763,1.530987134176519,1.3924884454219897
legacy_reused_holdout,1,bestCI,0,0,0.25,gamma,dynasurv,1,MONOCT std alone,factual,173,0.1052794837056996,1.6081737149460409,1.2713234587523503
legacy_reused_holdout,1,bestCI,0,0,0.25,gamma,dynasurv,1,POLYCT alone,factual,165,0.1116809282836335,1.5543658910305111,0.566733483044088
legacy_reused_holdout,1,bestCI,0,0,0.25,gamma,dynasurv,1,ET alone,counterfactual,1649,0.1153483783905849,1.6762081202564412,1.431251893535185
legacy_reused_holdout,1,bestCI,0,0,0.25,gamma,dynasurv,1,ET+ANTI-CDK wo CT,counterfactual,666,0.1227288466055241,1.6998034054867073,1.5679638152702888
legacy_reused_holdout,1,bestCI,0,0,0.25,gamma,dynasurv,1,MONOCT std alone,counterfactual,1804,0.0959598634878346,1.4315456734241807,1.1293230151206288
legacy_reused_holdout,1,bestCI,0,0,0.25,gamma,dynasurv,1,POLYCT alone,counterfactual,1812,0.1077082572199665,1.5105087389355716,0.8898391758702777
legacy_reused_holdout,1,bestCI,0,0,0.25,gamma,dynasurv,2,ET alone,factual,122,0.1479233086002377,1.7793602167607818,0.2679082953536436
legacy_reused_holdout,1,bestCI,0,0,0.25,gamma,dynasurv,2,ET+ANTI-CDK wo CT,factual,348,0.1132302118291817,1.3197674689160213,-0.24699284499348
legacy_reused_holdout,1,bestCI,0,0,0.25,gamma,dynasurv,2,MONOCT std alone,factual,271,0.1114468625754374,1.3855295445087468,-0.2680993986191344
legacy_reused_holdout,1,bestCI,0,0,0.25,gamma,dynasurv,2,POLYCT alone,factual,99,0.1441197100683841,1.8242401961809316,-0.797334627784468
legacy_reused_holdout,1,bestCI,0,0,0.25,gamma,dynasurv,2,ET alone,counterfactual,718,0.1244479245378605,1.473931916537239,-0.1276174014315822
legacy_reused_holdout,1,bestCI,0,0,0.25,gamma,dynasurv,2,ET+ANTI-CDK wo CT,counterfactual,492,0.1314805743997057,1.5613036285069948,-0.0492231558285084
legacy_reused_holdout,1,bestCI,0,0,0.25,gamma,dynasurv,2,MONOCT std alone,counterfactual,569,0.1080799455676891,1.3553574230042733,-0.2421973159156325
legacy_reused_holdout,1,bestCI,0,0,0.25,gamma,dynasurv,2,POLYCT alone,counterfactual,741,0.138968444255779,1.7478862317592274,-0.6540627207897924
legacy_reused_holdout,1,bestCI,0,0,0.25,gamma,dynasurv,3,ET alone,factual,20,0.1187737248378318,0.9553592653035392,-0.0406922879348694
legacy_reused_holdout,1,bestCI,0,0,0.25,gamma,dynasurv,3,ET+ANTI-CDK wo CT,factual,42,0.154724249550975,1.226362263971513,-1.169982919739207
legacy_reused_holdout,1,bestCI,0,0,0.25,gamma,dynasurv,3,MONOCT std alone,factual,277,0.1200335195125687,0.9966567503921652,-0.4574972977188191
legacy_reused_holdout,1,bestCI,0,0,0.25,gamma,dynasurv,3,POLYCT alone,factual,99,0.1379371482351456,1.216207277290607,-0.7310593111099667
legacy_reused_holdout,1,bestCI,0,0,0.25,gamma,dynasurv,3,ET alone,counterfactual,418,0.1361922005953972,1.0945866196058502,-0.625455956650961
legacy_reused_holdout,1,bestCI,0,0,0.25,gamma,dynasurv,3,ET+ANTI-CDK wo CT,counterfactual,396,0.1440576023743125,1.2006165941614753,-0.7402496060043565
legacy_reused_holdout,1,bestCI,0,0,0.25,gamma,dynasurv,3,MONOCT std alone,counterfactual,161,0.1088312923949071,0.9294951240384708,-0.4870684170155142
legacy_reused_holdout,1,bestCI,0,0,0.25,gamma,dynasurv,3,POLYCT alone,counterfactual,339,0.143009801047823,1.2020309124858142,-0.6156120502234507
legacy_reused_holdout,1,bestCI,0,0,0.25,gamma,dynasurv,4,ET+ANTI-CDK wo CT,factual,4,0.1915118368715322,1.7534834458764197,-1.7534834458764197
legacy_reused_holdout,1,bestCI,0,0,0.25,gamma,dynasurv,4,MONOCT std alone,factual,123,0.1358549559456567,1.2025953952779995,-0.7379379721183758
legacy_reused_holdout,1,bestCI,0,0,0.25,gamma,dynasurv,4,POLYCT alone,factual,68,0.1598793231158082,1.4270425077203783,-1.0207582068290904
legacy_reused_holdout,1,bestCI,0,0,0.25,gamma,dynasurv,4,ET+ANTI-CDK wo CT,counterfactual,194,0.1790015169305937,1.5338342576313917,-1.190460516166519
legacy_reused_holdout,1,bestCI,0,0,0.25,gamma,dynasurv,4,MONOCT std alone,counterfactual,75,0.1196182416011492,1.0436832199599333,-0.6454989821010042
legacy_reused_holdout,1,bestCI,0,0,0.25,gamma,dynasurv,4,POLYCT alone,counterfactual,130,0.162223895698029,1.4135380092658645,-0.8539966171150316
legacy_reused_holdout,1,bestCI,0,0,0.25,gamma,dynasurv,all,ET alone,factual,470,0.1281169896083014,1.6525935063712534,1.102258127323929
legacy_reused_holdout,1,bestCI,0,0,0.25,gamma,dynasurv,all,ET+ANTI-CDK wo CT,factual,1705,0.111069622083822,1.4808940533480948,0.9873581381102317
legacy_reused_holdout,1,bestCI,0,0,0.25,gamma,dynasurv,all,MONOCT std alone,factual,844,0.1169548870962827,1.276878806546634,-0.0831861382704998
legacy_reused_holdout,1,bestCI,0,0,0.25,gamma,dynasurv,all,POLYCT alone,factual,431,0.1339743767309023,1.5185929522475692,-0.2951543696349249
legacy_reused_holdout,1,bestCI,0,0,0.25,gamma,dynasurv,all,ET alone,counterfactual,2785,0.121056720357598,1.5367639186254416,0.7206694751639291
legacy_reused_holdout,1,bestCI,0,0,0.25,gamma,dynasurv,all,ET+ANTI-CDK wo CT,counterfactual,1748,0.1373392506868265,1.5293126261716377,0.2837287895814395
legacy_reused_holdout,1,bestCI,0,0,0.25,gamma,dynasurv,all,MONOCT std alone,counterfactual,2609,0.1002841377842661,1.372798668077364,0.6794396350036591
legacy_reused_holdout,1,bestCI,0,0,0.25,gamma,dynasurv,all,POLYCT alone,counterfactual,3022,0.1229542268743692,1.5299384358775965,0.2673779170486444
legacy_reused_holdout,1,bestCI,0,0,0.25,gamma,oracle,1,ET alone,factual,328,0.0,7.881056727941683e-06,-7.477502714169387e-06
legacy_reused_holdout,1,bestCI,0,0,0.25,gamma,oracle,1,ET+ANTI-CDK wo CT,factual,1311,0.0,7.238870185458747e-06,-7.1845042701722145e-06
legacy_reused_holdout,1,bestCI,0,0,0.25,gamma,oracle,1,MONOCT std alone,factual,173,0.0,9.123784517146584e-06,-9.123784517146584e-06
legacy_reused_holdout,1,bestCI,0,0,0.25,gamma,oracle,1,POLYCT alone,factual,165,0.0,8.42934142017634e-06,-8.278103912239703e-06
legacy_reused_holdout,1,bestCI,0,0,0.25,gamma,oracle,1,ET alone,counterfactual,1649,0.0,7.98850033129029e-06,-7.88441715757812e-06
legacy_reused_holdout,1,bestCI,0,0,0.25,gamma,oracle,1,ET+ANTI-CDK wo CT,counterfactual,666,0.0,7.523874223543177e-06,-7.390929633375796e-06
legacy_reused_holdout,1,bestCI,0,0,0.25,gamma,oracle,1,MONOCT std alone,counterfactual,1804,0.0,8.804417613221757e-06,-8.779547019343742e-06
legacy_reused_holdout,1,bestCI,0,0,0.25,gamma,oracle,1,POLYCT alone,counterfactual,1812,0.0,8.050630958661027e-06,-7.988219438860856e-06
legacy_reused_holdout,1,bestCI,0,0,0.25,gamma,oracle,2,ET alone,factual,122,0.0,1.3042469387384602e-05,-1.1564850774577718e-05
legacy_reused_holdout,1,bestCI,0,0,0.25,gamma,oracle,2,ET+ANTI-CDK wo CT,factual,348,0.0,1.2071463473800678e-05,-1.1564977940863971e-05
legacy_reused_holdout,1,bestCI,0,0,0.25,gamma,oracle,2,MONOCT std alone,factual,271,0.0,1.437452882733029e-05,-1.4071197860642265e-05
legacy_reused_holdout,1,bestCI,0,0,0.25,gamma,oracle,2,POLYCT alone,factual,99,0.0,1.3421539621647025e-05,-1.1026843377409836e-05
legacy_reused_holdout,1,bestCI,0,0,0.25,gamma,oracle,2,ET alone,counterfactual,718,0.0,1.262572969029126e-05,-1.1726007704989124e-05
legacy_reused_holdout,1,bestCI,0,0,0.25,gamma,oracle,2,ET+ANTI-CDK wo CT,counterfactual,492,0.0,1.2424036126235738e-05,-1.1107360121446476e-05
legacy_reused_holdout,1,bestCI,0,0,0.25,gamma,oracle,2,MONOCT std alone,counterfactual,569,0.0,1.3977864166167265e-05,-1.3747168153753372e-05
legacy_reused_holdout,1,bestCI,0,0,0.25,gamma,oracle,2,POLYCT alone,counterfactual,741,0.0,1.3477716583112692e-05,-1.2662923972618904e-05
legacy_reused_holdout,1,bestCI,0,0,0.25,gamma,oracle,3,ET alone,factual,20,0.0,1.3060787969410014e-05,-9.57812069430908e-06
legacy_reused_holdout,1,bestCI,0,0,0.25,gamma,oracle,3,ET+ANTI-CDK wo CT,factual,42,0.0,1.2988595493495276e-05,-1.2988595493495276e-05
legacy_reused_holdout,1,bestCI,0,0,0.25,gamma,oracle,3,MONOCT std alone,factual,277,0.0,1.727985666927083e-05,-1.6584815611876064e-05
legacy_reused_holdout,1,bestCI,0,0,0.25,gamma,oracle,3,POLYCT alone,factual,99,0.0,1.703940199708473e-05,-1.6135110851541925e-05
legacy_reused_holdout,1,bestCI,0,0,0.25,gamma,oracle,3,ET alone,counterfactual,418,0.0,1.608361867495185e-05,-1.453284450202478e-05
legacy_reused_holdout,1,bestCI,0,0,0.25,gamma,oracle,3,ET+ANTI-CDK wo CT,counterfactual,396,0.0,1.5494891141160038e-05,-1.3791528596000676e-05
legacy_reused_holdout,1,bestCI,0,0,0.25,gamma,oracle,3,MONOCT std alone,counterfactual,161,0.0,1.7190087191722012e-05,-1.6823113936405003e-05
legacy_reused_holdout,1,bestCI,0,0,0.25,gamma,oracle,3,POLYCT alone,counterfactual,339,0.0,1.670682983628054e-05,-1.4280387232236194e-05
legacy_reused_holdout,1,bestCI,0,0,0.25,gamma,oracle,4,ET+ANTI-CDK wo CT,factual,4,0.0,1.4870715094206233e-05,-1.4870715094206233e-05
legacy_reused_holdout,1,bestCI,0,0,0.25,gamma,oracle,4,MONOCT std alone,factual,123,0.0,1.763275202209955e-05,-1.4291304870931632e-05
legacy_reused_holdout,1,bestCI,0,0,0.25,gamma,oracle,4,POLYCT alone,factual,68,0.0,1.7633419932138642e-05,-1.4716573251321814e-05
legacy_reused_holdout,1,bestCI,0,0,0.25,gamma,oracle,4,ET+ANTI-CDK wo CT,counterfactual,194,0.0,1.643751290023862e-05,-1.2452710935746265e-05
legacy_reused_holdout,1,bestCI,0,0,0.25,gamma,oracle,4,MONOCT std alone,counterfactual,75,0.0,1.639452431285567e-05,-1.545063323470449e-05
legacy_reused_holdout,1,bestCI,0,0,0.25,gamma,oracle,4,POLYCT alone,counterfactual,130,0.0,1.8066091826888317e-05,-1.20459891388698e-05
legacy_reused_holdout,1,bestCI,0,0,0.25,gamma,oracle,all,ET alone,factual,470,0.0,9.441241768965945e-06,-8.627861911983451e-06
legacy_reused_holdout,1,bestCI,0,0,0.25,gamma,oracle,all,ET+ANTI-CDK wo CT,factual,1705,0.0,8.384769485702451e-06,-8.239590201008834e-06
legacy_reused_holdout,1,bestCI,0,0,0.25,gamma,oracle,all,MONOCT std alone,factual,844,0.0,1.4726612357558211e-05,-1.3914139532363356e-05
legacy_reused_holdout,1,bestCI,0,0,0.25,gamma,oracle,all,POLYCT alone,factual,431,0.0,1.3005909767909436e-05,-1.1730040824305472e-05
legacy_reused_holdout,1,bestCI,0,0,0.25,gamma,oracle,all,ET alone,counterfactual,2785,0.0,1.0399017439876728e-05,-9.8726773525583e-06
legacy_reused_holdout,1,bestCI,0,0,0.25,gamma,oracle,all,ET+ANTI-CDK wo CT,counterfactual,1748,0.0,1.1698158124447029e-05,-1.0448770915978827e-05
legacy_reused_holdout,1,bestCI,0,0,0.25,gamma,oracle,all,MONOCT std alone,counterfactual,2609,0.0,1.0668366211626155e-05,-1.0551077170849298e-05
legacy_reused_holdout,1,bestCI,0,0,0.25,gamma,oracle,all,POLYCT alone,counterfactual,3022,0.0,1.0783235783313989e-05,-1.0014861067739122e-05
legacy_reused_holdout,1,bestCI,0,0,0.25,gamma,naive_km,1,ET alone,factual,328,0.1477263411310241,2.2195484700321586,0.340931768351421
legacy_reused_holdout,1,bestCI,0,0,0.25,gamma,naive_km,1,ET+ANTI-CDK wo CT,factual,1311,0.1202003945410872,1.9000860118915543,0.0912948043411109
legacy_reused_holdout,1,bestCI,0,0,0.25,gamma,naive_km,1,MONOCT std alone,factual,173,0.1102443883039852,1.840110069656791,0.0636755504936814
legacy_reused_holdout,1,bestCI,0,0,0.25,gamma,naive_km,1,POLYCT alone,factual,165,0.1259774522785145,1.8595462745584137,0.5849823116910224
legacy_reused_holdout,1,bestCI,0,0,0.25,gamma,naive_km,1,ET alone,counterfactual,1649,0.134533867051407,2.112346708721996,0.2798057259126633
legacy_reused_holdout,1,bestCI,0,0,0.25,gamma,naive_km,1,ET+ANTI-CDK wo CT,counterfactual,666,0.137193868680556,2.062194197641446,0.4652044980386401
legacy_reused_holdout,1,bestCI,0,0,0.25,gamma,naive_km,1,MONOCT std alone,counterfactual,1804,0.1010142654719986,1.6657415656000194,-0.3242274992843602
legacy_reused_holdout,1,bestCI,0,0,0.25,gamma,naive_km,1,POLYCT alone,counterfactual,1812,0.1293855330316224,1.9229740185570603,0.4961278822941127
legacy_reused_holdout,1,bestCI,0,0,0.25,gamma,naive_km,2,ET alone,factual,122,0.1840306818314987,2.252508433227024,0.7145024414673412
legacy_reused_holdout,1,bestCI,0,0,0.25,gamma,naive_km,2,ET+ANTI-CDK wo CT,factual,348,0.1659553181123529,2.0261205909618867,0.5753113263218639
legacy_reused_holdout,1,bestCI,0,0,0.25,gamma,naive_km,2,MONOCT std alone,factual,271,0.132648564409616,1.7279781262158436,0.0093943062352917
legacy_reused_holdout,1,bestCI,0,0,0.25,gamma,naive_km,2,POLYCT alone,factual,99,0.1895817190332219,2.324473945235409,0.6655625085881562
legacy_reused_holdout,1,bestCI,0,0,0.25,gamma,naive_km,2,ET alone,counterfactual,718,0.1767944262698368,2.224182352260136,0.5130145228302553
legacy_reused_holdout,1,bestCI,0,0,0.25,gamma,naive_km,2,ET+ANTI-CDK wo CT,counterfactual,492,0.1985590849892429,2.3866159280140247,1.2301829442468335
legacy_reused_holdout,1,bestCI,0,0,0.25,gamma,naive_km,2,MONOCT std alone,counterfactual,569,0.13671421365403,1.7740884210982286,-0.2399451294754923
legacy_reused_holdout,1,bestCI,0,0,0.25,gamma,naive_km,2,POLYCT alone,counterfactual,741,0.1545298013046953,1.8709099055197849,0.2807368975180677
legacy_reused_holdout,1,bestCI,0,0,0.25,gamma,naive_km,3,ET alone,factual,20,0.2255218617894872,2.023988344944379,0.6983941736143514
legacy_reused_holdout,1,bestCI,0,0,0.25,gamma,naive_km,3,ET+ANTI-CDK wo CT,factual,42,0.1603573247775055,1.30817351694564,0.1544550181362434
legacy_reused_holdout,1,bestCI,0,0,0.25,gamma,naive_km,3,MONOCT std alone,factual,277,0.13952258432263,1.12261070598694,0.2450329679906092
legacy_reused_holdout,1,bestCI,0,0,0.25,gamma,naive_km,3,POLYCT alone,factual,99,0.1348851327315881,1.0558855953103268,0.0705898528646934
legacy_reused_holdout,1,bestCI,0,0,0.25,gamma,naive_km,3,ET alone,counterfactual,418,0.1622718017032236,1.4014216504201311,-0.124423830333156
legacy_reused_holdout,1,bestCI,0,0,0.25,gamma,naive_km,3,ET+ANTI-CDK wo CT,counterfactual,396,0.1680786636905265,1.325996845866928,0.4587851553026346
legacy_reused_holdout,1,bestCI,0,0,0.25,gamma,naive_km,3,MONOCT std alone,counterfactual,161,0.1372792336446813,1.1544217002890385,0.250449975472839
legacy_reused_holdout,1,bestCI,0,0,0.25,gamma,naive_km,3,POLYCT alone,counterfactual,339,0.1634966312621739,1.3159663517984015,0.232628394192855
legacy_reused_holdout,1,bestCI,0,0,0.25,gamma,naive_km,4,ET+ANTI-CDK wo CT,factual,4,0.1860516953391573,1.7390981466638429,-1.4502325184811335
legacy_reused_holdout,1,bestCI,0,0,0.25,gamma,naive_km,4,MONOCT std alone,factual,123,0.1633413739577599,1.3416656530966218,0.0868450607276376
legacy_reused_holdout,1,bestCI,0,0,0.25,gamma,naive_km,4,POLYCT alone,factual,68,0.1584090026403931,1.373688920750047,-0.0930239360055066
legacy_reused_holdout,1,bestCI,0,0,0.25,gamma,naive_km,4,ET+ANTI-CDK wo CT,counterfactual,194,0.1896281886432035,1.644820157440664,-0.4224864306427501
legacy_reused_holdout,1,bestCI,0,0,0.25,gamma,naive_km,4,MONOCT std alone,counterfactual,75,0.1493301258758752,1.3016778079191855,0.4417143828978332
legacy_reused_holdout,1,bestCI,0,0,0.25,gamma,naive_km,4,POLYCT alone,counterfactual,130,0.1865866869537403,1.6169432729038002,-0.1831499555704418
legacy_reused_holdout,1,bestCI,0,0,0.25,gamma,naive_km,all,ET alone,factual,470,0.1618179919291608,2.2197823274960267,0.4531123432990824
legacy_reused_holdout,1,bestCI,0,0,0.25,gamma,naive_km,all,ET+ANTI-CDK wo CT,factual,1705,0.1320807978404414,1.910851851931341,0.1880246397296203
legacy_reused_holdout,1,bestCI,0,0,0.25,gamma,naive_km,all,MONOCT std alone,factual,844,0.1357136445439803,1.4959824113085134,0.1091443149621672
legacy_reused_holdout,1,bestCI,0,0,0.25,gamma,naive_km,all,POLYCT alone,factual,431,0.1498982026483491,1.7050848641001606,0.3783655163908964
legacy_reused_holdout,1,bestCI,0,0,0.25,gamma,naive_km,all,ET alone,counterfactual,2785,0.1507547519219634,2.0344764457741342,0.2792584949166413
legacy_reused_holdout,1,bestCI,0,0,0.25,gamma,naive_km,all,ET+ANTI-CDK wo CT,counterfactual,1748,0.1692901393010759,1.940404023866645,0.5805450561889739
legacy_reused_holdout,1,bestCI,0,0,0.25,gamma,naive_km,all,MONOCT std alone,counterfactual,2609,0.1137355799814676,1.6473521752732083,-0.248364953090102
legacy_reused_holdout,1,bestCI,0,0,0.25,gamma,naive_km,all,POLYCT alone,counterfactual,3022,0.1427910686321802,1.8289504898586055,0.3845338501605034
legacy_reused_holdout,1,bestCI,1,1,0.25,gamma,dynasurv,1,ET alone,factual,336,0.1003372257194942,1.4625830866569558,0.8555201663666071
legacy_reused_holdout,1,bestCI,1,1,0.25,gamma,dynasurv,1,ET+ANTI-CDK wo CT,factual,1307,0.0983348759399709,1.3725900934267825,1.1249523851794652
legacy_reused_holdout,1,bestCI,1,1,0.25,gamma,dynasurv,1,MONOCT std alone,factual,180,0.0740511418881018,1.2197790247356228,-0.29090209181405
legacy_reused_holdout,1,bestCI,1,1,0.25,gamma,dynasurv,1,POLYCT alone,factual,154,0.0915968949777007,1.5208040628405628,-0.6606419322335125
legacy_reused_holdout,1,bestCI,1,1,0.25,gamma,dynasurv,1,ET alone,counterfactual,1641,0.0917409936009885,1.3136636707720328,0.8403790317964058
legacy_reused_holdout,1,bestCI,1,1,0.25,gamma,dynasurv,1,ET+ANTI-CDK wo CT,counterfactual,670,0.1087166017544847,1.5516995354397185,1.3157258239966727
legacy_reused_holdout,1,bestCI,1,1,0.25,gamma,dynasurv,1,MONOCT std alone,counterfactual,1797,0.0805626540084171,1.2989316637849595,-0.4200466263363469
legacy_reused_holdout,1,bestCI,1,1,0.25,gamma,dynasurv,1,POLYCT alone,counterfactual,1823,0.1035234441672314,1.6715702282648508,-0.4551528678583579
legacy_reused_holdout,1,bestCI,1,1,0.25,gamma,dynasurv,2,ET alone,factual,124,0.1090765067959818,1.293867499783327,0.6629821925029766
legacy_reused_holdout,1,bestCI,1,1,0.25,gamma,dynasurv,2,ET+ANTI-CDK wo CT,factual,347,0.1410585532753438,1.619877487203237,1.3738165512595093
legacy_reused_holdout,1,bestCI,1,1,0.25,gamma,dynasurv,2,MONOCT std alone,factual,275,0.1097184184584728,1.279776750015238,0.6462651905873421
legacy_reused_holdout,1,bestCI,1,1,0.25,gamma,dynasurv,2,POLYCT alone,factual,94,0.1082137372864417,1.3103673719678426,0.3709647780829658
legacy_reused_holdout,1,bestCI,1,1,0.25,gamma,dynasurv,2,ET alone,counterfactual,716,0.1234403913395478,1.4253921302597503,0.8373190379300844
legacy_reused_holdout,1,bestCI,1,1,0.25,gamma,dynasurv,2,ET+ANTI-CDK wo CT,counterfactual,493,0.1469506548033098,1.7077408319309453,1.3946563835724004
legacy_reused_holdout,1,bestCI,1,1,0.25,gamma,dynasurv,2,MONOCT std alone,counterfactual,565,0.100530377455319,1.2018403832501503,0.5491370546174423
legacy_reused_holdout,1,bestCI,1,1,0.25,gamma,dynasurv,2,POLYCT alone,counterfactual,746,0.1157841712764716,1.3943574422272107,0.5239265860492418
legacy_reused_holdout,1,bestCI,1,1,0.25,gamma,dynasurv,3,ET alone,factual,28,0.0662821074887668,0.5623782891832441,-0.2121715524613692
legacy_reused_holdout,1,bestCI,1,1,0.25,gamma,dynasurv,3,ET+ANTI-CDK wo CT,factual,48,0.1180002100257432,0.8306342781214413,0.49600822206529
legacy_reused_holdout,1,bestCI,1,1,0.25,gamma,dynasurv,3,MONOCT std alone,factual,253,0.0914905162486581,0.7799155182666583,-0.1667108806075474
legacy_reused_holdout,1,bestCI,1,1,0.25,gamma,dynasurv,3,POLYCT alone,factual,109,0.1016155612824187,0.8591323498516688,0.0051479352053175
legacy_reused_holdout,1,bestCI,1,1,0.25,gamma,dynasurv,3,ET alone,counterfactual,410,0.104275233639422,0.8420465753942601,0.0149418140730063
legacy_reused_holdout,1,bestCI,1,1,0.25,gamma,dynasurv,3,ET+ANTI-CDK wo CT,counterfactual,390,0.1046520057871273,0.795872573206124,0.20637182049445
legacy_reused_holdout,1,bestCI,1,1,0.25,gamma,dynasurv,3,MONOCT std alone,counterfactual,185,0.0880465635735134,0.7315740770630194,-0.0483299008344446
legacy_reused_holdout,1,bestCI,1,1,0.25,gamma,dynasurv,3,POLYCT alone,counterfactual,329,0.1065579654167225,0.8237914802962769,0.1014215893893561
legacy_reused_holdout,1,bestCI,1,1,0.25,gamma,dynasurv,4,MONOCT std alone,factual,115,0.1091246557105706,0.917551030719866,-0.1642808103859771
legacy_reused_holdout,1,bestCI,1,1,0.25,gamma,dynasurv,4,POLYCT alone,factual,75,0.1127416597030445,0.9435401985805996,-0.0595450788910525
legacy_reused_holdout,1,bestCI,1,1,0.25,gamma,dynasurv,4,MONOCT std alone,counterfactual,83,0.1091624138051855,0.9561335139475856,-0.3514550919223721
legacy_reused_holdout,1,bestCI,1,1,0.25,gamma,dynasurv,4,POLYCT alone,counterfactual,123,0.1243395408312162,0.9594380001437818,0.1195346933454876
legacy_reused_holdout,1,bestCI,1,1,0.25,gamma,dynasurv,all,ET alone,factual,488,0.1010297952910149,1.3680616376782797,0.7453355825832596
legacy_reused_holdout,1,bestCI,1,1,0.25,gamma,dynasurv,all,ET+ANTI-CDK wo CT,factual,1702,0.1089722111479645,1.4077222006569667,1.1579527058611898
legacy_reused_holdout,1,bestCI,1,1,0.25,gamma,dynasurv,all,MONOCT std alone,factual,823,0.0972571037544965,1.0623764585186533,0.0781171383923367
legacy_reused_holdout,1,bestCI,1,1,0.25,gamma,dynasurv,all,POLYCT alone,factual,432,0.1017397679336126,1.2078456010875018,-0.1638262138972488
legacy_reused_holdout,1,bestCI,1,1,0.25,gamma,dynasurv,all,ET alone,counterfactual,2767,0.1026913989073361,1.27269314958964,0.7172781229149892
legacy_reused_holdout,1,bestCI,1,1,0.25,gamma,dynasurv,all,ET+ANTI-CDK wo CT,counterfactual,1553,0.1212627093196503,1.4114264149626246,1.0621937599303282
legacy_reused_holdout,1,bestCI,1,1,0.25,gamma,dynasurv,all,MONOCT std alone,counterfactual,2630,0.0867592604208232,1.227346122536964,-0.1835259148104524
legacy_reused_holdout,1,bestCI,1,1,0.25,gamma,dynasurv,all,POLYCT alone,counterfactual,3021,0.1079056734958551,1.4817945875748038,-0.129369074717795
legacy_reused_holdout,1,bestCI,1,1,0.25,gamma,oracle,1,ET alone,factual,336,0.0,7.993504648359928e-06,-7.85705178415633e-06
legacy_reused_holdout,1,bestCI,1,1,0.25,gamma,oracle,1,ET+ANTI-CDK wo CT,factual,1307,0.0,7.092755034162505e-06,-7.02760126201001e-06
legacy_reused_holdout,1,bestCI,1,1,0.25,gamma,oracle,1,MONOCT std alone,factual,180,0.0,9.169133782569204e-06,-9.169133782569204e-06
legacy_reused_holdout,1,bestCI,1,1,0.25,gamma,oracle,1,POLYCT alone,factual,154,0.0,8.222207902098144e-06,-8.222207902098144e-06
legacy_reused_holdout,1,bestCI,1,1,0.25,gamma,oracle,1,ET alone,counterfactual,1641,0.0,7.824728366363467e-06,-7.709439355665666e-06
legacy_reused_holdout,1,bestCI,1,1,0.25,gamma,oracle,1,ET+ANTI-CDK wo CT,counterfactual,670,0.0,7.528403215556396e-06,-7.475331856926587e-06
legacy_reused_holdout,1,bestCI,1,1,0.25,gamma,oracle,1,MONOCT std alone,counterfactual,1797,0.0,8.676088487752664e-06,-8.669730115367698e-06
legacy_reused_holdout,1,bestCI,1,1,0.25,gamma,oracle,1,POLYCT alone,counterfactual,1823,0.0,7.98618703480094e-06,-7.882911411290299e-06
legacy_reused_holdout,1,bestCI,1,1,0.25,gamma,oracle,2,ET alone,factual,124,0.0,1.3620361432175437e-05,-1.2338549499185132e-05
legacy_reused_holdout,1,bestCI,1,1,0.25,gamma,oracle,2,ET+ANTI-CDK wo CT,factual,347,0.0,1.197441249162228e-05,-1.1443895305552267e-05
legacy_reused_holdout,1,bestCI,1,1,0.25,gamma,oracle,2,MONOCT std alone,factual,275,0.0,1.4354622816939091e-05,-1.409872939925288e-05
legacy_reused_holdout,1,bestCI,1,1,0.25,gamma,oracle,2,POLYCT alone,factual,94,0.0,1.390335218440644e-05,-1.355922278721998e-05
legacy_reused_holdout,1,bestCI,1,1,0.25,gamma,oracle,2,ET alone,counterfactual,716,0.0,1.2790253314502474e-05,-1.2038523900542812e-05
legacy_reused_holdout,1,bestCI,1,1,0.25,gamma,oracle,2,ET+ANTI-CDK wo CT,counterfactual,493,0.0,1.268347356854772e-05,-1.1513954806763813e-05
legacy_reused_holdout,1,bestCI,1,1,0.25,gamma,oracle,2,MONOCT std alone,counterfactual,565,0.0,1.4426503646999256e-05,-1.4262456617423802e-05
legacy_reused_holdout,1,bestCI,1,1,0.25,gamma,oracle,2,POLYCT alone,counterfactual,746,0.0,1.3668664024861505e-05,-1.2727873700113732e-05
legacy_reused_holdout,1,bestCI,1,1,0.25,gamma,oracle,3,ET alone,factual,28,0.0,1.3550590047055927e-05,-1.3550590047055927e-05
legacy_reused_holdout,1,bestCI,1,1,0.25,gamma,oracle,3,ET+ANTI-CDK wo CT,factual,48,0.0,1.451946796003171e-05,-1.3187333611830445e-05
legacy_reused_holdout,1,bestCI,1,1,0.25,gamma,oracle,3,MONOCT std alone,factual,253,0.0,1.776926810685176e-05,-1.717638865532658e-05
legacy_reused_holdout,1,bestCI,1,1,0.25,gamma,oracle,3,POLYCT alone,factual,109,0.0,1.6372110352981058e-05,-1.5443441788563734e-05
legacy_reused_holdout,1,bestCI,1,1,0.25,gamma,oracle,3,ET alone,counterfactual,410,0.0,1.607355132346295e-05,-1.4499099765525718e-05
legacy_reused_holdout,1,bestCI,1,1,0.25,gamma,oracle,3,ET+ANTI-CDK wo CT,counterfactual,390,0.0,1.5213202931710711e-05,-1.4068589518991586e-05
legacy_reused_holdout,1,bestCI,1,1,0.25,gamma,oracle,3,MONOCT std alone,counterfactual,185,0.0,1.714209383255106e-05,-1.6686456365441225e-05
legacy_reused_holdout,1,bestCI,1,1,0.25,gamma,oracle,3,POLYCT alone,counterfactual,329,0.0,1.6167121514978485e-05,-1.5159001413351856e-05
legacy_reused_holdout,1,bestCI,1,1,0.25,gamma,oracle,4,MONOCT std alone,factual,115,0.0,1.859790586143408e-05,-1.4818729405438e-05
legacy_reused_holdout,1,bestCI,1,1,0.25,gamma,oracle,4,POLYCT alone,factual,75,0.0,1.827678085459657e-05,-1.638082023418974e-05
legacy_reused_holdout,1,bestCI,1,1,0.25,gamma,oracle,4,MONOCT std alone,counterfactual,83,0.0,1.8362906372381447e-05,-1.8099879689516348e-05
legacy_reused_holdout,1,bestCI,1,1,0.25,gamma,oracle,4,POLYCT alone,counterfactual,123,0.0,1.9637343477710672e-05,-1.3498292136449854e-05
legacy_reused_holdout,1,bestCI,1,1,0.25,gamma,oracle,all,ET alone,factual,488,0.0,9.742128894992326e-06,-9.322471431748052e-06
legacy_reused_holdout,1,bestCI,1,1,0.25,gamma,oracle,all,ET+ANTI-CDK wo CT,factual,1702,0.0,8.297465585384752e-06,-8.101703016358157e-06
legacy_reused_holdout,1,bestCI,1,1,0.25,gamma,oracle,all,MONOCT std alone,factual,823,0.0,1.48631219448592e-05,-1.4067284176281888e-05
legacy_reused_holdout,1,bestCI,1,1,0.25,gamma,oracle,all,POLYCT alone,factual,432,0.0,1.3260309525062494e-05,-1.2621952850554328e-05
legacy_reused_holdout,1,bestCI,1,1,0.25,gamma,oracle,all,ET alone,counterfactual,2767,0.0,1.033189615648935e-05,-9.8357079867371e-06
legacy_reused_holdout,1,bestCI,1,1,0.25,gamma,oracle,all,ET+ANTI-CDK wo CT,counterfactual,1553,0.0,1.1094740352275589e-05,-1.0413137138623367e-05
legacy_reused_holdout,1,bestCI,1,1,0.25,gamma,oracle,all,MONOCT std alone,counterfactual,2630,0.0,1.081266698135959e-05,-1.0732729067679348e-05
legacy_reused_holdout,1,bestCI,1,1,0.25,gamma,oracle,all,POLYCT alone,counterfactual,3021,0.0,1.0754723122533972e-05,-1.0100345144271151e-05
legacy_reused_holdout,1,bestCI,1,1,0.25,gamma,naive_km,1,ET alone,factual,336,0.1387238132687759,2.238888981130622,0.2077325370898443
legacy_reused_holdout,1,bestCI,1,1,0.25,gamma,naive_km,1,ET+ANTI-CDK wo CT,factual,1307,0.118791619161322,1.9062438647445563,-0.0813566922750715
legacy_reused_holdout,1,bestCI,1,1,0.25,gamma,naive_km,1,MONOCT std alone,factual,180,0.1056638764726773,1.8099033677501537,-0.44824061617507
legacy_reused_holdout,1,bestCI,1,1,0.25,gamma,naive_km,1,POLYCT alone,factual,154,0.1127216418518984,1.847139866966047,-0.1317544473846188
legacy_reused_holdout,1,bestCI,1,1,0.25,gamma,naive_km,1,ET alone,counterfactual,1641,0.1332853693784594,2.1545649919204433,0.0034357075509552
legacy_reused_holdout,1,bestCI,1,1,0.25,gamma,naive_km,1,ET+ANTI-CDK wo CT,counterfactual,670,0.1338748673862612,2.10383624786572,0.3866890087166749
legacy_reused_holdout,1,bestCI,1,1,0.25,gamma,naive_km,1,MONOCT std alone,counterfactual,1797,0.1056584343703798,1.884913038068841,-0.8461250625089678
legacy_reused_holdout,1,bestCI,1,1,0.25,gamma,naive_km,1,POLYCT alone,counterfactual,1823,0.126521194485271,1.9985431526840003,-0.0684293846308407
legacy_reused_holdout,1,bestCI,1,1,0.25,gamma,naive_km,2,ET alone,factual,124,0.1685757205049933,2.135404507620321,-0.0201651892809678
legacy_reused_holdout,1,bestCI,1,1,0.25,gamma,naive_km,2,ET+ANTI-CDK wo CT,factual,347,0.1815332102216955,2.222389234656845,0.7606688261996803
legacy_reused_holdout,1,bestCI,1,1,0.25,gamma,naive_km,2,MONOCT std alone,factual,275,0.1454804156135865,1.8597362940872817,0.2018749285178298
legacy_reused_holdout,1,bestCI,1,1,0.25,gamma,naive_km,2,POLYCT alone,factual,94,0.1478981530838568,1.8384097761977696,0.2516006173686786
legacy_reused_holdout,1,bestCI,1,1,0.25,gamma,naive_km,2,ET alone,counterfactual,716,0.1786293007913429,2.3344122855353975,0.2139599444325688
legacy_reused_holdout,1,bestCI,1,1,0.25,gamma,naive_km,2,ET+ANTI-CDK wo CT,counterfactual,493,0.195492943702323,2.32915110376329,1.1413575632411328
legacy_reused_holdout,1,bestCI,1,1,0.25,gamma,naive_km,2,MONOCT std alone,counterfactual,565,0.1361341816507736,1.7753474220059997,-0.1767595802429704
legacy_reused_holdout,1,bestCI,1,1,0.25,gamma,naive_km,2,POLYCT alone,counterfactual,746,0.1630652503629291,1.9847278151207175,0.2799477443975438
legacy_reused_holdout,1,bestCI,1,1,0.25,gamma,naive_km,3,ET alone,factual,28,0.1881484913063455,1.8947301939629375,-1.4315762038148203
legacy_reused_holdout,1,bestCI,1,1,0.25,gamma,naive_km,3,ET+ANTI-CDK wo CT,factual,48,0.1545207561048464,1.323839594569855,-0.1269428322025113
legacy_reused_holdout,1,bestCI,1,1,0.25,gamma,naive_km,3,MONOCT std alone,factual,253,0.1317811746555191,1.0741891001371762,0.2415823097096801
legacy_reused_holdout,1,bestCI,1,1,0.25,gamma,naive_km,3,POLYCT alone,factual,109,0.1523649647018589,1.2721337812197648,0.1771907533404219
legacy_reused_holdout,1,bestCI,1,1,0.25,gamma,naive_km,3,ET alone,counterfactual,410,0.1726751964034331,1.5776201294185652,-0.5920460545025457
legacy_reused_holdout,1,bestCI,1,1,0.25,gamma,naive_km,3,ET+ANTI-CDK wo CT,counterfactual,390,0.163781317504262,1.341079811594949,0.2376225473650443
legacy_reused_holdout,1,bestCI,1,1,0.25,gamma,naive_km,3,MONOCT std alone,counterfactual,185,0.1350022643915549,1.1037162867675092,0.1575306437007425
legacy_reused_holdout,1,bestCI,1,1,0.25,gamma,naive_km,3,POLYCT alone,counterfactual,329,0.1526691475494985,1.2799627269299765,0.0964810401452404
legacy_reused_holdout,1,bestCI,1,1,0.25,gamma,naive_km,4,MONOCT std alone,factual,115,0.1744937983343625,1.5381373645474332,0.1281132646554159
legacy_reused_holdout,1,bestCI,1,1,0.25,gamma,naive_km,4,POLYCT alone,factual,75,0.158015077092757,1.3324823975614313,0.1050579665764581
legacy_reused_holdout,1,bestCI,1,1,0.25,gamma,naive_km,4,MONOCT std alone,counterfactual,83,0.1386726179820651,1.246233553222095,-0.0845808537603675
legacy_reused_holdout,1,bestCI,1,1,0.25,gamma,naive_km,4,POLYCT alone,counterfactual,123,0.1899842289755954,1.523142335958921,0.355474587839562
legacy_reused_holdout,1,bestCI,1,1,0.25,gamma,naive_km,all,ET alone,factual,488,0.1500074003152877,2.19284693040117,0.0557654001732227
legacy_reused_holdout,1,bestCI,1,1,0.25,gamma,naive_km,all,ET+ANTI-CDK wo CT,factual,1702,0.1350129204767469,1.9542738520484215,0.0890279846898061
legacy_reused_holdout,1,bestCI,1,1,0.25,gamma,naive_km,all,MONOCT std alone,factual,823,0.1382283478034913,1.5624127901903897,0.0615864449851913
legacy_reused_holdout,1,bestCI,1,1,0.25,gamma,naive_km,all,POLYCT alone,factual,432,0.1395760319409423,1.6108074547347755,0.0707254924601038
legacy_reused_holdout,1,bestCI,1,1,0.25,gamma,naive_km,all,ET alone,counterfactual,2767,0.1523501455862574,2.1156142396987367,-0.0303236595739814
legacy_reused_holdout,1,bestCI,1,1,0.25,gamma,naive_km,all,ET+ANTI-CDK wo CT,counterfactual,1553,0.1630969782222644,1.983813848517298,0.5888240231747701
legacy_reused_holdout,1,bestCI,1,1,0.25,gamma,naive_km,all,MONOCT std alone,counterfactual,2630,0.116181130123402,1.786268030727194,-0.6076931338187704
legacy_reused_holdout,1,bestCI,1,1,0.25,gamma,naive_km,all,POLYCT alone,counterfactual,3021,0.1422452895157029,1.8975191532293605,0.0528169101789458
legacy_reused_holdout,1,bestCI,2,2,0.25,gamma,dynasurv,1,ET alone,factual,346,0.13082286875124,1.868962184856172,1.5748811950763622
legacy_reused_holdout,1,bestCI,2,2,0.25,gamma,dynasurv,1,ET+ANTI-CDK wo CT,factual,1290,0.1020374134316007,1.445069338115803,1.2516907091136826
legacy_reused_holdout,1,bestCI,2,2,0.25,gamma,dynasurv,1,MONOCT std alone,factual,161,0.0959939475682471,1.5333010340035886,-0.4089497775922789
legacy_reused_holdout,1,bestCI,2,2,0.25,gamma,dynasurv,1,POLYCT alone,factual,180,0.1227353474136129,1.976338383796747,-0.9286604457648592
legacy_reused_holdout,1,bestCI,2,2,0.25,gamma,dynasurv,1,ET alone,counterfactual,1631,0.1136270125649698,1.68544329112548,1.4106856510473291
legacy_reused_holdout,1,bestCI,2,2,0.25,gamma,dynasurv,1,ET+ANTI-CDK wo CT,counterfactual,687,0.1316735402650906,1.802980090697594,1.5437657266044584
legacy_reused_holdout,1,bestCI,2,2,0.25,gamma,dynasurv,1,MONOCT std alone,counterfactual,1816,0.0853498862044277,1.3044857620595844,-0.4510424494502805
legacy_reused_holdout,1,bestCI,2,2,0.25,gamma,dynasurv,1,POLYCT alone,counterfactual,1797,0.1140517333021143,1.8639678884358395,-1.029950737700938
legacy_reused_holdout,1,bestCI,2,2,0.25,gamma,dynasurv,2,ET alone,factual,117,0.114424756245583,1.3969996545085033,0.6132924748878786
legacy_reused_holdout,1,bestCI,2,2,0.25,gamma,dynasurv,2,ET+ANTI-CDK wo CT,factual,375,0.1166191891425188,1.2958910965206063,0.691491114953294
legacy_reused_holdout,1,bestCI,2,2,0.25,gamma,dynasurv,2,MONOCT std alone,factual,270,0.1084352095374083,1.31504662329128,0.4304251390595831
legacy_reused_holdout,1,bestCI,2,2,0.25,gamma,dynasurv,2,POLYCT alone,factual,78,0.1256625592412063,1.5874340434218788,-0.0130987365265049
legacy_reused_holdout,1,bestCI,2,2,0.25,gamma,dynasurv,2,ET alone,counterfactual,723,0.124402692363103,1.470407483409131,0.8159683513396244
legacy_reused_holdout,1,bestCI,2,2,0.25,gamma,dynasurv,2,ET+ANTI-CDK wo CT,counterfactual,465,0.134800675675007,1.5814896134657377,0.9967676630553282
legacy_reused_holdout,1,bestCI,2,2,0.25,gamma,dynasurv,2,MONOCT std alone,counterfactual,570,0.0983194483485775,1.197172388364301,0.2053341262819593
legacy_reused_holdout,1,bestCI,2,2,0.25,gamma,dynasurv,2,POLYCT alone,counterfactual,762,0.1182927636210653,1.441135023414562,-0.0050397401284357
legacy_reused_holdout,1,bestCI,2,2,0.25,gamma,dynasurv,3,ET alone,factual,20,0.0956396297326874,0.7701321704430557,-0.0511714868847019
legacy_reused_holdout,1,bestCI,2,2,0.25,gamma,dynasurv,3,ET+ANTI-CDK wo CT,factual,61,0.0788678508831701,0.6242215960224483,0.0412138021059918
legacy_reused_holdout,1,bestCI,2,2,0.25,gamma,dynasurv,3,MONOCT std alone,factual,259,0.1041846725595222,0.8558281909314177,0.1282749796400897
legacy_reused_holdout,1,bestCI,2,2,0.25,gamma,dynasurv,3,POLYCT alone,factual,98,0.1213749778164956,0.9589856074860056,-0.0097733644481405
legacy_reused_holdout,1,bestCI,2,2,0.25,gamma,dynasurv,3,ET alone,counterfactual,418,0.1228910490668399,0.9734464090923154,0.4771617410870187
legacy_reused_holdout,1,bestCI,2,2,0.25,gamma,dynasurv,3,ET+ANTI-CDK wo CT,counterfactual,377,0.1162024842461711,0.9085341110466992,0.2339261977371073
legacy_reused_holdout,1,bestCI,2,2,0.25,gamma,dynasurv,3,MONOCT std alone,counterfactual,179,0.0977359463135881,0.7933616286418789,0.0376945079699954
legacy_reused_holdout,1,bestCI,2,2,0.25,gamma,dynasurv,3,POLYCT alone,counterfactual,340,0.1167927747418525,0.939517355537912,0.0115592430999042
legacy_reused_holdout,1,bestCI,2,2,0.25,gamma,dynasurv,4,ET alone,factual,7,0.0393774053302535,0.2723541596845474,0.1002675190613793
legacy_reused_holdout,1,bestCI,2,2,0.25,gamma,dynasurv,4,MONOCT std alone,factual,118,0.1010644274686479,0.8175485215909464,-0.0139293130144658
legacy_reused_holdout,1,bestCI,2,2,0.25,gamma,dynasurv,4,POLYCT alone,factual,72,0.1250408124705267,1.041238505463132,-0.0933709549183461
legacy_reused_holdout,1,bestCI,2,2,0.25,gamma,dynasurv,4,ET alone,counterfactual,191,0.1224734198437889,0.9995671505053526,0.4582474724509769
legacy_reused_holdout,1,bestCI,2,2,0.25,gamma,dynasurv,4,MONOCT std alone,counterfactual,80,0.1081634752979005,0.8322605365105492,0.0336245654518962
legacy_reused_holdout,1,bestCI,2,2,0.25,gamma,dynasurv,4,POLYCT alone,counterfactual,126,0.117881176410638,0.9105918862524738,-0.0674504612818338
legacy_reused_holdout,1,bestCI,2,2,0.25,gamma,dynasurv,all,ET alone,factual,490,0.1249272138806654,1.6886102001313943,1.2578419509266097
legacy_reused_holdout,1,bestCI,2,2,0.25,gamma,dynasurv,all,ET+ANTI-CDK wo CT,factual,1726,0.1046720009826215,1.383647812701033,1.087198276241368
legacy_reused_holdout,1,bestCI,2,2,0.25,gamma,dynasurv,all,MONOCT std alone,factual,808,0.1036156810911531,1.1386810417848914,0.101427517505949
legacy_reused_holdout,1,bestCI,2,2,0.25,gamma,dynasurv,all,POLYCT alone,factual,428,0.1233553244192118,1.5152115102740538,-0.4108903741980859
legacy_reused_holdout,1,bestCI,2,2,0.25,gamma,dynasurv,all,ET alone,counterfactual,2963,0.1182400531469596,1.4883160793376882,1.0724779918627243
legacy_reused_holdout,1,bestCI,2,2,0.25,gamma,dynasurv,all,ET+ANTI-CDK wo CT,counterfactual,1529,0.1290185513834933,1.5150800212134865,1.0544500942085544
legacy_reused_holdout,1,bestCI,2,2,0.25,gamma,dynasurv,all,MONOCT std alone,counterfactual,2645,0.0899163180234552,1.2324865707809445,-0.2618583569218192
legacy_reused_holdout,1,bestCI,2,2,0.25,gamma,dynasurv,all,POLYCT alone,counterfactual,3025,0.1156033322598857,1.6138398882353064,-0.6146216109401644
legacy_reused_holdout,1,bestCI,2,2,0.25,gamma,oracle,1,ET alone,factual,346,0.0,8.066327391981113e-06,-7.90044759733844e-06
legacy_reused_holdout,1,bestCI,2,2,0.25,gamma,oracle,1,ET+ANTI-CDK wo CT,factual,1290,0.0,7.133176886920695e-06,-7.080499308908394e-06
legacy_reused_holdout,1,bestCI,2,2,0.25,gamma,oracle,1,MONOCT std alone,factual,161,0.0,8.87269631761089e-06,-8.817469947053484e-06
legacy_reused_holdout,1,bestCI,2,2,0.25,gamma,oracle,1,POLYCT alone,factual,180,0.0,8.537331990668109e-06,-8.385837510458158e-06
legacy_reused_holdout,1,bestCI,2,2,0.25,gamma,oracle,1,ET alone,counterfactual,1631,0.0,7.931179821394973e-06,-7.77552417248089e-06
legacy_reused_holdout,1,bestCI,2,2,0.25,gamma,oracle,1,ET+ANTI-CDK wo CT,counterfactual,687,0.0,7.670104132194673e-06,-7.540132904751535e-06
legacy_reused_holdout,1,bestCI,2,2,0.25,gamma,oracle,1,MONOCT std alone,counterfactual,1816,0.0,8.79651975712657e-06,-8.783492975959339e-06
legacy_reused_holdout,1,bestCI,2,2,0.25,gamma,oracle,1,POLYCT alone,counterfactual,1797,0.0,8.0793420334819e-06,-7.950484539708053e-06
legacy_reused_holdout,1,bestCI,2,2,0.25,gamma,oracle,2,ET alone,factual,117,0.0,1.25012325875755e-05,-1.192705262244808e-05
legacy_reused_holdout,1,bestCI,2,2,0.25,gamma,oracle,2,ET+ANTI-CDK wo CT,factual,375,0.0,1.1836818251064566e-05,-1.092228314193259e-05
legacy_reused_holdout,1,bestCI,2,2,0.25,gamma,oracle,2,MONOCT std alone,factual,270,0.0,1.4803001053739258e-05,-1.4305193012267538e-05
legacy_reused_holdout,1,bestCI,2,2,0.25,gamma,oracle,2,POLYCT alone,factual,78,0.0,1.325688260473284e-05,-1.2746924222885636e-05
legacy_reused_holdout,1,bestCI,2,2,0.25,gamma,oracle,2,ET alone,counterfactual,723,0.0,1.304137222267517e-05,-1.1929466362277943e-05
legacy_reused_holdout,1,bestCI,2,2,0.25,gamma,oracle,2,ET+ANTI-CDK wo CT,counterfactual,465,0.0,1.2845495432517033e-05,-1.1718470829622232e-05
legacy_reused_holdout,1,bestCI,2,2,0.25,gamma,oracle,2,MONOCT std alone,counterfactual,570,0.0,1.4098583480209384e-05,-1.3839380545085982e-05
legacy_reused_holdout,1,bestCI,2,2,0.25,gamma,oracle,2,POLYCT alone,counterfactual,762,0.0,1.3619073944410526e-05,-1.2600126498151815e-05
legacy_reused_holdout,1,bestCI,2,2,0.25,gamma,oracle,3,ET alone,factual,20,0.0,1.6096930029885213e-05,-1.6096930029885213e-05
legacy_reused_holdout,1,bestCI,2,2,0.25,gamma,oracle,3,ET+ANTI-CDK wo CT,factual,61,0.0,1.390251599698655e-05,-1.390251599698655e-05
legacy_reused_holdout,1,bestCI,2,2,0.25,gamma,oracle,3,MONOCT std alone,factual,259,0.0,1.7634199423046677e-05,-1.7169065510371963e-05
legacy_reused_holdout,1,bestCI,2,2,0.25,gamma,oracle,3,POLYCT alone,factual,98,0.0,1.6494860210584853e-05,-1.5086353711323026e-05
legacy_reused_holdout,1,bestCI,2,2,0.25,gamma,oracle,3,ET alone,counterfactual,418,0.0,1.6025472895040563e-05,-1.4381901234021003e-05
legacy_reused_holdout,1,bestCI,2,2,0.25,gamma,oracle,3,ET+ANTI-CDK wo CT,counterfactual,377,0.0,1.5501744169706105e-05,-1.416664106708649e-05
legacy_reused_holdout,1,bestCI,2,2,0.25,gamma,oracle,3,MONOCT std alone,counterfactual,179,0.0,1.7485654664093775e-05,-1.699982812703545e-05
legacy_reused_holdout,1,bestCI,2,2,0.25,gamma,oracle,3,POLYCT alone,counterfactual,340,0.0,1.647449141387526e-05,-1.5562037457619042e-05
legacy_reused_holdout,1,bestCI,2,2,0.25,gamma,oracle,4,ET alone,factual,7,0.0,1.438277146892375e-05,-1.438277146892375e-05
legacy_reused_holdout,1,bestCI,2,2,0.25,gamma,oracle,4,MONOCT std alone,factual,118,0.0,1.8289428272544504e-05,-1.611518634942381e-05
legacy_reused_holdout,1,bestCI,2,2,0.25,gamma,oracle,4,POLYCT alone,factual,72,0.0,1.6512414093086373e-05,-1.3761407275356438e-05
legacy_reused_holdout,1,bestCI,2,2,0.25,gamma,oracle,4,ET alone,counterfactual,191,0.0,1.7079410669893213e-05,-1.308074489801975e-05
legacy_reused_holdout,1,bestCI,2,2,0.25,gamma,oracle,4,MONOCT std alone,counterfactual,80,0.0,1.69616807458417e-05,-1.578134038383583e-05
legacy_reused_holdout,1,bestCI,2,2,0.25,gamma,oracle,4,POLYCT alone,counterfactual,126,0.0,1.840704141367831e-05,-1.432905710526836e-05
legacy_reused_holdout,1,bestCI,2,2,0.25,gamma,oracle,all,ET alone,factual,490,0.0,9.54328875765708e-06,-9.289057196705502e-06
legacy_reused_holdout,1,bestCI,2,2,0.25,gamma,oracle,all,ET+ANTI-CDK wo CT,factual,1726,0.0,8.394356027863898e-06,-8.156288390806911e-06
legacy_reused_holdout,1,bestCI,2,2,0.25,gamma,oracle,all,MONOCT std alone,factual,808,0.0,1.5038025468285018e-05,-1.4394052885156184e-05
legacy_reused_holdout,1,bestCI,2,2,0.25,gamma,oracle,all,POLYCT alone,factual,428,0.0,1.2561090459880738e-05,-1.1619146796268383e-05
legacy_reused_holdout,1,bestCI,2,2,0.25,gamma,oracle,all,ET alone,counterfactual,2963,0.0,1.09097136394755e-05,-1.0063091831449829e-05
legacy_reused_holdout,1,bestCI,2,2,0.25,gamma,oracle,all,ET+ANTI-CDK wo CT,counterfactual,1529,0.0,1.1175065053575776e-05,-1.044472460669081e-05
legacy_reused_holdout,1,bestCI,2,2,0.25,gamma,oracle,all,MONOCT std alone,counterfactual,2645,0.0,1.0774116864726396e-05,-1.0640735962377082e-05
legacy_reused_holdout,1,bestCI,2,2,0.25,gamma,oracle,all,POLYCT alone,counterfactual,3025,0.0,1.084857067062772e-05,-1.0242932575306229e-05
legacy_reused_holdout,1,bestCI,2,2,0.25,gamma,naive_km,1,ET alone,factual,346,0.1466089096370177,2.309821172975096,0.4473152092450199
legacy_reused_holdout,1,bestCI,2,2,0.25,gamma,naive_km,1,ET+ANTI-CDK wo CT,factual,1290,0.1163110135507206,1.89867607198836,-0.1517356152488841
legacy_reused_holdout,1,bestCI,2,2,0.25,gamma,naive_km,1,MONOCT std alone,factual,161,0.1143298292285377,1.7393074632440266,0.0223795339511587
legacy_reused_holdout,1,bestCI,2,2,0.25,gamma,naive_km,1,POLYCT alone,factual,180,0.1366492439333538,1.9696044883226935,0.7440650425094
legacy_reused_holdout,1,bestCI,2,2,0.25,gamma,naive_km,1,ET alone,counterfactual,1631,0.1316169562884867,2.106319483152929,0.0573760467623239
legacy_reused_holdout,1,bestCI,2,2,0.25,gamma,naive_km,1,ET+ANTI-CDK wo CT,counterfactual,687,0.1368441867612589,2.107832214430462,0.4331682773955035
legacy_reused_holdout,1,bestCI,2,2,0.25,gamma,naive_km,1,MONOCT std alone,counterfactual,1816,0.0995494186215417,1.6421293588833683,-0.2953145303160133
legacy_reused_holdout,1,bestCI,2,2,0.25,gamma,naive_km,1,POLYCT alone,counterfactual,1797,0.1253679219424425,1.8773702079588008,0.3126964187492949
legacy_reused_holdout,1,bestCI,2,2,0.25,gamma,naive_km,2,ET alone,factual,117,0.1776220310454528,2.2963629841549102,0.5456790873463231
legacy_reused_holdout,1,bestCI,2,2,0.25,gamma,naive_km,2,ET+ANTI-CDK wo CT,factual,375,0.1810631995935512,2.1659992716444503,0.6820588825580128
legacy_reused_holdout,1,bestCI,2,2,0.25,gamma,naive_km,2,MONOCT std alone,factual,270,0.1418621706948664,1.748563350153674,0.457148142929914
legacy_reused_holdout,1,bestCI,2,2,0.25,gamma,naive_km,2,POLYCT alone,factual,78,0.1649257109700758,1.9875277806181673,0.3997225511986298
legacy_reused_holdout,1,bestCI,2,2,0.25,gamma,naive_km,2,ET alone,counterfactual,723,0.1820892162136816,2.2526352627498696,0.7212664101387202
legacy_reused_holdout,1,bestCI,2,2,0.25,gamma,naive_km,2,ET+ANTI-CDK wo CT,counterfactual,465,0.2023906870445398,2.4455285016593704,1.4737841853295648
legacy_reused_holdout,1,bestCI,2,2,0.25,gamma,naive_km,2,MONOCT std alone,counterfactual,570,0.1398577944105744,1.81702949557598,-0.1714880061414147
legacy_reused_holdout,1,bestCI,2,2,0.25,gamma,naive_km,2,POLYCT alone,counterfactual,762,0.164953203996119,1.9660968817015736,0.2818564631481742
legacy_reused_holdout,1,bestCI,2,2,0.25,gamma,naive_km,3,ET alone,factual,20,0.135778077835443,1.0745896753045288,0.1902755587538304
legacy_reused_holdout,1,bestCI,2,2,0.25,gamma,naive_km,3,ET+ANTI-CDK wo CT,factual,61,0.1579565008906404,1.3771169554703118,-0.2806334231290218
legacy_reused_holdout,1,bestCI,2,2,0.25,gamma,naive_km,3,MONOCT std alone,factual,259,0.1459098241388918,1.2454856936829106,0.2338865415714693
legacy_reused_holdout,1,bestCI,2,2,0.25,gamma,naive_km,3,POLYCT alone,factual,98,0.1658900340546039,1.3901304162110166,0.1765699954055816
legacy_reused_holdout,1,bestCI,2,2,0.25,gamma,naive_km,3,ET alone,counterfactual,418,0.18844751878649,1.5241734271833975,0.7434529807544876
legacy_reused_holdout,1,bestCI,2,2,0.25,gamma,naive_km,3,ET+ANTI-CDK wo CT,counterfactual,377,0.1729061770793179,1.4562881135914767,0.1365720679919392
legacy_reused_holdout,1,bestCI,2,2,0.25,gamma,naive_km,3,MONOCT std alone,counterfactual,179,0.1430322489000582,1.1853310382640323,0.1173876714324464
legacy_reused_holdout,1,bestCI,2,2,0.25,gamma,naive_km,3,POLYCT alone,counterfactual,340,0.1607383010409583,1.3598769407885516,0.1622531636010116
legacy_reused_holdout,1,bestCI,2,2,0.25,gamma,naive_km,4,ET alone,factual,7,0.1651646576766809,1.537091422532088,-0.3061204668960999
legacy_reused_holdout,1,bestCI,2,2,0.25,gamma,naive_km,4,MONOCT std alone,factual,118,0.1523011489796966,1.2669236099600931,0.2961214354365671
legacy_reused_holdout,1,bestCI,2,2,0.25,gamma,naive_km,4,POLYCT alone,factual,72,0.1751224991953812,1.4886961705417725,0.0374982572054125
legacy_reused_holdout,1,bestCI,2,2,0.25,gamma,naive_km,4,ET alone,counterfactual,191,0.1896827915558613,1.5818855679546815,0.4969755363606127
legacy_reused_holdout,1,bestCI,2,2,0.25,gamma,naive_km,4,MONOCT std alone,counterfactual,80,0.1550411127626899,1.3064273527911567,0.1063169848492767
legacy_reused_holdout,1,bestCI,2,2,0.25,gamma,naive_km,4,POLYCT alone,counterfactual,126,0.1692446121842453,1.3909500127193684,0.1829618065352334
legacy_reused_holdout,1,bestCI,2,2,0.25,gamma,naive_km,all,ET alone,factual,490,0.154444062090875,2.2451510784884143,0.4495473133165318
legacy_reused_holdout,1,bestCI,2,2,0.25,gamma,naive_km,all,ET+ANTI-CDK wo CT,factual,1726,0.1345938622497557,1.9383232873785297,0.0248635564758539
legacy_reused_holdout,1,bestCI,2,2,0.25,gamma,naive_km,all,MONOCT std alone,factual,808,0.139789928442485,1.515121765795724,0.2754357019873005
legacy_reused_holdout,1,bestCI,2,2,0.25,gamma,naive_km,all,POLYCT alone,factual,428,0.1557899712456401,1.7592871024625918,0.4325088801722473
legacy_reused_holdout,1,bestCI,2,2,0.25,gamma,naive_km,all,ET alone,counterfactual,2963,0.1579721897708473,2.026090789076135,0.3444959906175828
legacy_reused_holdout,1,bestCI,2,2,0.25,gamma,naive_km,all,ET+ANTI-CDK wo CT,counterfactual,1529,0.1680560828166661,2.049883651673853,0.6765100865807191
legacy_reused_holdout,1,bestCI,2,2,0.25,gamma,naive_km,all,MONOCT std alone,counterfactual,2645,0.1145898825308514,1.6387531842280003,-0.22855258925525
legacy_reused_holdout,1,bestCI,2,2,0.25,gamma,naive_km,all,POLYCT alone,counterfactual,3025,0.1424356779268827,1.821295189761756,0.2826146620360908
legacy_reused_holdout,1,bestCI,0,0,0.5,gamma,dynasurv,1,ET alone,factual,311,0.141482584948372,1.917363384847824,1.8347854185415788
legacy_reused_holdout,1,bestCI,0,0,0.5,gamma,dynasurv,1,ET+ANTI-CDK wo CT,factual,1347,0.1069457762556316,1.5678854097139112,1.5116114442010324
legacy_reused_holdout,1,bestCI,0,0,0.5,gamma,dynasurv,1,MONOCT std alone,factual,172,0.120423551686462,1.939456194473171,1.6951506191760843
legacy_reused_holdout,1,bestCI,0,0,0.5,gamma,dynasurv,1,POLYCT alone,factual,147,0.1020009312276962,1.594105293893511,-0.5696792089379459
legacy_reused_holdout,1,bestCI,0,0,0.5,gamma,dynasurv,1,ET alone,counterfactual,1666,0.1204432879450802,1.7566944125843569,1.6569313433063042
legacy_reused_holdout,1,bestCI,0,0,0.5,gamma,dynasurv,1,ET+ANTI-CDK wo CT,counterfactual,630,0.135076066395635,1.993188659800904,1.944470227816267
legacy_reused_holdout,1,bestCI,0,0,0.5,gamma,dynasurv,1,MONOCT std alone,counterfactual,1805,0.0972588041846772,1.4500352871498965,1.2276586765870752
legacy_reused_holdout,1,bestCI,0,0,0.5,gamma,dynasurv,1,POLYCT alone,counterfactual,1830,0.0961834016821569,1.4708670960012082,-0.420896646053056
legacy_reused_holdout,1,bestCI,0,0,0.5,gamma,dynasurv,2,ET alone,factual,124,0.1571449851407845,1.7687294316798032,1.4123657180609213
legacy_reused_holdout,1,bestCI,0,0,0.5,gamma,dynasurv,2,ET+ANTI-CDK wo CT,factual,347,0.1317022452397527,1.5404934918125444,1.232766416645189
legacy_reused_holdout,1,bestCI,0,0,0.5,gamma,dynasurv,2,MONOCT std alone,factual,276,0.119754287033431,1.4526180391080423,0.7869330844577057
legacy_reused_holdout,1,bestCI,0,0,0.5,gamma,dynasurv,2,POLYCT alone,factual,93,0.1318073709382613,1.5333248722487252,-0.2508345692884658
legacy_reused_holdout,1,bestCI,0,0,0.5,gamma,dynasurv,2,ET alone,counterfactual,716,0.1390276949924764,1.5775240742524927,1.08918447529565
legacy_reused_holdout,1,bestCI,0,0,0.5,gamma,dynasurv,2,ET+ANTI-CDK wo CT,counterfactual,493,0.1680497866803108,2.016557980181463,1.76811499627151
legacy_reused_holdout,1,bestCI,0,0,0.5,gamma,dynasurv,2,MONOCT std alone,counterfactual,564,0.1153525540035542,1.3886586250341333,0.7751945706595369
legacy_reused_holdout,1,bestCI,0,0,0.5,gamma,dynasurv,2,POLYCT alone,counterfactual,747,0.1237783527912353,1.5087457633026715,-0.173730403991838
legacy_reused_holdout,1,bestCI,0,0,0.5,gamma,dynasurv,3,ET alone,factual,17,0.1448128776841714,1.062064245381447,0.6781679911455235
legacy_reused_holdout,1,bestCI,0,0,0.5,gamma,dynasurv,3,ET+ANTI-CDK wo CT,factual,46,0.1203358205541562,0.6758945144028035,0.408067051641864
legacy_reused_holdout,1,bestCI,0,0,0.5,gamma,dynasurv,3,MONOCT std alone,factual,283,0.1100818533191873,0.8613307523270939,0.4442123048926042
legacy_reused_holdout,1,bestCI,0,0,0.5,gamma,dynasurv,3,POLYCT alone,factual,92,0.0910620569876681,0.7208231918694615,-0.198962561084843
legacy_reused_holdout,1,bestCI,0,0,0.5,gamma,dynasurv,3,ET alone,counterfactual,421,0.1201835778619979,0.8762689220569206,0.3978111141055011
legacy_reused_holdout,1,bestCI,0,0,0.5,gamma,dynasurv,3,ET+ANTI-CDK wo CT,counterfactual,392,0.1361023356486854,1.0207717986329718,0.798464831742925
legacy_reused_holdout,1,bestCI,0,0,0.5,gamma,dynasurv,3,MONOCT std alone,counterfactual,155,0.1015695703865306,0.7626231836806835,0.4266189077447073
legacy_reused_holdout,1,bestCI,0,0,0.5,gamma,dynasurv,3,POLYCT alone,counterfactual,346,0.1158198935771179,0.8950621670499082,-0.0343836541882008
legacy_reused_holdout,1,bestCI,0,0,0.5,gamma,dynasurv,4,MONOCT std alone,factual,120,0.1263045825162261,0.984276373345742,0.3186592521031672
legacy_reused_holdout,1,bestCI,0,0,0.5,gamma,dynasurv,4,POLYCT alone,factual,64,0.1213359934258912,1.0219840602457242,-0.4317498449679322
legacy_reused_holdout,1,bestCI,0,0,0.5,gamma,dynasurv,4,MONOCT std alone,counterfactual,78,0.1076794555122729,0.9189469626145516,0.5138724767462783
legacy_reused_holdout,1,bestCI,0,0,0.5,gamma,dynasurv,4,POLYCT alone,counterfactual,134,0.129667931431604,1.0264826328660237,-0.184783261850627
legacy_reused_holdout,1,bestCI,0,0,0.5,gamma,dynasurv,all,ET alone,factual,452,0.146069551893328,1.8444193681138352,1.6753992700342015
legacy_reused_holdout,1,bestCI,0,0,0.5,gamma,dynasurv,all,ET+ANTI-CDK wo CT,factual,1740,0.1126768628280112,1.5388414001184605,1.426828532350688
legacy_reused_holdout,1,bestCI,0,0,0.5,gamma,dynasurv,all,MONOCT std alone,factual,851,0.1177351660617916,1.288341729674808,0.7904942777269098
legacy_reused_holdout,1,bestCI,0,0,0.5,gamma,dynasurv,all,POLYCT alone,factual,396,0.1106711444381514,1.2844833455282687,-0.3863813241299459
legacy_reused_holdout,1,bestCI,0,0,0.5,gamma,dynasurv,all,ET alone,counterfactual,2803,0.1254151631522084,1.5786904547685647,1.32279064619993
legacy_reused_holdout,1,bestCI,0,0,0.5,gamma,dynasurv,all,ET+ANTI-CDK wo CT,counterfactual,1515,0.1468676698705896,1.7491844785268351,1.5905578552668842
legacy_reused_holdout,1,bestCI,0,0,0.5,gamma,dynasurv,all,MONOCT std alone,counterfactual,2602,0.1020205793397985,1.3798622653263857,1.0604694976857376
legacy_reused_holdout,1,bestCI,0,0,0.5,gamma,dynasurv,all,POLYCT alone,counterfactual,3057,0.1074110293138881,1.3954727031313776,-0.3064033940124622
legacy_reused_holdout,1,bestCI,0,0,0.5,gamma,oracle,1,ET alone,factual,311,0.0,8.081153749562646e-06,-7.636546560455384e-06
legacy_reused_holdout,1,bestCI,0,0,0.5,gamma,oracle,1,ET+ANTI-CDK wo CT,factual,1347,0.0,7.122263484708652e-06,-7.076295032201989e-06
legacy_reused_holdout,1,bestCI,0,0,0.5,gamma,oracle,1,MONOCT std alone,factual,172,0.0,9.794976651823676e-06,-9.781427785133594e-06
legacy_reused_holdout,1,bestCI,0,0,0.5,gamma,oracle,1,POLYCT alone,factual,147,0.0,8.647122716580233e-06,-8.471998358294063e-06
legacy_reused_holdout,1,bestCI,0,0,0.5,gamma,oracle,1,ET alone,counterfactual,1666,0.0,8.016983459659559e-06,-7.905725786432415e-06
legacy_reused_holdout,1,bestCI,0,0,0.5,gamma,oracle,1,ET+ANTI-CDK wo CT,counterfactual,630,0.0,7.96636310861865e-06,-7.797326445554579e-06
legacy_reused_holdout,1,bestCI,0,0,0.5,gamma,oracle,1,MONOCT std alone,counterfactual,1805,0.0,8.816940759629333e-06,-8.791652321267692e-06
legacy_reused_holdout,1,bestCI,0,0,0.5,gamma,oracle,1,POLYCT alone,counterfactual,1830,0.0,8.099934331777608e-06,-8.032357200010083e-06
legacy_reused_holdout,1,bestCI,0,0,0.5,gamma,oracle,2,ET alone,factual,124,0.0,1.3256172159028092e-05,-1.1794909264219928e-05
legacy_reused_holdout,1,bestCI,0,0,0.5,gamma,oracle,2,ET+ANTI-CDK wo CT,factual,347,0.0,1.199291158727498e-05,-1.168974184375338e-05
legacy_reused_holdout,1,bestCI,0,0,0.5,gamma,oracle,2,MONOCT std alone,factual,276,0.0,1.44235985447823e-05,-1.4122746791037692e-05
legacy_reused_holdout,1,bestCI,0,0,0.5,gamma,oracle,2,POLYCT alone,factual,93,0.0,1.3789011554999504e-05,-1.1948184808871888e-05
legacy_reused_holdout,1,bestCI,0,0,0.5,gamma,oracle,2,ET alone,counterfactual,716,0.0,1.284420082715075e-05,-1.193819996000229e-05
legacy_reused_holdout,1,bestCI,0,0,0.5,gamma,oracle,2,ET+ANTI-CDK wo CT,counterfactual,493,0.0,1.285346661113182e-05,-1.139242057135718e-05
legacy_reused_holdout,1,bestCI,0,0,0.5,gamma,oracle,2,MONOCT std alone,counterfactual,564,0.0,1.432338741510442e-05,-1.408529661019835e-05
legacy_reused_holdout,1,bestCI,0,0,0.5,gamma,oracle,2,POLYCT alone,counterfactual,747,0.0,1.3714237703855124e-05,-1.2815385417279995e-05
legacy_reused_holdout,1,bestCI,0,0,0.5,gamma,oracle,3,ET alone,factual,17,0.0,1.3910539372464324e-05,-1.2368517776352368e-05
legacy_reused_holdout,1,bestCI,0,0,0.5,gamma,oracle,3,ET+ANTI-CDK wo CT,factual,46,0.0,1.0883114407348508e-05,-1.0513123143171423e-05
legacy_reused_holdout,1,bestCI,0,0,0.5,gamma,oracle,3,MONOCT std alone,factual,283,0.0,1.7682213193607466e-05,-1.6973011391735047e-05
legacy_reused_holdout,1,bestCI,0,0,0.5,gamma,oracle,3,POLYCT alone,factual,92,0.0,1.7097835504028016e-05,-1.6718015527321082e-05
legacy_reused_holdout,1,bestCI,0,0,0.5,gamma,oracle,3,ET alone,counterfactual,421,0.0,1.631416607672942e-05,-1.4596501260770026e-05
legacy_reused_holdout,1,bestCI,0,0,0.5,gamma,oracle,3,ET+ANTI-CDK wo CT,counterfactual,392,0.0,1.606078354975484e-05,-1.4337219685445892e-05
legacy_reused_holdout,1,bestCI,0,0,0.5,gamma,oracle,3,MONOCT std alone,counterfactual,155,0.0,1.723196724424132e-05,-1.6842099454588e-05
legacy_reused_holdout,1,bestCI,0,0,0.5,gamma,oracle,3,POLYCT alone,counterfactual,346,0.0,1.707045481645157e-05,-1.4474736228931414e-05
legacy_reused_holdout,1,bestCI,0,0,0.5,gamma,oracle,4,MONOCT std alone,factual,120,0.0,1.811706317104145e-05,-1.4338360286129483e-05
legacy_reused_holdout,1,bestCI,0,0,0.5,gamma,oracle,4,POLYCT alone,factual,64,0.0,1.749481551106824e-05,-1.634885781005846e-05
legacy_reused_holdout,1,bestCI,0,0,0.5,gamma,oracle,4,MONOCT std alone,counterfactual,78,0.0,1.629336564122014e-05,-1.5822169691429093e-05
legacy_reused_holdout,1,bestCI,0,0,0.5,gamma,oracle,4,POLYCT alone,counterfactual,134,0.0,1.851495241250971e-05,-1.167250052941962e-05
legacy_reused_holdout,1,bestCI,0,0,0.5,gamma,oracle,all,ET alone,factual,452,0.0,9.720095869834867e-06,-8.95530869748426e-06
legacy_reused_holdout,1,bestCI,0,0,0.5,gamma,oracle,all,ET+ANTI-CDK wo CT,factual,1740,0.0,8.193018676681037e-06,-8.087191662496774e-06
legacy_reused_holdout,1,bestCI,0,0,0.5,gamma,oracle,all,MONOCT std alone,factual,851,0.0,1.509255358024615e-05,-1.422355952005398e-05
legacy_reused_holdout,1,bestCI,0,0,0.5,gamma,oracle,all,POLYCT alone,factual,396,0.0,1.3247914578361598e-05,-1.247714463194847e-05
legacy_reused_holdout,1,bestCI,0,0,0.5,gamma,oracle,all,ET alone,counterfactual,2803,0.0,1.0496256209181537e-05,-9.94071258021485e-06
legacy_reused_holdout,1,bestCI,0,0,0.5,gamma,oracle,all,ET+ANTI-CDK wo CT,counterfactual,1515,0.0,1.1651085775063783e-05,-1.0659385557144068e-05
legacy_reused_holdout,1,bestCI,0,0,0.5,gamma,oracle,all,MONOCT std alone,counterfactual,2602,0.0,1.0735897777141587e-05,-1.0629398301088649e-05
legacy_reused_holdout,1,bestCI,0,0,0.5,gamma,oracle,all,POLYCT alone,counterfactual,3057,0.0,1.094366908135471e-05,-1.0089852924069056e-05
legacy_reused_holdout,1,bestCI,0,0,0.5,gamma,naive_km,1,ET alone,factual,311,0.1503175896328314,2.321593413301535,0.2251661723024041
legacy_reused_holdout,1,bestCI,0,0,0.5,gamma,naive_km,1,ET+ANTI-CDK wo CT,factual,1347,0.1168102590398786,1.8155901061780924,0.1323397802574953
legacy_reused_holdout,1,bestCI,0,0,0.5,gamma,naive_km,1,MONOCT std alone,factual,172,0.1135003091641315,1.9010199591722208,0.3303883567366885
legacy_reused_holdout,1,bestCI,0,0,0.5,gamma,naive_km,1,POLYCT alone,factual,147,0.1251063864207134,1.917325735063331,0.4906551679727352
legacy_reused_holdout,1,bestCI,0,0,0.5,gamma,naive_km,1,ET alone,counterfactual,1666,0.1344899131191254,2.1896522648350176,0.0178324621991609
legacy_reused_holdout,1,bestCI,0,0,0.5,gamma,naive_km,1,ET+ANTI-CDK wo CT,counterfactual,630,0.1505827985112419,2.205371525721314,0.998399324928961
legacy_reused_holdout,1,bestCI,0,0,0.5,gamma,naive_km,1,MONOCT std alone,counterfactual,1805,0.1043795378046346,1.7568346897223155,-0.5780096266020573
legacy_reused_holdout,1,bestCI,0,0,0.5,gamma,naive_km,1,POLYCT alone,counterfactual,1830,0.1294949351857936,1.963174066173996,0.3356574050268513
legacy_reused_holdout,1,bestCI,0,0,0.5,gamma,naive_km,2,ET alone,factual,124,0.1852189142180199,2.260299017001063,0.722782334636374
legacy_reused_holdout,1,bestCI,0,0,0.5,gamma,naive_km,2,ET+ANTI-CDK wo CT,factual,347,0.1611339310170907,1.9258538472987905,0.7149984415156424
legacy_reused_holdout,1,bestCI,0,0,0.5,gamma,naive_km,2,MONOCT std alone,factual,276,0.1391036256539842,1.8361762288325787,-0.1016538896833496
legacy_reused_holdout,1,bestCI,0,0,0.5,gamma,naive_km,2,POLYCT alone,factual,93,0.1761560878976407,2.195478721449511,0.4251365792796112
legacy_reused_holdout,1,bestCI,0,0,0.5,gamma,naive_km,2,ET alone,counterfactual,716,0.1794695635921804,2.2535664096875623,0.5694405429173027
legacy_reused_holdout,1,bestCI,0,0,0.5,gamma,naive_km,2,ET+ANTI-CDK wo CT,counterfactual,493,0.2202836302058187,2.62002626460806,1.9082325160306213
legacy_reused_holdout,1,bestCI,0,0,0.5,gamma,naive_km,2,MONOCT std alone,counterfactual,564,0.1395192066176881,1.8528519871871223,-0.641690185058204
legacy_reused_holdout,1,bestCI,0,0,0.5,gamma,naive_km,2,POLYCT alone,counterfactual,747,0.1579808558977938,1.9221750649418512,0.2604395365829072
legacy_reused_holdout,1,bestCI,0,0,0.5,gamma,naive_km,3,ET alone,factual,17,0.1977312646082016,1.7450613215345336,0.3921254453546153
legacy_reused_holdout,1,bestCI,0,0,0.5,gamma,naive_km,3,ET+ANTI-CDK wo CT,factual,46,0.1532028502900384,1.2350464848049842,-0.2098322195324056
legacy_reused_holdout,1,bestCI,0,0,0.5,gamma,naive_km,3,MONOCT std alone,factual,283,0.1440199004390571,1.1581037804748235,0.3500778664525105
legacy_reused_holdout,1,bestCI,0,0,0.5,gamma,naive_km,3,POLYCT alone,factual,92,0.1250448963421876,0.9973566009644278,-0.0268889167677969
legacy_reused_holdout,1,bestCI,0,0,0.5,gamma,naive_km,3,ET alone,counterfactual,421,0.1672511772679677,1.4026098390950947,0.147174276570017
legacy_reused_holdout,1,bestCI,0,0,0.5,gamma,naive_km,3,ET+ANTI-CDK wo CT,counterfactual,392,0.1779166596841731,1.3777087711657523,0.7481863720352887
legacy_reused_holdout,1,bestCI,0,0,0.5,gamma,naive_km,3,MONOCT std alone,counterfactual,155,0.1328610024033802,1.1387506092268835,0.0535230448808793
legacy_reused_holdout,1,bestCI,0,0,0.5,gamma,naive_km,3,POLYCT alone,counterfactual,346,0.1675071161955878,1.3403916083722225,0.317346905441193
legacy_reused_holdout,1,bestCI,0,0,0.5,gamma,naive_km,4,MONOCT std alone,factual,120,0.165271240205645,1.3425097477150387,0.217458821637383
legacy_reused_holdout,1,bestCI,0,0,0.5,gamma,naive_km,4,POLYCT alone,factual,64,0.1452197059881635,1.2894093813531695,-0.1896527409468744
legacy_reused_holdout,1,bestCI,0,0,0.5,gamma,naive_km,4,MONOCT std alone,counterfactual,78,0.1499063729675375,1.335266034892428,0.2505121395324805
legacy_reused_holdout,1,bestCI,0,0,0.5,gamma,naive_km,4,POLYCT alone,counterfactual,134,0.1920431877049422,1.6495105518694606,-0.0599583255602565
legacy_reused_holdout,1,bestCI,0,0,0.5,gamma,naive_km,all,ET alone,factual,452,0.1625690616287397,2.283094407325213,0.3679597824158994
legacy_reused_holdout,1,bestCI,0,0,0.5,gamma,naive_km,all,ET+ANTI-CDK wo CT,factual,1740,0.1279110561332025,1.8222317795032184,0.2394907247783238
legacy_reused_holdout,1,bestCI,0,0,0.5,gamma,naive_km,all,MONOCT std alone,factual,851,0.1401022332875947,1.5541769820629767,0.1808900336176878
legacy_reused_holdout,1,bestCI,0,0,0.5,gamma,naive_km,all,POLYCT alone,factual,396,0.1419104849960055,1.667437908698092,0.2450819590953501
legacy_reused_holdout,1,bestCI,0,0,0.5,gamma,naive_km,all,ET alone,counterfactual,2803,0.1522483735079878,2.087767736286289,0.1781622123398387
legacy_reused_holdout,1,bestCI,0,0,0.5,gamma,naive_km,all,ET+ANTI-CDK wo CT,counterfactual,1515,0.1827848887020621,2.1261510547545717,1.2297288864331186
legacy_reused_holdout,1,bestCI,0,0,0.5,gamma,naive_km,all,MONOCT std alone,counterfactual,2602,0.1161996117458433,1.7281907113274764,-0.5293561189659766
legacy_reused_holdout,1,bestCI,0,0,0.5,gamma,naive_km,all,POLYCT alone,counterfactual,3057,0.1446698067996863,1.8689182940978977,0.2978635913261852
legacy_reused_holdout,1,bestCI,1,1,0.5,gamma,dynasurv,1,ET alone,factual,317,0.1124124501548842,1.640580604861127,0.3115921598966234
legacy_reused_holdout,1,bestCI,1,1,0.5,gamma,dynasurv,1,ET+ANTI-CDK wo CT,factual,1362,0.0969876820552103,1.3800177798508415,0.6578418738848669
legacy_reused_holdout,1,bestCI,1,1,0.5,gamma,dynasurv,1,MONOCT std alone,factual,161,0.0976923479540964,1.5895346175641958,0.6188743401318149
legacy_reused_holdout,1,bestCI,1,1,0.5,gamma,dynasurv,1,POLYCT alone,factual,137,0.1249671301418693,1.8441868554479972,-1.1192798700086777
legacy_reused_holdout,1,bestCI,1,1,0.5,gamma,dynasurv,1,ET alone,counterfactual,1660,0.1063913490535614,1.567013294850493,0.3667879295547873
legacy_reused_holdout,1,bestCI,1,1,0.5,gamma,dynasurv,1,ET+ANTI-CDK wo CT,counterfactual,615,0.1164104041405206,1.757891850606957,0.761566710028796
legacy_reused_holdout,1,bestCI,1,1,0.5,gamma,dynasurv,1,MONOCT std alone,counterfactual,1816,0.0847334966514945,1.276193970090085,0.4207150411094792
legacy_reused_holdout,1,bestCI,1,1,0.5,gamma,dynasurv,1,POLYCT alone,counterfactual,1840,0.1069624342612232,1.562472706792975,-0.5747724489635282
legacy_reused_holdout,1,bestCI,1,1,0.5,gamma,dynasurv,2,ET alone,factual,124,0.106935425710712,1.2753021768742163,0.3350550428656672
legacy_reused_holdout,1,bestCI,1,1,0.5,gamma,dynasurv,2,ET+ANTI-CDK wo CT,factual,352,0.1327498862185586,1.5024804388823072,1.266615818645901
legacy_reused_holdout,1,bestCI,1,1,0.5,gamma,dynasurv,2,MONOCT std alone,factual,272,0.1193766060045748,1.4160731332465293,0.7258264002476478
legacy_reused_holdout,1,bestCI,1,1,0.5,gamma,dynasurv,2,POLYCT alone,factual,92,0.1248180194197954,1.582223762590271,-0.1702650810701498
legacy_reused_holdout,1,bestCI,1,1,0.5,gamma,dynasurv,2,ET alone,counterfactual,716,0.1251648158883818,1.4542922320100151,0.4800042810731811
legacy_reused_holdout,1,bestCI,1,1,0.5,gamma,dynasurv,2,ET+ANTI-CDK wo CT,counterfactual,488,0.153114915364862,1.8188136977204783,1.499928891028807
legacy_reused_holdout,1,bestCI,1,1,0.5,gamma,dynasurv,2,MONOCT std alone,counterfactual,568,0.1076265205305193,1.2685766827655791,0.5740616116101849
legacy_reused_holdout,1,bestCI,1,1,0.5,gamma,dynasurv,2,POLYCT alone,counterfactual,748,0.1227133206174161,1.4723681314029358,0.2144205588955313
legacy_reused_holdout,1,bestCI,1,1,0.5,gamma,dynasurv,3,ET alone,factual,27,0.0839634019425569,0.6904682811360244,-0.2807443420229146
legacy_reused_holdout,1,bestCI,1,1,0.5,gamma,dynasurv,3,ET+ANTI-CDK wo CT,factual,49,0.0947405222364177,0.6879443874201292,0.4454478274680895
legacy_reused_holdout,1,bestCI,1,1,0.5,gamma,dynasurv,3,MONOCT std alone,factual,262,0.1049222819072188,0.8882287621293037,-0.1184281600891113
legacy_reused_holdout,1,bestCI,1,1,0.5,gamma,dynasurv,3,POLYCT alone,factual,100,0.1242343109554067,0.988217948822128,-0.2298230639289093
legacy_reused_holdout,1,bestCI,1,1,0.5,gamma,dynasurv,3,ET alone,counterfactual,411,0.1200590177876052,0.9236899102063846,-0.0454194039760478
legacy_reused_holdout,1,bestCI,1,1,0.5,gamma,dynasurv,3,ET+ANTI-CDK wo CT,counterfactual,389,0.117823743451811,0.9086638296415456,0.3311266600122041
legacy_reused_holdout,1,bestCI,1,1,0.5,gamma,dynasurv,3,MONOCT std alone,counterfactual,176,0.099956271061213,0.8142423170182899,0.0561376069347482
legacy_reused_holdout,1,bestCI,1,1,0.5,gamma,dynasurv,3,POLYCT alone,counterfactual,338,0.1109794965361353,0.8447094422084209,-0.0998144648739864
legacy_reused_holdout,1,bestCI,1,1,0.5,gamma,dynasurv,4,ET alone,factual,5,0.0751427560799441,0.6138238014160654,-0.514264766847534
legacy_reused_holdout,1,bestCI,1,1,0.5,gamma,dynasurv,4,MONOCT std alone,factual,115,0.1515703580735139,1.2185498913466526,-0.0630699897156731
legacy_reused_holdout,1,bestCI,1,1,0.5,gamma,dynasurv,4,POLYCT alone,factual,75,0.1290088708712882,1.0414426256034766,-0.2483638575798208
legacy_reused_holdout,1,bestCI,1,1,0.5,gamma,dynasurv,4,ET alone,counterfactual,193,0.1609552889693032,1.2782708087687145,-0.0082211094950582
legacy_reused_holdout,1,bestCI,1,1,0.5,gamma,dynasurv,4,MONOCT std alone,counterfactual,83,0.1449034642139485,1.1769615871230286,-0.2676574402287683
legacy_reused_holdout,1,bestCI,1,1,0.5,gamma,dynasurv,4,POLYCT alone,counterfactual,123,0.1402634070178607,1.114327509000382,-0.0240108815631979
legacy_reused_holdout,1,bestCI,1,1,0.5,gamma,dynasurv,all,ET alone,factual,473,0.1092191229717521,1.4797321020531355,0.2752010971114503
legacy_reused_holdout,1,bestCI,1,1,0.5,gamma,dynasurv,all,ET+ANTI-CDK wo CT,factual,1763,0.1050477226944402,1.3852334688752157,0.7734862983213172
legacy_reused_holdout,1,bestCI,1,1,0.5,gamma,dynasurv,all,MONOCT std alone,factual,810,0.1162107387288661,1.2517730109304124,0.3194843492196701
legacy_reused_holdout,1,bestCI,1,1,0.5,gamma,dynasurv,all,POLYCT alone,factual,404,0.1255135974242918,1.4236341018741436,-0.5213250627748022
legacy_reused_holdout,1,bestCI,1,1,0.5,gamma,dynasurv,all,ET alone,counterfactual,2980,0.1171973569355448,1.4325027271000588,0.312851335282766
legacy_reused_holdout,1,bestCI,1,1,0.5,gamma,dynasurv,all,ET+ANTI-CDK wo CT,counterfactual,1492,0.129897685048405,1.5564040230170466,0.8908425577979323
legacy_reused_holdout,1,bestCI,1,1,0.5,gamma,dynasurv,all,MONOCT std alone,counterfactual,2643,0.0935269269728713,1.240678874393066,0.4077753164324356
legacy_reused_holdout,1,bestCI,1,1,0.5,gamma,dynasurv,all,POLYCT alone,counterfactual,3049,0.1129496775103244,1.4427206355729627,-0.3062923435876403
legacy_reused_holdout,1,bestCI,1,1,0.5,gamma,oracle,1,ET alone,factual,317,0.0,8.240109299728101e-06,-8.088571707349736e-06
legacy_reused_holdout,1,bestCI,1,1,0.5,gamma,oracle,1,ET+ANTI-CDK wo CT,factual,1362,0.0,7.006035367739219e-06,-6.948716820683831e-06
legacy_reused_holdout,1,bestCI,1,1,0.5,gamma,oracle,1,MONOCT std alone,factual,161,0.0,9.617237585448966e-06,-9.617237585448966e-06
legacy_reused_holdout,1,bestCI,1,1,0.5,gamma,oracle,1,POLYCT alone,factual,137,0.0,8.262412777110303e-06,-8.262412777110303e-06
legacy_reused_holdout,1,bestCI,1,1,0.5,gamma,oracle,1,ET alone,counterfactual,1660,0.0,7.85416016438314e-06,-7.733996699133796e-06
legacy_reused_holdout,1,bestCI,1,1,0.5,gamma,oracle,1,ET+ANTI-CDK wo CT,counterfactual,615,0.0,7.96327723350552e-06,-7.883328302148105e-06
legacy_reused_holdout,1,bestCI,1,1,0.5,gamma,oracle,1,MONOCT std alone,counterfactual,1816,0.0,8.725981500983942e-06,-8.718931431443547e-06
legacy_reused_holdout,1,bestCI,1,1,0.5,gamma,oracle,1,POLYCT alone,counterfactual,1840,0.0,8.05840203604423e-06,-7.95087427180186e-06
legacy_reused_holdout,1,bestCI,1,1,0.5,gamma,oracle,2,ET alone,factual,124,0.0,1.3793948911096947e-05,-1.2477411014826102e-05
legacy_reused_holdout,1,bestCI,1,1,0.5,gamma,oracle,2,ET+ANTI-CDK wo CT,factual,352,0.0,1.1987180102734412e-05,-1.159517373975299e-05
legacy_reused_holdout,1,bestCI,1,1,0.5,gamma,oracle,2,MONOCT std alone,factual,272,0.0,1.4379673807583895e-05,-1.4101485364145957e-05
legacy_reused_holdout,1,bestCI,1,1,0.5,gamma,oracle,2,POLYCT alone,factual,92,0.0,1.4001287792430183e-05,-1.3626813065917409e-05
legacy_reused_holdout,1,bestCI,1,1,0.5,gamma,oracle,2,ET alone,counterfactual,716,0.0,1.2892492562088798e-05,-1.2100804718996272e-05
legacy_reused_holdout,1,bestCI,1,1,0.5,gamma,oracle,2,ET+ANTI-CDK wo CT,counterfactual,488,0.0,1.2898108898709526e-05,-1.1552551341638384e-05
legacy_reused_holdout,1,bestCI,1,1,0.5,gamma,oracle,2,MONOCT std alone,counterfactual,568,0.0,1.4591689936247832e-05,-1.4417605743853102e-05
legacy_reused_holdout,1,bestCI,1,1,0.5,gamma,oracle,2,POLYCT alone,counterfactual,748,0.0,1.3817186321738532e-05,-1.2846216147900338e-05
legacy_reused_holdout,1,bestCI,1,1,0.5,gamma,oracle,3,ET alone,factual,27,0.0,1.346426434440857e-05,-1.346426434440857e-05
legacy_reused_holdout,1,bestCI,1,1,0.5,gamma,oracle,3,ET+ANTI-CDK wo CT,factual,49,0.0,1.3849604295374529e-05,-1.2500863776902935e-05
legacy_reused_holdout,1,bestCI,1,1,0.5,gamma,oracle,3,MONOCT std alone,factual,262,0.0,1.786550489924102e-05,-1.725399559009716e-05
legacy_reused_holdout,1,bestCI,1,1,0.5,gamma,oracle,3,POLYCT alone,factual,100,0.0,1.679802460061275e-05,-1.57067435054703e-05
legacy_reused_holdout,1,bestCI,1,1,0.5,gamma,oracle,3,ET alone,counterfactual,411,0.0,1.6230406699536057e-05,-1.455307088324008e-05
legacy_reused_holdout,1,bestCI,1,1,0.5,gamma,oracle,3,ET+ANTI-CDK wo CT,counterfactual,389,0.0,1.5466562189886302e-05,-1.4242680089215948e-05
legacy_reused_holdout,1,bestCI,1,1,0.5,gamma,oracle,3,MONOCT std alone,counterfactual,176,0.0,1.7330263334179964e-05,-1.6796221041721022e-05
legacy_reused_holdout,1,bestCI,1,1,0.5,gamma,oracle,3,POLYCT alone,counterfactual,338,0.0,1.623278767096624e-05,-1.5191990785895013e-05
legacy_reused_holdout,1,bestCI,1,1,0.5,gamma,oracle,4,ET alone,factual,5,0.0,1.912857544699165e-05,-1.912857544699165e-05
legacy_reused_holdout,1,bestCI,1,1,0.5,gamma,oracle,4,MONOCT std alone,factual,115,0.0,1.8700716501416165e-05,-1.478832438856468e-05
legacy_reused_holdout,1,bestCI,1,1,0.5,gamma,oracle,4,POLYCT alone,factual,75,0.0,1.7952682833820195e-05,-1.5876975229183187e-05
legacy_reused_holdout,1,bestCI,1,1,0.5,gamma,oracle,4,ET alone,counterfactual,193,0.0,1.7568361353154124e-05,-1.2559132085892957e-05
legacy_reused_holdout,1,bestCI,1,1,0.5,gamma,oracle,4,MONOCT std alone,counterfactual,83,0.0,1.7849962059364737e-05,-1.709445858233271e-05
legacy_reused_holdout,1,bestCI,1,1,0.5,gamma,oracle,4,POLYCT alone,counterfactual,123,0.0,1.9758543589557993e-05,-1.3166088159252124e-05
legacy_reused_holdout,1,bestCI,1,1,0.5,gamma,oracle,all,ET alone,factual,473,0.0,1.0109391812946765e-05,-9.662693893450936e-06
legacy_reused_holdout,1,bestCI,1,1,0.5,gamma,oracle,all,ET+ANTI-CDK wo CT,factual,1763,0.0,8.190776050763857e-06,-8.030740664340712e-06
legacy_reused_holdout,1,bestCI,1,1,0.5,gamma,oracle,all,MONOCT std alone,factual,810,0.0,1.5174063219980382e-05,-1.4327386937772073e-05
legacy_reused_holdout,1,bestCI,1,1,0.5,gamma,oracle,all,POLYCT alone,factual,404,0.0,1.3480996782092768e-05,-1.2740259517980897e-05
legacy_reused_holdout,1,bestCI,1,1,0.5,gamma,oracle,all,ET alone,counterfactual,2980,0.0,1.0849101155033442e-05,-1.0036186350655185e-05
legacy_reused_holdout,1,bestCI,1,1,0.5,gamma,oracle,all,ET+ANTI-CDK wo CT,counterfactual,1492,0.0,1.1533636282199676e-05,-1.0741484259548003e-05
legacy_reused_holdout,1,bestCI,1,1,0.5,gamma,oracle,all,MONOCT std alone,counterfactual,2643,0.0,1.0846059586575314e-05,-1.074451551558326e-05
legacy_reused_holdout,1,bestCI,1,1,0.5,gamma,oracle,all,POLYCT alone,counterfactual,3049,0.0,1.0849359858735332e-05,-1.0164939346659692e-05
legacy_reused_holdout,1,bestCI,1,1,0.5,gamma,naive_km,1,ET alone,factual,317,0.1413962785062751,2.316089138007921,0.2025357623427293
legacy_reused_holdout,1,bestCI,1,1,0.5,gamma,naive_km,1,ET+ANTI-CDK wo CT,factual,1362,0.1168906490279617,1.836746924535053,0.0003939457269146
legacy_reused_holdout,1,bestCI,1,1,0.5,gamma,naive_km,1,MONOCT std alone,factual,161,0.1104770970873613,1.830618999197806,-0.0218988245398429
legacy_reused_holdout,1,bestCI,1,1,0.5,gamma,naive_km,1,POLYCT alone,factual,137,0.114091605937236,1.910626772483355,-0.4576499796559442
legacy_reused_holdout,1,bestCI,1,1,0.5,gamma,naive_km,1,ET alone,counterfactual,1660,0.134505560792484,2.2228181376344476,-0.1871966845237286
legacy_reused_holdout,1,bestCI,1,1,0.5,gamma,naive_km,1,ET+ANTI-CDK wo CT,counterfactual,615,0.1439286104739928,2.1962820118743203,0.8778404093211326
legacy_reused_holdout,1,bestCI,1,1,0.5,gamma,naive_km,1,MONOCT std alone,counterfactual,1816,0.1063013842213307,1.8881807750337625,-0.8540025914828077
legacy_reused_holdout,1,bestCI,1,1,0.5,gamma,naive_km,1,POLYCT alone,counterfactual,1840,0.1286432432013332,2.1121588302946592,-0.3506721458532931
legacy_reused_holdout,1,bestCI,1,1,0.5,gamma,naive_km,2,ET alone,factual,124,0.1686431319547163,2.1368957708720817,0.0364554884295748
legacy_reused_holdout,1,bestCI,1,1,0.5,gamma,naive_km,2,ET+ANTI-CDK wo CT,factual,352,0.1678438527098933,2.026042895957334,0.6139193980053856
legacy_reused_holdout,1,bestCI,1,1,0.5,gamma,naive_km,2,MONOCT std alone,factual,272,0.151685797754012,1.9654170540007836,0.4438158649247614
legacy_reused_holdout,1,bestCI,1,1,0.5,gamma,naive_km,2,POLYCT alone,factual,92,0.1458350751769818,1.81807788911208,0.1028300366042167
legacy_reused_holdout,1,bestCI,1,1,0.5,gamma,naive_km,2,ET alone,counterfactual,716,0.1811153820371117,2.3574284486354293,0.3244182661666186
legacy_reused_holdout,1,bestCI,1,1,0.5,gamma,naive_km,2,ET+ANTI-CDK wo CT,counterfactual,488,0.2160454751702947,2.577596720198007,1.707200830918396
legacy_reused_holdout,1,bestCI,1,1,0.5,gamma,naive_km,2,MONOCT std alone,counterfactual,568,0.1353637388456046,1.7802488248131052,-0.4213034259841023
legacy_reused_holdout,1,bestCI,1,1,0.5,gamma,naive_km,2,POLYCT alone,counterfactual,748,0.1653665042611902,2.0127016742827673,0.3140526596898156
legacy_reused_holdout,1,bestCI,1,1,0.5,gamma,naive_km,3,ET alone,factual,27,0.1707372194500248,1.699859569397044,-1.3217988626275143
legacy_reused_holdout,1,bestCI,1,1,0.5,gamma,naive_km,3,ET+ANTI-CDK wo CT,factual,49,0.1579581779867726,1.3995171350308258,-0.2054515050263316
legacy_reused_holdout,1,bestCI,1,1,0.5,gamma,naive_km,3,MONOCT std alone,factual,262,0.1349829046983385,1.1004485877772172,0.2932993803618594
legacy_reused_holdout,1,bestCI,1,1,0.5,gamma,naive_km,3,POLYCT alone,factual,100,0.1465345629790474,1.1884715379628206,0.1387988273172674
legacy_reused_holdout,1,bestCI,1,1,0.5,gamma,naive_km,3,ET alone,counterfactual,411,0.1679758860871516,1.4911669892972703,-0.2429296281216034
legacy_reused_holdout,1,bestCI,1,1,0.5,gamma,naive_km,3,ET+ANTI-CDK wo CT,counterfactual,389,0.1671438058913702,1.3457107681436231,0.3246190699776203
legacy_reused_holdout,1,bestCI,1,1,0.5,gamma,naive_km,3,MONOCT std alone,counterfactual,176,0.1349698935771453,1.100128216946712,0.1444021287097565
legacy_reused_holdout,1,bestCI,1,1,0.5,gamma,naive_km,3,POLYCT alone,counterfactual,338,0.1572957439554892,1.308301022970504,0.236863825559583
legacy_reused_holdout,1,bestCI,1,1,0.5,gamma,naive_km,4,ET alone,factual,5,0.1198110980824333,0.9355198440529472,-0.2862218610688108
legacy_reused_holdout,1,bestCI,1,1,0.5,gamma,naive_km,4,MONOCT std alone,factual,115,0.1713058754150682,1.5007112277939858,0.0616985732966478
legacy_reused_holdout,1,bestCI,1,1,0.5,gamma,naive_km,4,POLYCT alone,factual,75,0.1622278173460795,1.369956665374198,0.2183353523437867
legacy_reused_holdout,1,bestCI,1,1,0.5,gamma,naive_km,4,ET alone,counterfactual,193,0.198186820096747,1.711690310896644,0.3394935069453207
legacy_reused_holdout,1,bestCI,1,1,0.5,gamma,naive_km,4,MONOCT std alone,counterfactual,83,0.1475072333320735,1.3428882042667016,-0.0464007141461283
legacy_reused_holdout,1,bestCI,1,1,0.5,gamma,naive_km,4,POLYCT alone,counterfactual,123,0.1924882294053761,1.5070326004816783,0.4911485662046132
legacy_reused_holdout,1,bestCI,1,1,0.5,gamma,naive_km,all,ET alone,factual,473,0.1505678489419566,2.2193427905510235,0.0668174178258468
legacy_reused_holdout,1,bestCI,1,1,0.5,gamma,naive_km,all,ET+ANTI-CDK wo CT,factual,1763,0.1298993032505457,1.8623895350029689,0.117169063205708
legacy_reused_holdout,1,bestCI,1,1,0.5,gamma,naive_km,all,MONOCT std alone,factual,810,0.1421695480479511,1.592867183645678,0.2483110840648667
legacy_reused_holdout,1,bestCI,1,1,0.5,gamma,naive_km,all,POLYCT alone,factual,404,0.1394919723682567,1.6104280626927672,-0.0568877467518952
legacy_reused_holdout,1,bestCI,1,1,0.5,gamma,naive_km,all,ET alone,counterfactual,2980,0.1561883231582736,2.1211485705705972,-0.0378472644468532
legacy_reused_holdout,1,bestCI,1,1,0.5,gamma,naive_km,all,ET+ANTI-CDK wo CT,counterfactual,1492,0.1763215661806145,2.099237349575874,1.004867744934295
legacy_reused_holdout,1,bestCI,1,1,0.5,gamma,naive_km,all,MONOCT std alone,counterfactual,2643,0.1166121351986768,1.7953839981429869,-0.669165923841453
legacy_reused_holdout,1,bestCI,1,1,0.5,gamma,naive_km,all,POLYCT alone,counterfactual,3049,0.1446830986045635,1.9742354397274384,-0.0885057763987441
legacy_reused_holdout,1,bestCI,2,2,0.5,gamma,dynasurv,1,ET alone,factual,336,0.1183419427955039,1.769544733091198,0.9510576948880975
legacy_reused_holdout,1,bestCI,2,2,0.5,gamma,dynasurv,1,ET+ANTI-CDK wo CT,factual,1326,0.0879169454483637,1.1920944242433154,0.7114020836777756
legacy_reused_holdout,1,bestCI,2,2,0.5,gamma,dynasurv,1,MONOCT std alone,factual,141,0.0931504600966152,1.5318473870309668,-0.6319483978545105
legacy_reused_holdout,1,bestCI,2,2,0.5,gamma,dynasurv,1,POLYCT alone,factual,174,0.1430638164726235,2.3987864812713773,-1.5618789218295408
legacy_reused_holdout,1,bestCI,2,2,0.5,gamma,dynasurv,1,ET alone,counterfactual,1641,0.0986280495231026,1.4473841182091762,0.540232023535626
legacy_reused_holdout,1,bestCI,2,2,0.5,gamma,dynasurv,1,ET+ANTI-CDK wo CT,counterfactual,651,0.1152454969103258,1.592058237560666,1.05643763185597
legacy_reused_holdout,1,bestCI,2,2,0.5,gamma,dynasurv,1,MONOCT std alone,counterfactual,1836,0.0933646579592791,1.4857234797917145,-0.7319971391266319
legacy_reused_holdout,1,bestCI,2,2,0.5,gamma,dynasurv,1,POLYCT alone,counterfactual,1803,0.1425340758551456,2.409241559216882,-1.8549453601396744
legacy_reused_holdout,1,bestCI,2,2,0.5,gamma,dynasurv,2,ET alone,factual,118,0.1114058167399029,1.4297583769352151,-0.2138410045805423
legacy_reused_holdout,1,bestCI,2,2,0.5,gamma,dynasurv,2,ET+ANTI-CDK wo CT,factual,379,0.1054081598143059,1.1583287500266088,0.320564950577999
legacy_reused_holdout,1,bestCI,2,2,0.5,gamma,dynasurv,2,MONOCT std alone,factual,267,0.1019504868230712,1.2867598132425353,0.1476395488102266
legacy_reused_holdout,1,bestCI,2,2,0.5,gamma,dynasurv,2,POLYCT alone,factual,76,0.1170147641520866,1.4780741235534445,-0.3330892543706283
legacy_reused_holdout,1,bestCI,2,2,0.5,gamma,dynasurv,2,ET alone,counterfactual,722,0.116470447447184,1.415618831775375,0.1203224184544996
legacy_reused_holdout,1,bestCI,2,2,0.5,gamma,dynasurv,2,ET+ANTI-CDK wo CT,counterfactual,461,0.1295144194397186,1.5384175888400773,0.7539194047940011
legacy_reused_holdout,1,bestCI,2,2,0.5,gamma,dynasurv,2,MONOCT std alone,counterfactual,573,0.0951464736876863,1.198571692703846,-0.1672478634455234
legacy_reused_holdout,1,bestCI,2,2,0.5,gamma,dynasurv,2,POLYCT alone,counterfactual,764,0.1211051591089624,1.5055410504682778,-0.0391211473406383
legacy_reused_holdout,1,bestCI,2,2,0.5,gamma,dynasurv,3,ET alone,factual,22,0.1287931374533275,1.0314214807780446,-0.8570960643221823
legacy_reused_holdout,1,bestCI,2,2,0.5,gamma,dynasurv,3,ET+ANTI-CDK wo CT,factual,60,0.0945721875628183,0.8027917046284488,-0.441016245762875
legacy_reused_holdout,1,bestCI,2,2,0.5,gamma,dynasurv,3,MONOCT std alone,factual,263,0.1063958634311173,0.9222895153368872,-0.2219276707518107
legacy_reused_holdout,1,bestCI,2,2,0.5,gamma,dynasurv,3,POLYCT alone,factual,93,0.115643737931355,0.9930358827431668,-0.3278941964888046
legacy_reused_holdout,1,bestCI,2,2,0.5,gamma,dynasurv,3,ET alone,counterfactual,416,0.1279637509632971,1.0659235210500415,-0.1971374217965847
legacy_reused_holdout,1,bestCI,2,2,0.5,gamma,dynasurv,3,ET+ANTI-CDK wo CT,counterfactual,378,0.1203110877500047,1.007756514722793,-0.0853499322116567
legacy_reused_holdout,1,bestCI,2,2,0.5,gamma,dynasurv,3,MONOCT std alone,counterfactual,175,0.1070082413069804,0.9313956426920184,-0.459351589876383
legacy_reused_holdout,1,bestCI,2,2,0.5,gamma,dynasurv,3,POLYCT alone,counterfactual,345,0.1245926159157704,1.0445990966832162,-0.1402709603076232
legacy_reused_holdout,1,bestCI,2,2,0.5,gamma,dynasurv,4,ET alone,factual,7,0.1021097533542233,0.7433314787233628,-0.7048731256949022
legacy_reused_holdout,1,bestCI,2,2,0.5,gamma,dynasurv,4,MONOCT std alone,factual,109,0.1040685732051655,0.9116247957865928,-0.4322836837961236
legacy_reused_holdout,1,bestCI,2,2,0.5,gamma,dynasurv,4,POLYCT alone,factual,78,0.127345843105722,1.0855134123258614,-0.434503254742576
legacy_reused_holdout,1,bestCI,2,2,0.5,gamma,dynasurv,4,ET alone,counterfactual,191,0.1377492328452037,1.1616230877993816,-0.4052608454946793
legacy_reused_holdout,1,bestCI,2,2,0.5,gamma,dynasurv,4,MONOCT std alone,counterfactual,89,0.1275581455859072,1.0553810643820734,-0.5923280971706723
legacy_reused_holdout,1,bestCI,2,2,0.5,gamma,dynasurv,4,POLYCT alone,counterfactual,120,0.1256854518097832,1.1010902079928682,-0.3531357649417346
legacy_reused_holdout,1,bestCI,2,2,0.5,gamma,dynasurv,all,ET alone,factual,483,0.1169670176370857,1.6380395687891895,0.5601074982338395
legacy_reused_holdout,1,bestCI,2,2,0.5,gamma,dynasurv,all,ET+ANTI-CDK wo CT,factual,1765,0.0921780138421025,1.1716098045804124,0.588301588940521
legacy_reused_holdout,1,bestCI,2,2,0.5,gamma,dynasurv,all,MONOCT std alone,factual,780,0.1022585342762682,1.1557494833095685,-0.1989370044957169
legacy_reused_holdout,1,bestCI,2,2,0.5,gamma,dynasurv,all,POLYCT alone,factual,421,0.1299605761546201,1.6787288940328102,-0.8585917574201606
legacy_reused_holdout,1,bestCI,2,2,0.5,gamma,dynasurv,all,ET alone,counterfactual,2970,0.1103912371848591,1.3678546562456493,0.2740671878078276
legacy_reused_holdout,1,bestCI,2,2,0.5,gamma,dynasurv,all,ET+ANTI-CDK wo CT,counterfactual,1490,0.1210982682714016,1.427229787699654,0.6731781674981643
legacy_reused_holdout,1,bestCI,2,2,0.5,gamma,dynasurv,all,MONOCT std alone,counterfactual,2673,0.0960180473803719,1.3735477145596702,-0.5884337830405305
legacy_reused_holdout,1,bestCI,2,2,0.5,gamma,dynasurv,all,POLYCT alone,counterfactual,3032,0.1347895130720042,1.9744767173946751,-1.1428511919522488
legacy_reused_holdout,1,bestCI,2,2,0.5,gamma,oracle,1,ET alone,factual,336,0.0,8.203030060311661e-06,-7.995168063152078e-06
legacy_reused_holdout,1,bestCI,2,2,0.5,gamma,oracle,1,ET+ANTI-CDK wo CT,factual,1326,0.0,7.046080665790783e-06,-6.992425532347787e-06
legacy_reused_holdout,1,bestCI,2,2,0.5,gamma,oracle,1,MONOCT std alone,factual,141,0.0,9.756737003680552e-06,-9.756737003680552e-06
legacy_reused_holdout,1,bestCI,2,2,0.5,gamma,oracle,1,POLYCT alone,factual,174,0.0,8.425328404415056e-06,-8.114329030942656e-06
legacy_reused_holdout,1,bestCI,2,2,0.5,gamma,oracle,1,ET alone,counterfactual,1641,0.0,7.977998976230058e-06,-7.821551969517058e-06
legacy_reused_holdout,1,bestCI,2,2,0.5,gamma,oracle,1,ET+ANTI-CDK wo CT,counterfactual,651,0.0,8.06403223895419e-06,-7.920180767553823e-06
legacy_reused_holdout,1,bestCI,2,2,0.5,gamma,oracle,1,MONOCT std alone,counterfactual,1836,0.0,8.809918890423168e-06,-8.790467787770622e-06
legacy_reused_holdout,1,bestCI,2,2,0.5,gamma,oracle,1,POLYCT alone,counterfactual,1803,0.0,8.164504813044207e-06,-8.043807097354816e-06
legacy_reused_holdout,1,bestCI,2,2,0.5,gamma,oracle,2,ET alone,factual,118,0.0,1.276891055449537e-05,-1.2248106319728927e-05
legacy_reused_holdout,1,bestCI,2,2,0.5,gamma,oracle,2,ET+ANTI-CDK wo CT,factual,379,0.0,1.2000718901761915e-05,-1.113891657729994e-05
legacy_reused_holdout,1,bestCI,2,2,0.5,gamma,oracle,2,MONOCT std alone,factual,267,0.0,1.4819407829413268e-05,-1.430778503817941e-05
legacy_reused_holdout,1,bestCI,2,2,0.5,gamma,oracle,2,POLYCT alone,factual,76,0.0,1.3614071057365645e-05,-1.3265734692607068e-05
legacy_reused_holdout,1,bestCI,2,2,0.5,gamma,oracle,2,ET alone,counterfactual,722,0.0,1.3206567779672604e-05,-1.2030667644072125e-05
legacy_reused_holdout,1,bestCI,2,2,0.5,gamma,oracle,2,ET+ANTI-CDK wo CT,counterfactual,461,0.0,1.3057715075766351e-05,-1.1803569590999252e-05
legacy_reused_holdout,1,bestCI,2,2,0.5,gamma,oracle,2,MONOCT std alone,counterfactual,573,0.0,1.437494590789075e-05,-1.4089119257166046e-05
legacy_reused_holdout,1,bestCI,2,2,0.5,gamma,oracle,2,POLYCT alone,counterfactual,764,0.0,1.3817321503636717e-05,-1.2740594287479352e-05
legacy_reused_holdout,1,bestCI,2,2,0.5,gamma,oracle,3,ET alone,factual,22,0.0,1.598442496263498e-05,-1.598442496263498e-05
legacy_reused_holdout,1,bestCI,2,2,0.5,gamma,oracle,3,ET+ANTI-CDK wo CT,factual,60,0.0,1.3537770849136876e-05,-1.3537770849136876e-05
legacy_reused_holdout,1,bestCI,2,2,0.5,gamma,oracle,3,MONOCT std alone,factual,263,0.0,1.7894209183727294e-05,-1.7389681090601848e-05
legacy_reused_holdout,1,bestCI,2,2,0.5,gamma,oracle,3,POLYCT alone,factual,93,0.0,1.6303169375646195e-05,-1.5942005570222273e-05
legacy_reused_holdout,1,bestCI,2,2,0.5,gamma,oracle,3,ET alone,counterfactual,416,0.0,1.6281308151855997e-05,-1.4579616393913084e-05
legacy_reused_holdout,1,bestCI,2,2,0.5,gamma,oracle,3,ET+ANTI-CDK wo CT,counterfactual,378,0.0,1.583056154748815e-05,-1.445784070350892e-05
legacy_reused_holdout,1,bestCI,2,2,0.5,gamma,oracle,3,MONOCT std alone,counterfactual,175,0.0,1.774514019777383e-05,-1.7254905087301812e-05
legacy_reused_holdout,1,bestCI,2,2,0.5,gamma,oracle,3,POLYCT alone,counterfactual,345,0.0,1.6843821821769777e-05,-1.560275627348706e-05
legacy_reused_holdout,1,bestCI,2,2,0.5,gamma,oracle,4,ET alone,factual,7,0.0,1.4500271938722165e-05,-1.4500271938722165e-05
legacy_reused_holdout,1,bestCI,2,2,0.5,gamma,oracle,4,MONOCT std alone,factual,109,0.0,1.8497497664664923e-05,-1.6041667478979604e-05
legacy_reused_holdout,1,bestCI,2,2,0.5,gamma,oracle,4,POLYCT alone,factual,78,0.0,1.690192677180254e-05,-1.4195259494440505e-05
legacy_reused_holdout,1,bestCI,2,2,0.5,gamma,oracle,4,ET alone,counterfactual,191,0.0,1.7286560503445005e-05,-1.31235610843439e-05
legacy_reused_holdout,1,bestCI,2,2,0.5,gamma,oracle,4,MONOCT std alone,counterfactual,89,0.0,1.7233501200268946e-05,-1.6076371142280154e-05
legacy_reused_holdout,1,bestCI,2,2,0.5,gamma,oracle,4,POLYCT alone,counterfactual,120,0.0,1.8692783650375856e-05,-1.4245172098074447e-05
legacy_reused_holdout,1,bestCI,2,2,0.5,gamma,oracle,all,ET alone,factual,483,0.0,9.76420041085755e-06,-9.492364943470265e-06
legacy_reused_holdout,1,bestCI,2,2,0.5,gamma,oracle,all,ET+ANTI-CDK wo CT,factual,1765,0.0,8.330675171419012e-06,-8.10530985248615e-06
legacy_reused_holdout,1,bestCI,2,2,0.5,gamma,oracle,all,MONOCT std alone,factual,780,0.0,1.545498213941161e-05,-1.476654667275631e-05
legacy_reused_holdout,1,bestCI,2,2,0.5,gamma,oracle,all,POLYCT alone,factual,421,0.0,1.2672735351220196e-05,-1.190006139339475e-05
legacy_reused_holdout,1,bestCI,2,2,0.5,gamma,oracle,all,ET alone,counterfactual,2970,0.0,1.10107055569856e-05,-1.0132333133998349e-05
legacy_reused_holdout,1,bestCI,2,2,0.5,gamma,oracle,all,ET+ANTI-CDK wo CT,counterfactual,1490,0.0,1.1579358323783883e-05,-1.0780232917486285e-05
legacy_reused_holdout,1,bestCI,2,2,0.5,gamma,oracle,all,MONOCT std alone,counterfactual,2673,0.0,1.0868326311063483e-05,-1.0723071311127482e-05
legacy_reused_holdout,1,bestCI,2,2,0.5,gamma,oracle,all,POLYCT alone,counterfactual,3032,0.0,1.0993168988539853e-05,-1.0332839643234474e-05
legacy_reused_holdout,1,bestCI,2,2,0.5,gamma,naive_km,1,ET alone,factual,336,0.1549835652729857,2.432202751402586,0.656820981567395
legacy_reused_holdout,1,bestCI,2,2,0.5,gamma,naive_km,1,ET+ANTI-CDK wo CT,factual,1326,0.1124676764944474,1.8079025508328763,-0.1135107606951715
legacy_reused_holdout,1,bestCI,2,2,0.5,gamma,naive_km,1,MONOCT std alone,factual,141,0.107198357038828,1.7614305417277685,-0.1146943775393922
legacy_reused_holdout,1,bestCI,2,2,0.5,gamma,naive_km,1,POLYCT alone,factual,174,0.1408489991708683,1.9964735940004728,0.5821287551694603
legacy_reused_holdout,1,bestCI,2,2,0.5,gamma,naive_km,1,ET alone,counterfactual,1641,0.1308981961786623,2.1068497306109286,0.0233139209947495
legacy_reused_holdout,1,bestCI,2,2,0.5,gamma,naive_km,1,ET+ANTI-CDK wo CT,counterfactual,651,0.1485000047150029,2.248508355216753,0.939188542254724
legacy_reused_holdout,1,bestCI,2,2,0.5,gamma,naive_km,1,MONOCT std alone,counterfactual,1836,0.1104388839967595,1.9030083651351417,-0.9359419044221166
legacy_reused_holdout,1,bestCI,2,2,0.5,gamma,naive_km,1,POLYCT alone,counterfactual,1803,0.1251161329227705,1.9114705080704213,0.2297044512133498
legacy_reused_holdout,1,bestCI,2,2,0.5,gamma,naive_km,2,ET alone,factual,118,0.1745377828699417,2.2794878068661313,0.4332245284656448
legacy_reused_holdout,1,bestCI,2,2,0.5,gamma,naive_km,2,ET+ANTI-CDK wo CT,factual,379,0.1752601264774304,1.9934305479754688,0.8171483136303354
legacy_reused_holdout,1,bestCI,2,2,0.5,gamma,naive_km,2,MONOCT std alone,factual,267,0.1452447691989458,1.8142250167515368,0.4314298686812857
legacy_reused_holdout,1,bestCI,2,2,0.5,gamma,naive_km,2,POLYCT alone,factual,76,0.15543578948557,1.8222056986595605,0.2569571583514174
legacy_reused_holdout,1,bestCI,2,2,0.5,gamma,naive_km,2,ET alone,counterfactual,722,0.1838958632504409,2.2951557983822553,0.68302227795103
legacy_reused_holdout,1,bestCI,2,2,0.5,gamma,naive_km,2,ET+ANTI-CDK wo CT,counterfactual,461,0.228895540609489,2.7769628995112385,2.165316236658748
legacy_reused_holdout,1,bestCI,2,2,0.5,gamma,naive_km,2,MONOCT std alone,counterfactual,573,0.141124214409735,1.8758906162918576,-0.5035631454191526
legacy_reused_holdout,1,bestCI,2,2,0.5,gamma,naive_km,2,POLYCT alone,counterfactual,764,0.1681795087204185,2.002030011705318,0.4109511678774971
legacy_reused_holdout,1,bestCI,2,2,0.5,gamma,naive_km,3,ET alone,factual,22,0.134040728735444,1.085065897568692,0.0340692008762075
legacy_reused_holdout,1,bestCI,2,2,0.5,gamma,naive_km,3,ET+ANTI-CDK wo CT,factual,60,0.1358067264423278,1.096986439058134,-0.0939182677982237
legacy_reused_holdout,1,bestCI,2,2,0.5,gamma,naive_km,3,MONOCT std alone,factual,263,0.1505791812920177,1.3046198764269434,0.2879369711118598
legacy_reused_holdout,1,bestCI,2,2,0.5,gamma,naive_km,3,POLYCT alone,factual,93,0.1493480245509739,1.2497669393301576,0.0432355965636197
legacy_reused_holdout,1,bestCI,2,2,0.5,gamma,naive_km,3,ET alone,counterfactual,416,0.1888989913527776,1.5377846582121,0.7096173529518962
legacy_reused_holdout,1,bestCI,2,2,0.5,gamma,naive_km,3,ET+ANTI-CDK wo CT,counterfactual,378,0.1909148084751464,1.492318650729895,0.7774664345627234
legacy_reused_holdout,1,bestCI,2,2,0.5,gamma,naive_km,3,MONOCT std alone,counterfactual,175,0.1376633344999375,1.1483314596695118,-0.1229456507155221
legacy_reused_holdout,1,bestCI,2,2,0.5,gamma,naive_km,3,POLYCT alone,counterfactual,345,0.1690477112604244,1.3941795695472623,0.3890580667179221
legacy_reused_holdout,1,bestCI,2,2,0.5,gamma,naive_km,4,ET alone,factual,7,0.1697883116017066,1.581273807957667,-0.43728628979102
legacy_reused_holdout,1,bestCI,2,2,0.5,gamma,naive_km,4,MONOCT std alone,factual,109,0.1544417715137128,1.2902110367932411,0.2907831622807714
legacy_reused_holdout,1,bestCI,2,2,0.5,gamma,naive_km,4,POLYCT alone,factual,78,0.172720197868228,1.424560252674992,0.0987410942460605
legacy_reused_holdout,1,bestCI,2,2,0.5,gamma,naive_km,4,ET alone,counterfactual,191,0.1889014277823619,1.5934285444307117,0.3753220655393717
legacy_reused_holdout,1,bestCI,2,2,0.5,gamma,naive_km,4,MONOCT std alone,counterfactual,89,0.1538272619371995,1.3118017522819847,0.0397918694913035
legacy_reused_holdout,1,bestCI,2,2,0.5,gamma,naive_km,4,POLYCT alone,counterfactual,120,0.1751956887130182,1.413585795901008,0.3707997219720745
legacy_reused_holdout,1,bestCI,2,2,0.5,gamma,naive_km,all,ET alone,factual,483,0.1593363732347889,2.321200935991071,0.5579728003236651
legacy_reused_holdout,1,bestCI,2,2,0.5,gamma,naive_km,all,ET+ANTI-CDK wo CT,factual,1765,0.129327218799187,1.8235740206405575,0.0869965133802868
legacy_reused_holdout,1,bestCI,2,2,0.5,gamma,naive_km,all,MONOCT std alone,factual,780,0.1423976254035489,1.55962540559875,0.2646700715331695
legacy_reused_holdout,1,bestCI,2,2,0.5,gamma,naive_km,all,POLYCT alone,factual,421,0.1517071227928107,1.6941046639443298,0.3148262785411001
legacy_reused_holdout,1,bestCI,2,2,0.5,gamma,naive_km,all,ET alone,counterfactual,2970,0.1580536843078463,2.039901065376102,0.3024537247067462
legacy_reused_holdout,1,bestCI,2,2,0.5,gamma,naive_km,all,ET+ANTI-CDK wo CT,counterfactual,1490,0.187328061251614,2.2201713328165686,1.2775200257531665
legacy_reused_holdout,1,bestCI,2,2,0.5,gamma,naive_km,all,MONOCT std alone,counterfactual,2673,0.12114241598726,1.8281021484918127,-0.7575402287073216
legacy_reused_holdout,1,bestCI,2,2,0.5,gamma,naive_km,all,POLYCT alone,counterfactual,3032,0.1445763307967745,1.8557237803416091,0.2990912986314016
legacy_reused_holdout,1,bestCI,0,0,1.0,gamma,dynasurv,1,ET alone,factual,287,0.1659110483660996,2.486771591647645,2.29638079217745
legacy_reused_holdout,1,bestCI,0,0,1.0,gamma,dynasurv,1,ET+ANTI-CDK wo CT,factual,1415,0.108659624393333,1.6681446904912467,1.5921431853691816
legacy_reused_holdout,1,bestCI,0,0,1.0,gamma,dynasurv,1,MONOCT std alone,factual,139,0.122417398431066,1.920890989096854,1.5584858032482432
legacy_reused_holdout,1,bestCI,0,0,1.0,gamma,dynasurv,1,POLYCT alone,factual,136,0.1158858793783119,1.794256825112546,-0.6192599210585541
legacy_reused_holdout,1,bestCI,0,0,1.0,gamma,dynasurv,1,ET alone,counterfactual,1690,0.1324378993439978,1.987070182798902,1.807203384524123
legacy_reused_holdout,1,bestCI,0,0,1.0,gamma,dynasurv,1,ET+ANTI-CDK wo CT,counterfactual,562,0.1506997576225577,2.382826350186694,2.1297819350871863
legacy_reused_holdout,1,bestCI,0,0,1.0,gamma,dynasurv,1,MONOCT std alone,counterfactual,1838,0.0893913212987767,1.2995986369394623,0.709692490166706
legacy_reused_holdout,1,bestCI,0,0,1.0,gamma,dynasurv,1,POLYCT alone,counterfactual,1841,0.1360167878176695,2.0572335542893363,-1.4828218773932027
legacy_reused_holdout,1,bestCI,0,0,1.0,gamma,dynasurv,2,ET alone,factual,121,0.1171817321932146,1.3471732718196527,0.2618389372568322
legacy_reused_holdout,1,bestCI,0,0,1.0,gamma,dynasurv,2,ET+ANTI-CDK wo CT,factual,365,0.0973570847628627,1.0702085048116208,0.3366120602714457
legacy_reused_holdout,1,bestCI,0,0,1.0,gamma,dynasurv,2,MONOCT std alone,factual,269,0.1068997584644359,1.3474889954453568,-0.0307880926154582
legacy_reused_holdout,1,bestCI,0,0,1.0,gamma,dynasurv,2,POLYCT alone,factual,85,0.1321661021474489,1.569937369465379,-0.7265535229707432
legacy_reused_holdout,1,bestCI,0,0,1.0,gamma,dynasurv,2,ET alone,counterfactual,719,0.1235192039062147,1.4373091608978403,0.1110164769733097
legacy_reused_holdout,1,bestCI,0,0,1.0,gamma,dynasurv,2,ET+ANTI-CDK wo CT,counterfactual,475,0.1279781838440411,1.5520607090398166,0.4569092054313801
legacy_reused_holdout,1,bestCI,0,0,1.0,gamma,dynasurv,2,MONOCT std alone,counterfactual,571,0.0976442588752811,1.173760103155182,-0.0241815639378502
legacy_reused_holdout,1,bestCI,0,0,1.0,gamma,dynasurv,2,POLYCT alone,counterfactual,755,0.1232678926743408,1.4707961358511137,-0.5302252722042918
legacy_reused_holdout,1,bestCI,0,0,1.0,gamma,dynasurv,3,ET alone,factual,14,0.1157647025171561,1.0469325306947836,-0.898381109294722
legacy_reused_holdout,1,bestCI,0,0,1.0,gamma,dynasurv,3,ET+ANTI-CDK wo CT,factual,57,0.1034469405780947,0.7587355086993848,-0.3328018531664888
legacy_reused_holdout,1,bestCI,0,0,1.0,gamma,dynasurv,3,MONOCT std alone,factual,274,0.1151779062685113,0.9758569322727936,-0.2199046816492226
legacy_reused_holdout,1,bestCI,0,0,1.0,gamma,dynasurv,3,POLYCT alone,factual,93,0.1086509933936544,0.8934911791776444,-0.6381500490516149
legacy_reused_holdout,1,bestCI,0,0,1.0,gamma,dynasurv,3,ET alone,counterfactual,424,0.1324682818477335,1.1337612636173275,-0.616922057994033
legacy_reused_holdout,1,bestCI,0,0,1.0,gamma,dynasurv,3,ET+ANTI-CDK wo CT,counterfactual,381,0.1274318751791891,1.0350367700035472,-0.4169374222580543
legacy_reused_holdout,1,bestCI,0,0,1.0,gamma,dynasurv,3,MONOCT std alone,counterfactual,164,0.099852709595838,0.7956441240021639,-0.3326599868176712
legacy_reused_holdout,1,bestCI,0,0,1.0,gamma,dynasurv,3,POLYCT alone,counterfactual,345,0.1242730472934742,1.0112772482517378,-0.1852330748842354
legacy_reused_holdout,1,bestCI,0,0,1.0,gamma,dynasurv,4,ET+ANTI-CDK wo CT,factual,11,0.0772814986272359,0.595035796850586,-0.4974310094903757
legacy_reused_holdout,1,bestCI,0,0,1.0,gamma,dynasurv,4,MONOCT std alone,factual,117,0.1258460425151609,1.0616021511643123,-0.3509489727678356
legacy_reused_holdout,1,bestCI,0,0,1.0,gamma,dynasurv,4,POLYCT alone,factual,65,0.1410470661209968,1.2497763265195303,-0.7359402270169717
legacy_reused_holdout,1,bestCI,0,0,1.0,gamma,dynasurv,4,ET+ANTI-CDK wo CT,counterfactual,187,0.1487038271388173,1.267171035308884,-0.6838712315120488
legacy_reused_holdout,1,bestCI,0,0,1.0,gamma,dynasurv,4,MONOCT std alone,counterfactual,81,0.1143615225011479,1.02067008454609,-0.2792785426601554
legacy_reused_holdout,1,bestCI,0,0,1.0,gamma,dynasurv,4,POLYCT alone,counterfactual,133,0.1403841007411632,1.2589407950402869,-0.389360119361159
legacy_reused_holdout,1,bestCI,0,0,1.0,gamma,dynasurv,all,ET alone,factual,422,0.1519949308037285,2.1122475547933157,1.6070295337272005
legacy_reused_holdout,1,bestCI,0,0,1.0,gamma,dynasurv,all,ET+ANTI-CDK wo CT,factual,1848,0.1061987566216104,1.515608311181048,1.2723509537670916
legacy_reused_holdout,1,bestCI,0,0,1.0,gamma,dynasurv,all,MONOCT std alone,factual,799,0.1154243176822493,1.2779357176323325,0.1339582192142975
legacy_reused_holdout,1,bestCI,0,0,1.0,gamma,dynasurv,all,POLYCT alone,factual,379,0.1226594396003785,1.4295349485676885,-0.6679695726500787
legacy_reused_holdout,1,bestCI,0,0,1.0,gamma,dynasurv,all,ET alone,counterfactual,2833,0.1302368559758548,1.7198336291526433,1.0139144420049797
legacy_reused_holdout,1,bestCI,0,0,1.0,gamma,dynasurv,all,ET+ANTI-CDK wo CT,counterfactual,1605,0.1386744432242934,1.687032547397475,0.7023253843774657
legacy_reused_holdout,1,bestCI,0,0,1.0,gamma,dynasurv,all,MONOCT std alone,counterfactual,2654,0.0927389974477546,1.2328708465640277,0.4572077332796995
legacy_reused_holdout,1,bestCI,0,0,1.0,gamma,dynasurv,all,POLYCT alone,counterfactual,3074,0.1319008952548612,1.7612712532210364,-1.0559158957401504
legacy_reused_holdout,1,bestCI,0,0,1.0,gamma,oracle,1,ET alone,factual,287,0.0,8.627992482964298e-06,-8.064541831581383e-06
legacy_reused_holdout,1,bestCI,0,0,1.0,gamma,oracle,1,ET+ANTI-CDK wo CT,factual,1415,0.0,7.006079117379293e-06,-6.9583606488045565e-06
legacy_reused_holdout,1,bestCI,0,0,1.0,gamma,oracle,1,MONOCT std alone,factual,139,0.0,1.029215027666928e-05,-1.0263431896247348e-05
legacy_reused_holdout,1,bestCI,0,0,1.0,gamma,oracle,1,POLYCT alone,factual,136,0.0,8.734530036776346e-06,-8.531256969090961e-06
legacy_reused_holdout,1,bestCI,0,0,1.0,gamma,oracle,1,ET alone,counterfactual,1690,0.0,7.993900865343492e-06,-7.870600320419305e-06
legacy_reused_holdout,1,bestCI,0,0,1.0,gamma,oracle,1,ET+ANTI-CDK wo CT,counterfactual,562,0.0,8.583165628953343e-06,-8.364016504780271e-06
legacy_reused_holdout,1,bestCI,0,0,1.0,gamma,oracle,1,MONOCT std alone,counterfactual,1838,0.0,8.881683447505697e-06,-8.85330989006621e-06
legacy_reused_holdout,1,bestCI,0,0,1.0,gamma,oracle,1,POLYCT alone,counterfactual,1841,0.0,8.162721067268072e-06,-8.08142231941961e-06
legacy_reused_holdout,1,bestCI,0,0,1.0,gamma,oracle,2,ET alone,factual,121,0.0,1.3700778243482385e-05,-1.3096215186499792e-05
legacy_reused_holdout,1,bestCI,0,0,1.0,gamma,oracle,2,ET+ANTI-CDK wo CT,factual,365,0.0,1.1712938007166256e-05,-1.1280768689348518e-05
legacy_reused_holdout,1,bestCI,0,0,1.0,gamma,oracle,2,MONOCT std alone,factual,269,0.0,1.50656195185426e-05,-1.4662738362768556e-05
legacy_reused_holdout,1,bestCI,0,0,1.0,gamma,oracle,2,POLYCT alone,factual,85,0.0,1.4382324477021434e-05,-1.3135229805433572e-05
legacy_reused_holdout,1,bestCI,0,0,1.0,gamma,oracle,2,ET alone,counterfactual,719,0.0,1.3121233300858889e-05,-1.2035281130084004e-05
legacy_reused_holdout,1,bestCI,0,0,1.0,gamma,oracle,2,ET+ANTI-CDK wo CT,counterfactual,475,0.0,1.36488444603176e-05,-1.2198765242356487e-05
legacy_reused_holdout,1,bestCI,0,0,1.0,gamma,oracle,2,MONOCT std alone,counterfactual,571,0.0,1.451720889257986e-05,-1.4304172365932686e-05
legacy_reused_holdout,1,bestCI,0,0,1.0,gamma,oracle,2,POLYCT alone,counterfactual,755,0.0,1.4043498523075732e-05,-1.3043366167118406e-05
legacy_reused_holdout,1,bestCI,0,0,1.0,gamma,oracle,3,ET alone,factual,14,0.0,1.4306153602142554e-05,-1.3877551040573724e-05
legacy_reused_holdout,1,bestCI,0,0,1.0,gamma,oracle,3,ET+ANTI-CDK wo CT,factual,57,0.0,9.840266397977504e-06,-8.866939982675678e-06
legacy_reused_holdout,1,bestCI,0,0,1.0,gamma,oracle,3,MONOCT std alone,factual,274,0.0,1.836245287053352e-05,-1.7624453542322055e-05
legacy_reused_holdout,1,bestCI,0,0,1.0,gamma,oracle,3,POLYCT alone,factual,93,0.0,1.7420693612942837e-05,-1.703382197731261e-05
legacy_reused_holdout,1,bestCI,0,0,1.0,gamma,oracle,3,ET alone,counterfactual,424,0.0,1.6790677695181175e-05,-1.50263089513391e-05
legacy_reused_holdout,1,bestCI,0,0,1.0,gamma,oracle,3,ET+ANTI-CDK wo CT,counterfactual,381,0.0,1.691721572110306e-05,-1.5247805986795916e-05
legacy_reused_holdout,1,bestCI,0,0,1.0,gamma,oracle,3,MONOCT std alone,counterfactual,164,0.0,1.756770929409924e-05,-1.7199941122497268e-05
legacy_reused_holdout,1,bestCI,0,0,1.0,gamma,oracle,3,POLYCT alone,counterfactual,345,0.0,1.764666209506282e-05,-1.5058147350164275e-05
legacy_reused_holdout,1,bestCI,0,0,1.0,gamma,oracle,4,ET+ANTI-CDK wo CT,factual,11,0.0,1.006964991083366e-05,-1.006964991083366e-05
legacy_reused_holdout,1,bestCI,0,0,1.0,gamma,oracle,4,MONOCT std alone,factual,117,0.0,1.856308010684464e-05,-1.4619517401130627e-05
legacy_reused_holdout,1,bestCI,0,0,1.0,gamma,oracle,4,POLYCT alone,factual,65,0.0,1.7859226443429376e-05,-1.6705594979677258e-05
legacy_reused_holdout,1,bestCI,0,0,1.0,gamma,oracle,4,ET+ANTI-CDK wo CT,counterfactual,187,0.0,1.75348707792244e-05,-1.3299505800994856e-05
legacy_reused_holdout,1,bestCI,0,0,1.0,gamma,oracle,4,MONOCT std alone,counterfactual,81,0.0,1.6826419065098088e-05,-1.6348195744686627e-05
legacy_reused_holdout,1,bestCI,0,0,1.0,gamma,oracle,4,POLYCT alone,counterfactual,133,0.0,1.907987097041021e-05,-1.2146198972411493e-05
legacy_reused_holdout,1,bestCI,0,0,1.0,gamma,oracle,all,ET alone,factual,422,0.0,1.0270886636260942e-05,-9.700121463977164e-06
legacy_reused_holdout,1,bestCI,0,0,1.0,gamma,oracle,all,ET+ANTI-CDK wo CT,factual,1848,0.0,8.041388342755017e-06,-7.889471113475293e-06
legacy_reused_holdout,1,bestCI,0,0,1.0,gamma,oracle,all,MONOCT std alone,factual,799,0.0,1.587791363951439e-05,-1.4906730237411324e-05
legacy_reused_holdout,1,bestCI,0,0,1.0,gamma,oracle,all,POLYCT alone,factual,379,0.0,1.36975406078496e-05,-1.3052122952050972e-05
legacy_reused_holdout,1,bestCI,0,0,1.0,gamma,oracle,all,ET alone,counterfactual,2833,0.0,1.0611756635547074e-05,-9.998530416310202e-06
legacy_reused_holdout,1,bestCI,0,0,1.0,gamma,oracle,all,ET+ANTI-CDK wo CT,counterfactual,1605,0.0,1.3103688615313314e-05,-1.1708045128698522e-05
legacy_reused_holdout,1,bestCI,0,0,1.0,gamma,oracle,all,MONOCT std alone,counterfactual,2654,0.0,1.0873362744040616e-05,-1.0770557723548768e-05
legacy_reused_holdout,1,bestCI,0,0,1.0,gamma,oracle,all,POLYCT alone,counterfactual,3074,0.0,1.1143829580879612e-05,-1.0258993248328985e-05
legacy_reused_holdout,1,bestCI,0,0,1.0,gamma,naive_km,1,ET alone,factual,287,0.1582084891521452,2.4518301017021,0.4777361843609775
legacy_reused_holdout,1,bestCI,0,0,1.0,gamma,naive_km,1,ET+ANTI-CDK wo CT,factual,1415,0.1119060733624433,1.685004524698882,0.2524973869826589
legacy_reused_holdout,1,bestCI,0,0,1.0,gamma,naive_km,1,MONOCT std alone,factual,139,0.1236752552219896,2.1461604700504515,0.4795745764231356
legacy_reused_holdout,1,bestCI,0,0,1.0,gamma,naive_km,1,POLYCT alone,factual,136,0.1258303635833672,1.844375589871019,0.5117239866789974
legacy_reused_holdout,1,bestCI,0,0,1.0,gamma,naive_km,1,ET alone,counterfactual,1690,0.1357587562178101,2.2783572152405474,-0.23068223305455
legacy_reused_holdout,1,bestCI,0,0,1.0,gamma,naive_km,1,ET+ANTI-CDK wo CT,counterfactual,562,0.1771453392954924,2.6035850888771943,1.913794897247156
legacy_reused_holdout,1,bestCI,0,0,1.0,gamma,naive_km,1,MONOCT std alone,counterfactual,1838,0.1138153701219334,2.0386495153085415,-1.1795817129006876
legacy_reused_holdout,1,bestCI,0,0,1.0,gamma,naive_km,1,POLYCT alone,counterfactual,1841,0.1317888232710016,2.0069849158232995,0.3687006208408936
legacy_reused_holdout,1,bestCI,0,0,1.0,gamma,naive_km,2,ET alone,factual,121,0.17114016923178,2.0859683887931553,0.7123859699607595
legacy_reused_holdout,1,bestCI,0,0,1.0,gamma,naive_km,2,ET+ANTI-CDK wo CT,factual,365,0.1561879592047367,1.7836109324603011,0.6306032142287803
legacy_reused_holdout,1,bestCI,0,0,1.0,gamma,naive_km,2,MONOCT std alone,factual,269,0.133854213596855,1.7238993736273405,0.0874272148552112
legacy_reused_holdout,1,bestCI,0,0,1.0,gamma,naive_km,2,POLYCT alone,factual,85,0.1662916003353141,2.076790437216479,0.7246711204766749
legacy_reused_holdout,1,bestCI,0,0,1.0,gamma,naive_km,2,ET alone,counterfactual,719,0.1878588607756976,2.3383680414657797,0.7444948919026141
legacy_reused_holdout,1,bestCI,0,0,1.0,gamma,naive_km,2,ET+ANTI-CDK wo CT,counterfactual,475,0.2474060989115963,3.0279843147897783,2.7066513946554727
legacy_reused_holdout,1,bestCI,0,0,1.0,gamma,naive_km,2,MONOCT std alone,counterfactual,571,0.149796607504839,2.0406120756303996,-1.0261847895042158
legacy_reused_holdout,1,bestCI,0,0,1.0,gamma,naive_km,2,POLYCT alone,counterfactual,755,0.1670316286266227,1.972870653541656,0.7084760842772921
legacy_reused_holdout,1,bestCI,0,0,1.0,gamma,naive_km,3,ET alone,factual,14,0.1774346721176442,1.416271813971714,0.5522422862896209
legacy_reused_holdout,1,bestCI,0,0,1.0,gamma,naive_km,3,ET+ANTI-CDK wo CT,factual,57,0.1547406161494088,0.9993969731494602,0.1598996597024927
legacy_reused_holdout,1,bestCI,0,0,1.0,gamma,naive_km,3,MONOCT std alone,factual,274,0.1450568617496111,1.181984800830238,0.3124276790953841
legacy_reused_holdout,1,bestCI,0,0,1.0,gamma,naive_km,3,POLYCT alone,factual,93,0.116626922206893,0.9030504650422768,-0.0020800419302832
legacy_reused_holdout,1,bestCI,0,0,1.0,gamma,naive_km,3,ET alone,counterfactual,424,0.1892743109002448,1.499578945763474,0.9306997248602066
legacy_reused_holdout,1,bestCI,0,0,1.0,gamma,naive_km,3,ET+ANTI-CDK wo CT,counterfactual,381,0.2130013601233907,1.6363287379783094,1.434847254874496
legacy_reused_holdout,1,bestCI,0,0,1.0,gamma,naive_km,3,MONOCT std alone,counterfactual,164,0.1325645381152747,1.169586349878993,-0.2073460810940429
legacy_reused_holdout,1,bestCI,0,0,1.0,gamma,naive_km,3,POLYCT alone,counterfactual,345,0.1771843076281208,1.3797801000640102,0.6185555234322655
legacy_reused_holdout,1,bestCI,0,0,1.0,gamma,naive_km,4,ET+ANTI-CDK wo CT,factual,11,0.1124093335829844,0.9393502000235006,-0.4452179054223079
legacy_reused_holdout,1,bestCI,0,0,1.0,gamma,naive_km,4,MONOCT std alone,factual,117,0.1682021000661651,1.369680122648281,0.2315174384692001
legacy_reused_holdout,1,bestCI,0,0,1.0,gamma,naive_km,4,POLYCT alone,factual,65,0.1490129390091922,1.3196554296656429,-0.2175021331899062
legacy_reused_holdout,1,bestCI,0,0,1.0,gamma,naive_km,4,ET+ANTI-CDK wo CT,counterfactual,187,0.2471094545109094,2.0231872540140947,1.7113442161163042
legacy_reused_holdout,1,bestCI,0,0,1.0,gamma,naive_km,4,MONOCT std alone,counterfactual,81,0.1508024999923206,1.347616323919545,0.1982666005412235
legacy_reused_holdout,1,bestCI,0,0,1.0,gamma,naive_km,4,POLYCT alone,counterfactual,133,0.1934156004899163,1.617877281622505,0.214207586009084
legacy_reused_holdout,1,bestCI,0,0,1.0,gamma,naive_km,all,ET alone,factual,422,0.1626812916103385,2.3125716104930767,0.5474890504381686
legacy_reused_holdout,1,bestCI,0,0,1.0,gamma,naive_km,all,ET+ANTI-CDK wo CT,factual,1848,0.1233723009743289,1.6788949526334986,0.3201682139704349
legacy_reused_holdout,1,bestCI,0,0,1.0,gamma,naive_km,all,MONOCT std alone,factual,799,0.1416038587514953,1.5596516228036317,0.2539067725806
legacy_reused_holdout,1,bestCI,0,0,1.0,gamma,naive_km,all,POLYCT alone,factual,379,0.1379467698604876,1.5755239144144009,0.3083388519050152
legacy_reused_holdout,1,bestCI,0,0,1.0,gamma,naive_km,all,ET alone,counterfactual,2833,0.1591001632073907,2.177032046796376,0.1906302635921346
legacy_reused_holdout,1,bestCI,0,0,1.0,gamma,naive_km,all,ET+ANTI-CDK wo CT,counterfactual,1605,0.2167662011457458,2.431953043703738,2.0111590761589926
legacy_reused_holdout,1,bestCI,0,0,1.0,gamma,naive_km,all,MONOCT std alone,counterfactual,2654,0.1248150173529111,1.9642789705876775,-1.0444490828085735
legacy_reused_holdout,1,bestCI,0,0,1.0,gamma,naive_km,all,POLYCT alone,counterfactual,3074,0.1496533654415789,1.9113787854367343,0.4735096132468381
legacy_reused_holdout,1,bestCI,1,1,1.0,gamma,dynasurv,1,ET alone,factual,298,0.1157836703493225,1.790408071176078,0.9752104054230256
legacy_reused_holdout,1,bestCI,1,1,1.0,gamma,dynasurv,1,ET+ANTI-CDK wo CT,factual,1423,0.1029240878201846,1.551994626020982,1.3254683266596776
legacy_reused_holdout,1,bestCI,1,1,1.0,gamma,dynasurv,1,MONOCT std alone,factual,137,0.114245813001492,1.8701044194923513,0.7798170276448152
legacy_reused_holdout,1,bestCI,1,1,1.0,gamma,dynasurv,1,POLYCT alone,factual,119,0.1182367938572384,1.7536283385127711,-0.7968348924861897
legacy_reused_holdout,1,bestCI,1,1,1.0,gamma,dynasurv,1,ET alone,counterfactual,1679,0.1031340522064588,1.546198900538308,0.9114297302779348
legacy_reused_holdout,1,bestCI,1,1,1.0,gamma,dynasurv,1,ET+ANTI-CDK wo CT,counterfactual,554,0.1366232993770909,2.229696109795281,1.7509459181287788
legacy_reused_holdout,1,bestCI,1,1,1.0,gamma,dynasurv,1,MONOCT std alone,counterfactual,1840,0.0847907429373539,1.260909265114344,0.4458168181763043
legacy_reused_holdout,1,bestCI,1,1,1.0,gamma,dynasurv,1,POLYCT alone,counterfactual,1858,0.124935341377458,1.9251119779017167,-0.9629847470467814
legacy_reused_holdout,1,bestCI,1,1,1.0,gamma,dynasurv,2,ET alone,factual,127,0.1130439625025233,1.3702549978659546,-0.2321192220378489
legacy_reused_holdout,1,bestCI,1,1,1.0,gamma,dynasurv,2,ET+ANTI-CDK wo CT,factual,354,0.1009640466917169,1.1433272888820258,0.554750390129691
legacy_reused_holdout,1,bestCI,1,1,1.0,gamma,dynasurv,2,MONOCT std alone,factual,273,0.1188784167181537,1.4705745414389622,0.0067173566507599
legacy_reused_holdout,1,bestCI,1,1,1.0,gamma,dynasurv,2,POLYCT alone,factual,86,0.1241369198331368,1.493078336642318,-0.4352536678529625
legacy_reused_holdout,1,bestCI,1,1,1.0,gamma,dynasurv,2,ET alone,counterfactual,713,0.1262691163449769,1.4960073525788515,-0.0613223056917445
legacy_reused_holdout,1,bestCI,1,1,1.0,gamma,dynasurv,2,ET+ANTI-CDK wo CT,counterfactual,486,0.1474716182813418,1.7539257815461873,1.0983861143850278
legacy_reused_holdout,1,bestCI,1,1,1.0,gamma,dynasurv,2,MONOCT std alone,counterfactual,567,0.0992812465588113,1.201788695917901,-0.1263990230962989
legacy_reused_holdout,1,bestCI,1,1,1.0,gamma,dynasurv,2,POLYCT alone,counterfactual,754,0.1203956319362261,1.469954703593142,-0.4106003050074128
legacy_reused_holdout,1,bestCI,1,1,1.0,gamma,dynasurv,3,ET alone,factual,26,0.1053956159088739,0.8117936505204598,-0.6497652979108326
legacy_reused_holdout,1,bestCI,1,1,1.0,gamma,dynasurv,3,ET+ANTI-CDK wo CT,factual,48,0.0770593240957995,0.576923606551463,-0.27166863492206
legacy_reused_holdout,1,bestCI,1,1,1.0,gamma,dynasurv,3,MONOCT std alone,factual,261,0.1151917766415657,0.9944699394422404,-0.4771426288009488
legacy_reused_holdout,1,bestCI,1,1,1.0,gamma,dynasurv,3,POLYCT alone,factual,103,0.1143795418996028,0.9663592462339904,-0.626132628253116
legacy_reused_holdout,1,bestCI,1,1,1.0,gamma,dynasurv,3,ET alone,counterfactual,412,0.130180327244126,1.0538014217200269,-0.4373841978941712
legacy_reused_holdout,1,bestCI,1,1,1.0,gamma,dynasurv,3,ET+ANTI-CDK wo CT,counterfactual,390,0.1133953879920736,0.938236633750711,-0.0961103844390329
legacy_reused_holdout,1,bestCI,1,1,1.0,gamma,dynasurv,3,MONOCT std alone,counterfactual,177,0.1049849707647935,0.8795768747723831,-0.4680955185079553
legacy_reused_holdout,1,bestCI,1,1,1.0,gamma,dynasurv,3,POLYCT alone,counterfactual,335,0.1318964452462956,1.1275806391739445,-0.540551587724905
legacy_reused_holdout,1,bestCI,1,1,1.0,gamma,dynasurv,4,MONOCT std alone,factual,113,0.148417046516031,1.2702460039325978,-0.6663835091115022
legacy_reused_holdout,1,bestCI,1,1,1.0,gamma,dynasurv,4,POLYCT alone,factual,76,0.1451860539494701,1.195813865867377,-0.8532751604050453
legacy_reused_holdout,1,bestCI,1,1,1.0,gamma,dynasurv,4,MONOCT std alone,counterfactual,85,0.1450482684030209,1.23237793336679,-0.7426392144617769
legacy_reused_holdout,1,bestCI,1,1,1.0,gamma,dynasurv,4,POLYCT alone,counterfactual,122,0.1552769087969158,1.3009808501422515,-0.6368918829203822
legacy_reused_holdout,1,bestCI,1,1,1.0,gamma,dynasurv,all,ET alone,factual,451,0.114441524186368,1.6156776604278924,0.5415513566997187
legacy_reused_holdout,1,bestCI,1,1,1.0,gamma,dynasurv,all,ET+ANTI-CDK wo CT,factual,1825,0.1019480841738685,1.4470786554556525,1.133963272584314
legacy_reused_holdout,1,bestCI,1,1,1.0,gamma,dynasurv,all,MONOCT std alone,factual,784,0.1216309435126566,1.353017357043491,-0.1162841728235335
legacy_reused_holdout,1,bestCI,1,1,1.0,gamma,dynasurv,all,POLYCT alone,factual,384,0.124356572010243,1.3737066807351062,-0.6812389076616295
legacy_reused_holdout,1,bestCI,1,1,1.0,gamma,dynasurv,all,ET alone,counterfactual,2804,0.1136369161405883,1.4610867981958595,0.465893517705435
legacy_reused_holdout,1,bestCI,1,1,1.0,gamma,dynasurv,all,ET+ANTI-CDK wo CT,counterfactual,1430,0.1346459024540351,1.7157845187558114,1.0254242239882827
legacy_reused_holdout,1,bestCI,1,1,1.0,gamma,dynasurv,all,MONOCT std alone,counterfactual,2669,0.0919311010166786,1.2221522928312971,0.2257989731523564
legacy_reused_holdout,1,bestCI,1,1,1.0,gamma,dynasurv,all,POLYCT alone,counterfactual,3069,0.1259696217625042,1.701421661548141,-0.7681993749079957
legacy_reused_holdout,1,bestCI,1,1,1.0,gamma,oracle,1,ET alone,factual,298,0.0,8.647224380771935e-06,-8.471896833594912e-06
legacy_reused_holdout,1,bestCI,1,1,1.0,gamma,oracle,1,ET+ANTI-CDK wo CT,factual,1423,0.0,6.9163312734731395e-06,-6.859065709453805e-06
legacy_reused_holdout,1,bestCI,1,1,1.0,gamma,oracle,1,MONOCT std alone,factual,137,0.0,1.032289595424121e-05,-1.032289595424121e-05
legacy_reused_holdout,1,bestCI,1,1,1.0,gamma,oracle,1,POLYCT alone,factual,119,0.0,8.523628945124983e-06,-8.523628945124983e-06
legacy_reused_holdout,1,bestCI,1,1,1.0,gamma,oracle,1,ET alone,counterfactual,1679,0.0,7.882286997693878e-06,-7.748136158222143e-06
legacy_reused_holdout,1,bestCI,1,1,1.0,gamma,oracle,1,ET+ANTI-CDK wo CT,counterfactual,554,0.0,8.604609560616085e-06,-8.49519332603234e-06
legacy_reused_holdout,1,bestCI,1,1,1.0,gamma,oracle,1,MONOCT std alone,counterfactual,1840,0.0,8.798910697432159e-06,-8.789666040670311e-06
legacy_reused_holdout,1,bestCI,1,1,1.0,gamma,oracle,1,POLYCT alone,counterfactual,1858,0.0,8.142501997357451e-06,-8.021592775402762e-06
legacy_reused_holdout,1,bestCI,1,1,1.0,gamma,oracle,2,ET alone,factual,127,0.0,1.398138597197547e-05,-1.3497113238103606e-05
legacy_reused_holdout,1,bestCI,1,1,1.0,gamma,oracle,2,ET+ANTI-CDK wo CT,factual,354,0.0,1.1756963345621658e-05,-1.1579365331044554e-05
legacy_reused_holdout,1,bestCI,1,1,1.0,gamma,oracle,2,MONOCT std alone,factual,273,0.0,1.469587873904069e-05,-1.4203874173561147e-05
legacy_reused_holdout,1,bestCI,1,1,1.0,gamma,oracle,2,POLYCT alone,factual,86,0.0,1.427884696761942e-05,-1.3834241193530946e-05
legacy_reused_holdout,1,bestCI,1,1,1.0,gamma,oracle,2,ET alone,counterfactual,713,0.0,1.3111092260496857e-05,-1.2083006279560284e-05
legacy_reused_holdout,1,bestCI,1,1,1.0,gamma,oracle,2,ET+ANTI-CDK wo CT,counterfactual,486,0.0,1.3486328258634177e-05,-1.1848883565974105e-05
legacy_reused_holdout,1,bestCI,1,1,1.0,gamma,oracle,2,MONOCT std alone,counterfactual,567,0.0,1.4774019126623248e-05,-1.4663177774739574e-05
legacy_reused_holdout,1,bestCI,1,1,1.0,gamma,oracle,2,POLYCT alone,counterfactual,754,0.0,1.4087825995052725e-05,-1.3065267051136577e-05
legacy_reused_holdout,1,bestCI,1,1,1.0,gamma,oracle,3,ET alone,factual,26,0.0,1.3923458952424229e-05,-1.3923458952424229e-05
legacy_reused_holdout,1,bestCI,1,1,1.0,gamma,oracle,3,ET+ANTI-CDK wo CT,factual,48,0.0,1.0503352020407863e-05,-1.0503352020407863e-05
legacy_reused_holdout,1,bestCI,1,1,1.0,gamma,oracle,3,MONOCT std alone,factual,261,0.0,1.857034416714476e-05,-1.7898323061633015e-05
legacy_reused_holdout,1,bestCI,1,1,1.0,gamma,oracle,3,POLYCT alone,factual,103,0.0,1.7124227069292142e-05,-1.647165648807382e-05
legacy_reused_holdout,1,bestCI,1,1,1.0,gamma,oracle,3,ET alone,counterfactual,412,0.0,1.674434257755805e-05,-1.5028394761581025e-05
legacy_reused_holdout,1,bestCI,1,1,1.0,gamma,oracle,3,ET+ANTI-CDK wo CT,counterfactual,390,0.0,1.645255120432847e-05,-1.502919124555218e-05
legacy_reused_holdout,1,bestCI,1,1,1.0,gamma,oracle,3,MONOCT std alone,counterfactual,177,0.0,1.772673436909763e-05,-1.7228645124250334e-05
legacy_reused_holdout,1,bestCI,1,1,1.0,gamma,oracle,3,POLYCT alone,counterfactual,335,0.0,1.6839155092514124e-05,-1.5629004577484583e-05
legacy_reused_holdout,1,bestCI,1,1,1.0,gamma,oracle,4,MONOCT std alone,factual,113,0.0,1.8965423052723223e-05,-1.4781633610822702e-05
legacy_reused_holdout,1,bestCI,1,1,1.0,gamma,oracle,4,POLYCT alone,factual,76,0.0,1.7968913351455656e-05,-1.5817466374123373e-05
legacy_reused_holdout,1,bestCI,1,1,1.0,gamma,oracle,4,MONOCT std alone,counterfactual,85,0.0,1.82730478184342e-05,-1.743143426533197e-05
legacy_reused_holdout,1,bestCI,1,1,1.0,gamma,oracle,4,POLYCT alone,counterfactual,122,0.0,2.0371300727253567e-05,-1.3550563231726892e-05
legacy_reused_holdout,1,bestCI,1,1,1.0,gamma,oracle,all,ET alone,factual,451,0.0,1.0453478529210536e-05,-1.0201260688278208e-05
legacy_reused_holdout,1,bestCI,1,1,1.0,gamma,oracle,all,ET+ANTI-CDK wo CT,factual,1825,0.0,7.949624834784615e-06,-7.870524234916227e-06
legacy_reused_holdout,1,bestCI,1,1,1.0,gamma,oracle,all,MONOCT std alone,factual,784,0.0,1.583694422713222e-05,-1.4838879224773496e-05
legacy_reused_holdout,1,bestCI,1,1,1.0,gamma,oracle,all,POLYCT alone,factual,384,0.0,1.3988868454512663e-05,-1.328844960890238e-05
legacy_reused_holdout,1,bestCI,1,1,1.0,gamma,oracle,all,ET alone,counterfactual,2804,0.0,1.0513993506710483e-05,-9.920115095846236e-06
legacy_reused_holdout,1,bestCI,1,1,1.0,gamma,oracle,all,ET+ANTI-CDK wo CT,counterfactual,1430,0.0,1.240405888109484e-05,-1.1416978392622852e-05
legacy_reused_holdout,1,bestCI,1,1,1.0,gamma,oracle,all,MONOCT std alone,counterfactual,2669,0.0,1.0962047799163634e-05,-1.0872292773569216e-05
legacy_reused_holdout,1,bestCI,1,1,1.0,gamma,oracle,all,POLYCT alone,counterfactual,3069,0.0,1.1038581021856328e-05,-1.0310920814917994e-05
legacy_reused_holdout,1,bestCI,1,1,1.0,gamma,naive_km,1,ET alone,factual,298,0.145129516881048,2.3705348532100317,0.4136535842575582
legacy_reused_holdout,1,bestCI,1,1,1.0,gamma,naive_km,1,ET+ANTI-CDK wo CT,factual,1423,0.1126765272048878,1.7004356093283377,0.1545895559183376
legacy_reused_holdout,1,bestCI,1,1,1.0,gamma,naive_km,1,MONOCT std alone,factual,137,0.1181158528084348,2.0114957559095386,-0.0219234097179539
legacy_reused_holdout,1,bestCI,1,1,1.0,gamma,naive_km,1,POLYCT alone,factual,119,0.1081183793056917,1.7915058235741563,-0.3538881242430533
legacy_reused_holdout,1,bestCI,1,1,1.0,gamma,naive_km,1,ET alone,counterfactual,1679,0.1365903287230126,2.286307712016954,-0.2993059656383993
legacy_reused_holdout,1,bestCI,1,1,1.0,gamma,naive_km,1,ET+ANTI-CDK wo CT,counterfactual,554,0.1678827286255043,2.536129604325492,1.7735728249561673
legacy_reused_holdout,1,bestCI,1,1,1.0,gamma,naive_km,1,MONOCT std alone,counterfactual,1840,0.1271073006078155,2.406096789037845,-1.7805565579568332
legacy_reused_holdout,1,bestCI,1,1,1.0,gamma,naive_km,1,POLYCT alone,counterfactual,1858,0.130532128058943,2.109549185073597,-0.2188707291305495
legacy_reused_holdout,1,bestCI,1,1,1.0,gamma,naive_km,2,ET alone,factual,127,0.1565544726764013,2.0393995887763183,-0.0351532338755874
legacy_reused_holdout,1,bestCI,1,1,1.0,gamma,naive_km,2,ET+ANTI-CDK wo CT,factual,354,0.1511099333902534,1.706655664156584,0.7601182548440792
legacy_reused_holdout,1,bestCI,1,1,1.0,gamma,naive_km,2,MONOCT std alone,factual,273,0.1495169865054365,1.9369357397629323,0.3354396813898809
legacy_reused_holdout,1,bestCI,1,1,1.0,gamma,naive_km,2,POLYCT alone,factual,86,0.1516746475180564,1.8202030770284,0.433581849095797
legacy_reused_holdout,1,bestCI,1,1,1.0,gamma,naive_km,2,ET alone,counterfactual,713,0.1867165353475736,2.4388093033778415,0.3499488640446925
legacy_reused_holdout,1,bestCI,1,1,1.0,gamma,naive_km,2,ET+ANTI-CDK wo CT,counterfactual,486,0.2659479591673186,3.2395545489496347,2.9709427806416886
legacy_reused_holdout,1,bestCI,1,1,1.0,gamma,naive_km,2,MONOCT std alone,counterfactual,567,0.1498248418805083,2.0427765333774417,-1.1522953869190746
legacy_reused_holdout,1,bestCI,1,1,1.0,gamma,naive_km,2,POLYCT alone,counterfactual,754,0.1713976345551081,2.042213787657642,0.6469652108318772
legacy_reused_holdout,1,bestCI,1,1,1.0,gamma,naive_km,3,ET alone,factual,26,0.1461040111259236,1.3215872946437983,-0.7874217891581782
legacy_reused_holdout,1,bestCI,1,1,1.0,gamma,naive_km,3,ET+ANTI-CDK wo CT,factual,48,0.0870207397242762,0.6937097771183728,-0.1877249640417324
legacy_reused_holdout,1,bestCI,1,1,1.0,gamma,naive_km,3,MONOCT std alone,factual,261,0.1368954905846273,1.1411596386997942,0.2170007664393544
legacy_reused_holdout,1,bestCI,1,1,1.0,gamma,naive_km,3,POLYCT alone,factual,103,0.1403401104909087,1.0549217480639383,0.2888070750934361
legacy_reused_holdout,1,bestCI,1,1,1.0,gamma,naive_km,3,ET alone,counterfactual,412,0.1722822652401138,1.4346657247411445,0.3003491890688173
legacy_reused_holdout,1,bestCI,1,1,1.0,gamma,naive_km,3,ET+ANTI-CDK wo CT,counterfactual,390,0.2151377385327879,1.6399579399549609,1.4141312605692844
legacy_reused_holdout,1,bestCI,1,1,1.0,gamma,naive_km,3,MONOCT std alone,counterfactual,177,0.1340430330623683,1.1406901510862368,-0.2142051165121356
legacy_reused_holdout,1,bestCI,1,1,1.0,gamma,naive_km,3,POLYCT alone,counterfactual,335,0.1713322051081262,1.361928046955072,0.6403523881894139
legacy_reused_holdout,1,bestCI,1,1,1.0,gamma,naive_km,4,MONOCT std alone,factual,113,0.174706744498837,1.5354594722723356,0.1239257315367917
legacy_reused_holdout,1,bestCI,1,1,1.0,gamma,naive_km,4,POLYCT alone,factual,76,0.1647875062347432,1.384887403624097,0.1579950912832085
legacy_reused_holdout,1,bestCI,1,1,1.0,gamma,naive_km,4,MONOCT std alone,counterfactual,85,0.1482807855982666,1.3473812830182406,-0.0828324020202051
legacy_reused_holdout,1,bestCI,1,1,1.0,gamma,naive_km,4,POLYCT alone,counterfactual,122,0.1979512306070233,1.5293944545488647,0.7485207712760914
legacy_reused_holdout,1,bestCI,1,1,1.0,gamma,naive_km,all,ET alone,factual,451,0.1484908207249452,2.2168168596273183,0.2180295806839026
legacy_reused_holdout,1,bestCI,1,1,1.0,gamma,naive_km,all,ET+ANTI-CDK wo CT,factual,1825,0.1205312531904182,1.675163861088952,0.2630421928836138
legacy_reused_holdout,1,bestCI,1,1,1.0,gamma,naive_km,all,MONOCT std alone,factual,784,0.1444315692479349,1.6271785224264128,0.2030769561127637
legacy_reused_holdout,1,bestCI,1,1,1.0,gamma,naive_km,all,POLYCT alone,factual,384,0.1393988429401702,1.5198829175931874,0.0961721560142264
legacy_reused_holdout,1,bestCI,1,1,1.0,gamma,naive_km,all,ET alone,counterfactual,2804,0.1561974315663381,2.19995148372975,-0.0461046042605755
legacy_reused_holdout,1,bestCI,1,1,1.0,gamma,naive_km,all,ET+ANTI-CDK wo CT,counterfactual,1430,0.2181279095816855,2.530785250467329,2.082481627999719
legacy_reused_holdout,1,bestCI,1,1,1.0,gamma,naive_km,all,MONOCT std alone,counterfactual,2669,0.1334113288125732,2.2112783634520268,-1.4891459763274837
legacy_reused_holdout,1,bestCI,1,1,1.0,gamma,naive_km,all,POLYCT alone,counterfactual,3069,0.1493141939720034,1.988336135857125,0.1260956462632163
legacy_reused_holdout,1,bestCI,2,2,1.0,gamma,dynasurv,1,ET alone,factual,312,0.1146838888055768,1.854322037912932,1.302363484900035
legacy_reused_holdout,1,bestCI,2,2,1.0,gamma,dynasurv,1,ET+ANTI-CDK wo CT,factual,1378,0.0843975676927817,1.3228280191193251,1.0269603818807431
legacy_reused_holdout,1,bestCI,2,2,1.0,gamma,dynasurv,1,MONOCT std alone,factual,142,0.1065700423147713,1.6310473189824737,0.757609194607881
legacy_reused_holdout,1,bestCI,2,2,1.0,gamma,dynasurv,1,POLYCT alone,factual,145,0.1005400343418854,1.5375923229453814,0.4237202072471143
legacy_reused_holdout,1,bestCI,2,2,1.0,gamma,dynasurv,1,ET alone,counterfactual,1665,0.0985383817298467,1.582072034630702,1.1709187637626912
legacy_reused_holdout,1,bestCI,2,2,1.0,gamma,dynasurv,1,ET+ANTI-CDK wo CT,counterfactual,599,0.1135538285569293,1.7666022270333488,1.2451986680920115
legacy_reused_holdout,1,bestCI,2,2,1.0,gamma,dynasurv,1,MONOCT std alone,counterfactual,1835,0.0808777463541652,1.208474394821497,0.4806047341682506
legacy_reused_holdout,1,bestCI,2,2,1.0,gamma,dynasurv,1,POLYCT alone,counterfactual,1832,0.1026097381530282,1.5084696798800858,0.3446089248752013
legacy_reused_holdout,1,bestCI,2,2,1.0,gamma,dynasurv,2,ET alone,factual,115,0.1342638215661816,1.6475698061413275,0.8900608665106903
legacy_reused_holdout,1,bestCI,2,2,1.0,gamma,dynasurv,2,ET+ANTI-CDK wo CT,factual,379,0.1142244576822058,1.233549230972809,0.8291793837332654
legacy_reused_holdout,1,bestCI,2,2,1.0,gamma,dynasurv,2,MONOCT std alone,factual,273,0.1293171751861364,1.6005941999432294,0.6626727988261438
legacy_reused_holdout,1,bestCI,2,2,1.0,gamma,dynasurv,2,POLYCT alone,factual,73,0.1132477864460163,1.4406863478759626,-0.3136926603434522
legacy_reused_holdout,1,bestCI,2,2,1.0,gamma,dynasurv,2,ET alone,counterfactual,725,0.1511242384688048,1.8126034740601853,1.268716740973159
legacy_reused_holdout,1,bestCI,2,2,1.0,gamma,dynasurv,2,ET+ANTI-CDK wo CT,counterfactual,461,0.1812007716328382,2.2632381431535173,1.8720842674787193
legacy_reused_holdout,1,bestCI,2,2,1.0,gamma,dynasurv,2,MONOCT std alone,counterfactual,567,0.1025399750940454,1.2591468209325565,-0.0272154586730832
legacy_reused_holdout,1,bestCI,2,2,1.0,gamma,dynasurv,2,POLYCT alone,counterfactual,767,0.133457912221153,1.5773765398987407,0.4601727791387097
legacy_reused_holdout,1,bestCI,2,2,1.0,gamma,dynasurv,3,ET alone,factual,23,0.1191802039377298,0.9171449382111356,-0.3840536271804322
legacy_reused_holdout,1,bestCI,2,2,1.0,gamma,dynasurv,3,ET+ANTI-CDK wo CT,factual,58,0.0762736823335476,0.58897881150762,-0.3031923385703779
legacy_reused_holdout,1,bestCI,2,2,1.0,gamma,dynasurv,3,MONOCT std alone,factual,254,0.1151896623342569,0.9736729387067264,-0.0457960204567951
legacy_reused_holdout,1,bestCI,2,2,1.0,gamma,dynasurv,3,POLYCT alone,factual,103,0.1156514873180334,0.9209055285731,-0.2512202152982508
legacy_reused_holdout,1,bestCI,2,2,1.0,gamma,dynasurv,3,ET alone,counterfactual,415,0.1392522456475275,1.109475323166481,0.4405584057090842
legacy_reused_holdout,1,bestCI,2,2,1.0,gamma,dynasurv,3,ET+ANTI-CDK wo CT,counterfactual,380,0.1355502936034182,1.0757978627065112,0.3815457174381572
legacy_reused_holdout,1,bestCI,2,2,1.0,gamma,dynasurv,3,MONOCT std alone,counterfactual,184,0.1186496913767304,0.9866482691086448,-0.3570633868316244
legacy_reused_holdout,1,bestCI,2,2,1.0,gamma,dynasurv,3,POLYCT alone,counterfactual,335,0.130347542235564,1.0745137322120155,-0.0084748972221402
legacy_reused_holdout,1,bestCI,2,2,1.0,gamma,dynasurv,4,ET alone,factual,5,0.0493165161306315,0.3220368179976617,-0.2839695998766863
legacy_reused_holdout,1,bestCI,2,2,1.0,gamma,dynasurv,4,MONOCT std alone,factual,114,0.1253699433781012,1.0643433933361015,-0.19821073159023
legacy_reused_holdout,1,bestCI,2,2,1.0,gamma,dynasurv,4,POLYCT alone,factual,75,0.140295751999069,1.1602808708159145,-0.4118395526761197
legacy_reused_holdout,1,bestCI,2,2,1.0,gamma,dynasurv,4,ET alone,counterfactual,193,0.1484108776037722,1.1124546526581107,0.2551300607104113
legacy_reused_holdout,1,bestCI,2,2,1.0,gamma,dynasurv,4,MONOCT std alone,counterfactual,84,0.1287731530009993,1.063333817478629,-0.0694921919174567
legacy_reused_holdout,1,bestCI,2,2,1.0,gamma,dynasurv,4,POLYCT alone,counterfactual,123,0.1418396433465956,1.1850850247237772,-0.2407989841853002
legacy_reused_holdout,1,bestCI,2,2,1.0,gamma,dynasurv,all,ET alone,factual,455,0.119665071052314,1.7378538927558946,1.0954754406879272
legacy_reused_holdout,1,bestCI,2,2,1.0,gamma,dynasurv,all,ET+ANTI-CDK wo CT,factual,1815,0.0912048171164665,1.280734402177723,0.9431544005672118
legacy_reused_holdout,1,bestCI,2,2,1.0,gamma,dynasurv,all,MONOCT std alone,factual,783,0.1203450089106879,1.3246730640508773,0.3247279273519083
legacy_reused_holdout,1,bestCI,2,2,1.0,gamma,dynasurv,all,POLYCT alone,factual,396,0.1152051590034484,1.2878669822632538,-0.0460196534865385
legacy_reused_holdout,1,bestCI,2,2,1.0,gamma,dynasurv,all,ET alone,counterfactual,2998,0.12254676918174,1.542169267321834,1.0345134152624418
legacy_reused_holdout,1,bestCI,2,2,1.0,gamma,dynasurv,all,ET+ANTI-CDK wo CT,counterfactual,1440,0.1439574798977272,1.7432991012605703,1.2179807098064612
legacy_reused_holdout,1,bestCI,2,2,1.0,gamma,dynasurv,all,MONOCT std alone,counterfactual,2670,0.0906655565680978,1.1993820539889148,0.2977309044318414
legacy_reused_holdout,1,bestCI,2,2,1.0,gamma,dynasurv,all,POLYCT alone,counterfactual,3057,0.1159733851755706,1.4651919587748448,0.3113571168945209
legacy_reused_holdout,1,bestCI,2,2,1.0,gamma,oracle,1,ET alone,factual,312,0.0,8.601021109586833e-06,-8.324146764808008e-06
legacy_reused_holdout,1,bestCI,2,2,1.0,gamma,oracle,1,ET+ANTI-CDK wo CT,factual,1378,0.0,6.935368357710045e-06,-6.90215948041836e-06
legacy_reused_holdout,1,bestCI,2,2,1.0,gamma,oracle,1,MONOCT std alone,factual,142,0.0,9.969533309317805e-06,-9.842538943996754e-06
legacy_reused_holdout,1,bestCI,2,2,1.0,gamma,oracle,1,POLYCT alone,factual,145,0.0,8.415172678988663e-06,-8.365949669210153e-06
legacy_reused_holdout,1,bestCI,2,2,1.0,gamma,oracle,1,ET alone,counterfactual,1665,0.0,7.951675417850445e-06,-7.777482869969504e-06
legacy_reused_holdout,1,bestCI,2,2,1.0,gamma,oracle,1,ET+ANTI-CDK wo CT,counterfactual,599,0.0,8.554903795400306e-06,-8.314156140723417e-06
legacy_reused_holdout,1,bestCI,2,2,1.0,gamma,oracle,1,MONOCT std alone,counterfactual,1835,0.0,8.851771972329205e-06,-8.837096135721715e-06
legacy_reused_holdout,1,bestCI,2,2,1.0,gamma,oracle,1,POLYCT alone,counterfactual,1832,0.0,8.21939235676958e-06,-8.052838286948856e-06
legacy_reused_holdout,1,bestCI,2,2,1.0,gamma,oracle,2,ET alone,factual,115,0.0,1.3269053897409052e-05,-1.2822311235422714e-05
legacy_reused_holdout,1,bestCI,2,2,1.0,gamma,oracle,2,ET+ANTI-CDK wo CT,factual,379,0.0,1.194621537251768e-05,-1.1677199541556423e-05
legacy_reused_holdout,1,bestCI,2,2,1.0,gamma,oracle,2,MONOCT std alone,factual,273,0.0,1.4731939281011964e-05,-1.3863766009664529e-05
legacy_reused_holdout,1,bestCI,2,2,1.0,gamma,oracle,2,POLYCT alone,factual,73,0.0,1.4538955184832307e-05,-1.4538955184832307e-05
legacy_reused_holdout,1,bestCI,2,2,1.0,gamma,oracle,2,ET alone,counterfactual,725,0.0,1.3448382197781513e-05,-1.2207071429327144e-05
legacy_reused_holdout,1,bestCI,2,2,1.0,gamma,oracle,2,ET+ANTI-CDK wo CT,counterfactual,461,0.0,1.3625208218317251e-05,-1.179995526299052e-05
legacy_reused_holdout,1,bestCI,2,2,1.0,gamma,oracle,2,MONOCT std alone,counterfactual,567,0.0,1.4862045835989194e-05,-1.4712786327379075e-05
legacy_reused_holdout,1,bestCI,2,2,1.0,gamma,oracle,2,POLYCT alone,counterfactual,767,0.0,1.409044989664152e-05,-1.2938384520049804e-05
legacy_reused_holdout,1,bestCI,2,2,1.0,gamma,oracle,3,ET alone,factual,23,0.0,1.4599182356549347e-05,-1.4599182356549347e-05
legacy_reused_holdout,1,bestCI,2,2,1.0,gamma,oracle,3,ET+ANTI-CDK wo CT,factual,58,0.0,1.2541411380288084e-05,-1.2541411380288084e-05
legacy_reused_holdout,1,bestCI,2,2,1.0,gamma,oracle,3,MONOCT std alone,factual,254,0.0,1.8540281948350892e-05,-1.7971477381648912e-05
legacy_reused_holdout,1,bestCI,2,2,1.0,gamma,oracle,3,POLYCT alone,factual,103,0.0,1.7085836221915084e-05,-1.697438271255498e-05
legacy_reused_holdout,1,bestCI,2,2,1.0,gamma,oracle,3,ET alone,counterfactual,415,0.0,1.684755020637954e-05,-1.5129690401643958e-05
legacy_reused_holdout,1,bestCI,2,2,1.0,gamma,oracle,3,ET+ANTI-CDK wo CT,counterfactual,380,0.0,1.6501979639574485e-05,-1.51269462440455e-05
legacy_reused_holdout,1,bestCI,2,2,1.0,gamma,oracle,3,MONOCT std alone,counterfactual,184,0.0,1.8112860120641457e-05,-1.768352690081547e-05
legacy_reused_holdout,1,bestCI,2,2,1.0,gamma,oracle,3,POLYCT alone,counterfactual,335,0.0,1.726782584619002e-05,-1.5914217829993305e-05
legacy_reused_holdout,1,bestCI,2,2,1.0,gamma,oracle,4,ET alone,factual,5,0.0,1.379089271260625e-05,-1.379089271260625e-05
legacy_reused_holdout,1,bestCI,2,2,1.0,gamma,oracle,4,MONOCT std alone,factual,114,0.0,1.87967447938594e-05,-1.6424688258058023e-05
legacy_reused_holdout,1,bestCI,2,2,1.0,gamma,oracle,4,POLYCT alone,factual,75,0.0,1.7233787701401345e-05,-1.5197147758332364e-05
legacy_reused_holdout,1,bestCI,2,2,1.0,gamma,oracle,4,ET alone,counterfactual,193,0.0,1.773041475768723e-05,-1.3575805714318504e-05
legacy_reused_holdout,1,bestCI,2,2,1.0,gamma,oracle,4,MONOCT std alone,counterfactual,84,0.0,1.788837266566053e-05,-1.6610213428585886e-05
legacy_reused_holdout,1,bestCI,2,2,1.0,gamma,oracle,4,POLYCT alone,counterfactual,123,0.0,1.9282615959309172e-05,-1.4404055738244572e-05
legacy_reused_holdout,1,bestCI,2,2,1.0,gamma,oracle,all,ET alone,factual,455,0.0,1.0141088883861095e-05,-9.838319209796431e-06
legacy_reused_holdout,1,bestCI,2,2,1.0,gamma,oracle,all,ET+ANTI-CDK wo CT,factual,1815,0.0,8.160856795132424e-06,-8.079469008442475e-06
legacy_reused_holdout,1,bestCI,2,2,1.0,gamma,oracle,all,MONOCT std alone,factual,783,0.0,1.5695470849323745e-05,-1.4839870200566277e-05
legacy_reused_holdout,1,bestCI,2,2,1.0,gamma,oracle,all,POLYCT alone,factual,396,0.0,1.34694923621426e-05,-1.3036752353021012e-05
legacy_reused_holdout,1,bestCI,2,2,1.0,gamma,oracle,all,ET alone,counterfactual,2998,0.0,1.1141867927949878e-05,-1.0239689054138464e-05
legacy_reused_holdout,1,bestCI,2,2,1.0,gamma,oracle,all,ET+ANTI-CDK wo CT,counterfactual,1440,0.0,1.2275250434116207e-05,-1.1227915609214757e-05
legacy_reused_holdout,1,bestCI,2,2,1.0,gamma,oracle,all,MONOCT std alone,counterfactual,2670,0.0,1.105062588926722e-05,-1.0939044245102826e-05
legacy_reused_holdout,1,bestCI,2,2,1.0,gamma,oracle,all,POLYCT alone,counterfactual,3057,0.0,1.1129141409811776e-05,-1.0395650146359288e-05
legacy_reused_holdout,1,bestCI,2,2,1.0,gamma,naive_km,1,ET alone,factual,312,0.1599713018907405,2.5028614759991936,0.815114463554666
legacy_reused_holdout,1,bestCI,2,2,1.0,gamma,naive_km,1,ET+ANTI-CDK wo CT,factual,1378,0.1081042700576281,1.6851624817993662,0.0974909788047609
legacy_reused_holdout,1,bestCI,2,2,1.0,gamma,naive_km,1,MONOCT std alone,factual,142,0.1196450219987142,1.9921511233956064,-0.0880383913388358
legacy_reused_holdout,1,bestCI,2,2,1.0,gamma,naive_km,1,POLYCT alone,factual,145,0.1229668412021448,1.8420231660869957,0.2649165603681698
legacy_reused_holdout,1,bestCI,2,2,1.0,gamma,naive_km,1,ET alone,counterfactual,1665,0.1324321725921765,2.204109783512472,-0.2311783131253635
legacy_reused_holdout,1,bestCI,2,2,1.0,gamma,naive_km,1,ET+ANTI-CDK wo CT,counterfactual,599,0.1708796353146861,2.5308222655293617,1.77587407988465
legacy_reused_holdout,1,bestCI,2,2,1.0,gamma,naive_km,1,MONOCT std alone,counterfactual,1835,0.1193216537083557,2.147498146392394,-1.3906836740057955
legacy_reused_holdout,1,bestCI,2,2,1.0,gamma,naive_km,1,POLYCT alone,counterfactual,1832,0.1284162420566441,1.979612321416249,0.1876303666618036
legacy_reused_holdout,1,bestCI,2,2,1.0,gamma,naive_km,2,ET alone,factual,115,0.1733901126923968,2.2780238757977407,0.5844694797215184
legacy_reused_holdout,1,bestCI,2,2,1.0,gamma,naive_km,2,ET+ANTI-CDK wo CT,factual,379,0.1456813720842387,1.5873476298264797,0.702332000455301
legacy_reused_holdout,1,bestCI,2,2,1.0,gamma,naive_km,2,MONOCT std alone,factual,273,0.1567391711784748,1.9570646467233437,0.754945750494648
legacy_reused_holdout,1,bestCI,2,2,1.0,gamma,naive_km,2,POLYCT alone,factual,73,0.1270593900221446,1.557011709533324,-0.3918698543332358
legacy_reused_holdout,1,bestCI,2,2,1.0,gamma,naive_km,2,ET alone,counterfactual,725,0.1898722791575015,2.353643916381795,0.859879866313146
legacy_reused_holdout,1,bestCI,2,2,1.0,gamma,naive_km,2,ET+ANTI-CDK wo CT,counterfactual,461,0.2733038415639712,3.44802890082875,3.169667838990656
legacy_reused_holdout,1,bestCI,2,2,1.0,gamma,naive_km,2,MONOCT std alone,counterfactual,567,0.1412566178089566,1.9332411763259063,-1.0094248530514087
legacy_reused_holdout,1,bestCI,2,2,1.0,gamma,naive_km,2,POLYCT alone,counterfactual,767,0.171782312016219,2.084531856817271,0.3481929086912925
legacy_reused_holdout,1,bestCI,2,2,1.0,gamma,naive_km,3,ET alone,factual,23,0.1256001694095257,0.9531464711329454,0.10892466193842
legacy_reused_holdout,1,bestCI,2,2,1.0,gamma,naive_km,3,ET+ANTI-CDK wo CT,factual,58,0.1053331581732025,0.8555684124742516,-0.013284772672374
legacy_reused_holdout,1,bestCI,2,2,1.0,gamma,naive_km,3,MONOCT std alone,factual,254,0.1518395180786858,1.316220830217164,0.256338939175606
legacy_reused_holdout,1,bestCI,2,2,1.0,gamma,naive_km,3,POLYCT alone,factual,103,0.1378222217097725,1.1266120961810462,0.0771618946967004
legacy_reused_holdout,1,bestCI,2,2,1.0,gamma,naive_km,3,ET alone,counterfactual,415,0.212284476700176,1.6930998368596466,1.2467218470785988
legacy_reused_holdout,1,bestCI,2,2,1.0,gamma,naive_km,3,ET+ANTI-CDK wo CT,counterfactual,380,0.2218622414808173,1.6977300102923687,1.3865985014272502
legacy_reused_holdout,1,bestCI,2,2,1.0,gamma,naive_km,3,MONOCT std alone,counterfactual,184,0.1405049108865968,1.225999490092094,-0.3463580684288782
legacy_reused_holdout,1,bestCI,2,2,1.0,gamma,naive_km,3,POLYCT alone,counterfactual,335,0.1795474257571487,1.4509754668336303,0.6224045387756076
legacy_reused_holdout,1,bestCI,2,2,1.0,gamma,naive_km,4,ET alone,factual,5,0.1447715612326008,1.3028808085168917,-0.8661742568578485
legacy_reused_holdout,1,bestCI,2,2,1.0,gamma,naive_km,4,MONOCT std alone,factual,114,0.1558623018561654,1.3146452137412905,0.1826455883995934
legacy_reused_holdout,1,bestCI,2,2,1.0,gamma,naive_km,4,POLYCT alone,factual,75,0.1668552811696189,1.346101332353326,0.1013163870246525
legacy_reused_holdout,1,bestCI,2,2,1.0,gamma,naive_km,4,ET alone,counterfactual,193,0.2014757792141231,1.6844527782793846,0.8403899431533745
legacy_reused_holdout,1,bestCI,2,2,1.0,gamma,naive_km,4,MONOCT std alone,counterfactual,84,0.1545476997015785,1.3361381216056,0.020653549486142
legacy_reused_holdout,1,bestCI,2,2,1.0,gamma,naive_km,4,POLYCT alone,counterfactual,123,0.185913181498129,1.4767183904430348,0.631072799863666
legacy_reused_holdout,1,bestCI,2,2,1.0,gamma,naive_km,all,ET alone,factual,455,0.1617849502424906,2.3545105474882,0.7026463708512631
legacy_reused_holdout,1,bestCI,2,2,1.0,gamma,naive_km,all,ET+ANTI-CDK wo CT,factual,1815,0.1168717543085423,1.6382267876293497,0.2202511736366511
legacy_reused_holdout,1,bestCI,2,2,1.0,gamma,naive_km,all,MONOCT std alone,factual,783,0.1489211793671769,1.6620099020680914,0.356999266849402
legacy_reused_holdout,1,bestCI,2,2,1.0,gamma,naive_km,all,POLYCT alone,factual,396,0.1368436916182412,1.5094794437164,0.0640222375446148
legacy_reused_holdout,1,bestCI,2,2,1.0,gamma,naive_km,all,ET alone,counterfactual,2998,0.1652567514342654,2.1360808697230627,0.3062327676082456
legacy_reused_holdout,1,bestCI,2,2,1.0,gamma,naive_km,all,ET+ANTI-CDK wo CT,counterfactual,1440,0.2214688730755388,2.604611989059195,2.1193561653944117
legacy_reused_holdout,1,bestCI,2,2,1.0,gamma,naive_km,all,MONOCT std alone,counterfactual,2670,0.1270207389111009,2.012968671909606,-1.193349595473731
legacy_reused_holdout,1,bestCI,2,2,1.0,gamma,naive_km,all,POLYCT alone,counterfactual,3057,0.1490295420168224,1.927771949763551,0.2934021156570837
legacy_reused_holdout,1,bestCI,0,0,1.5,gamma,dynasurv,1,ET alone,factual,263,0.1927829376762663,3.1941481970296657,3.1733683373364925
legacy_reused_holdout,1,bestCI,0,0,1.5,gamma,dynasurv,1,ET+ANTI-CDK wo CT,factual,1465,0.1317792228994717,2.073157908815583,2.045796418845619
legacy_reused_holdout,1,bestCI,0,0,1.5,gamma,dynasurv,1,MONOCT std alone,factual,124,0.1409926217801752,2.3170248072767,2.1054718827431445
legacy_reused_holdout,1,bestCI,0,0,1.5,gamma,dynasurv,1,POLYCT alone,factual,125,0.1439568745967205,2.2864961727711988,-0.8199697846060525
legacy_reused_holdout,1,bestCI,0,0,1.5,gamma,dynasurv,1,ET alone,counterfactual,1714,0.1468086654739515,2.3172150978727974,2.226300816215511
legacy_reused_holdout,1,bestCI,0,0,1.5,gamma,dynasurv,1,ET+ANTI-CDK wo CT,counterfactual,512,0.207267628089289,3.56520871576941,3.49265128009009
legacy_reused_holdout,1,bestCI,0,0,1.5,gamma,dynasurv,1,MONOCT std alone,counterfactual,1853,0.0930291165927066,1.359260247211466,0.6709127943308731
legacy_reused_holdout,1,bestCI,0,0,1.5,gamma,dynasurv,1,POLYCT alone,counterfactual,1852,0.2876903714052288,4.874775675570238,-4.57031357862407
legacy_reused_holdout,1,bestCI,0,0,1.5,gamma,dynasurv,2,ET alone,factual,119,0.1713519104012867,2.0176925155262637,1.8273211754826904
legacy_reused_holdout,1,bestCI,0,0,1.5,gamma,dynasurv,2,ET+ANTI-CDK wo CT,factual,360,0.1342788610203859,1.447269526041454,1.3647890251011228
legacy_reused_holdout,1,bestCI,0,0,1.5,gamma,dynasurv,2,MONOCT std alone,factual,284,0.1344566148878965,1.683258716987192,1.2156040298666309
legacy_reused_holdout,1,bestCI,0,0,1.5,gamma,dynasurv,2,POLYCT alone,factual,77,0.1218314253900245,1.4518181688485683,-0.0994130160022778
legacy_reused_holdout,1,bestCI,0,0,1.5,gamma,dynasurv,2,ET alone,counterfactual,721,0.1628037136731589,1.9033135946086748,1.7370481113893297
legacy_reused_holdout,1,bestCI,0,0,1.5,gamma,dynasurv,2,ET+ANTI-CDK wo CT,counterfactual,480,0.2323547089168277,3.0722300461179106,3.0407889951206073
legacy_reused_holdout,1,bestCI,0,0,1.5,gamma,dynasurv,2,MONOCT std alone,counterfactual,556,0.1096689711550752,1.2884020224031982,0.5898952276936656
legacy_reused_holdout,1,bestCI,0,0,1.5,gamma,dynasurv,2,POLYCT alone,counterfactual,763,0.1319100547156233,1.5510060366890182,-0.3174541560026209
legacy_reused_holdout,1,bestCI,0,0,1.5,gamma,dynasurv,3,ET alone,factual,15,0.0917912413133625,0.5645065860104651,0.1720725540068317
legacy_reused_holdout,1,bestCI,0,0,1.5,gamma,dynasurv,3,ET+ANTI-CDK wo CT,factual,61,0.0853154896506065,0.4348972497498925,0.1733169494592108
legacy_reused_holdout,1,bestCI,0,0,1.5,gamma,dynasurv,3,MONOCT std alone,factual,271,0.1189219892541998,0.9519539599729484,0.4015363675978193
legacy_reused_holdout,1,bestCI,0,0,1.5,gamma,dynasurv,3,POLYCT alone,factual,91,0.0796583513442727,0.6309340995680045,-0.0776708476652677
legacy_reused_holdout,1,bestCI,0,0,1.5,gamma,dynasurv,3,ET alone,counterfactual,423,0.1324514090476471,0.9909787628439144,0.5792919835742872
legacy_reused_holdout,1,bestCI,0,0,1.5,gamma,dynasurv,3,ET+ANTI-CDK wo CT,counterfactual,377,0.162075147036446,1.2521608776056758,1.1217373719609205
legacy_reused_holdout,1,bestCI,0,0,1.5,gamma,dynasurv,3,MONOCT std alone,counterfactual,167,0.0975071628153423,0.7299977649006036,0.1259588471624833
legacy_reused_holdout,1,bestCI,0,0,1.5,gamma,dynasurv,3,POLYCT alone,counterfactual,347,0.1264304365036768,0.9871382741389249,0.1748193717311335
legacy_reused_holdout,1,bestCI,0,0,1.5,gamma,dynasurv,4,MONOCT std alone,factual,120,0.1196434370689525,0.9472694977535984,0.1440586049984834
legacy_reused_holdout,1,bestCI,0,0,1.5,gamma,dynasurv,4,POLYCT alone,factual,64,0.0972161951941434,0.8238316267782206,-0.0663957452911265
legacy_reused_holdout,1,bestCI,0,0,1.5,gamma,dynasurv,4,MONOCT std alone,counterfactual,78,0.1041496227811267,0.883882246856526,0.2193885475477088
legacy_reused_holdout,1,bestCI,0,0,1.5,gamma,dynasurv,4,POLYCT alone,counterfactual,134,0.1335415145635256,1.1162864095530571,0.0890681223179741
legacy_reused_holdout,1,bestCI,0,0,1.5,gamma,dynasurv,all,ET alone,factual,397,0.183685087575474,2.742151093089633,2.656494158468615
legacy_reused_holdout,1,bestCI,0,0,1.5,gamma,dynasurv,all,ET+ANTI-CDK wo CT,factual,1886,0.1310208285307035,1.9007010063756604,1.85524291440204
legacy_reused_holdout,1,bestCI,0,0,1.5,gamma,dynasurv,all,MONOCT std alone,factual,799,0.1282873146592162,1.423039317408979,0.9166626359963708
legacy_reused_holdout,1,bestCI,0,0,1.5,gamma,dynasurv,all,POLYCT alone,factual,357,0.1173427813392385,1.4222471926393112,-0.3402476194512701
legacy_reused_holdout,1,bestCI,0,0,1.5,gamma,dynasurv,all,ET alone,counterfactual,2858,0.1490258320226492,2.016507976259554,1.859108396206094
legacy_reused_holdout,1,bestCI,0,0,1.5,gamma,dynasurv,all,ET+ANTI-CDK wo CT,counterfactual,1369,0.205499984652651,2.7553849053819395,2.6813083727489295
legacy_reused_holdout,1,bestCI,0,0,1.5,gamma,dynasurv,all,MONOCT std alone,counterfactual,2654,0.0973609137944426,1.290848984375371,0.606379272297529
legacy_reused_holdout,1,bestCI,0,0,1.5,gamma,dynasurv,all,POLYCT alone,counterfactual,3096,0.237405571709283,3.457242092104689,-2.7887082746319334
legacy_reused_holdout,1,bestCI,0,0,1.5,gamma,oracle,1,ET alone,factual,263,0.0,9.130146532444175e-06,-8.574018077245126e-06
legacy_reused_holdout,1,bestCI,0,0,1.5,gamma,oracle,1,ET+ANTI-CDK wo CT,factual,1465,0.0,6.917110383238034e-06,-6.867598244274076e-06
legacy_reused_holdout,1,bestCI,0,0,1.5,gamma,oracle,1,MONOCT std alone,factual,124,0.0,1.0695752759571156e-05,-1.0694195974390102e-05
legacy_reused_holdout,1,bestCI,0,0,1.5,gamma,oracle,1,POLYCT alone,factual,125,0.0,8.75176557082824e-06,-8.515678916204194e-06
legacy_reused_holdout,1,bestCI,0,0,1.5,gamma,oracle,1,ET alone,counterfactual,1714,0.0,7.95828094826801e-06,-7.804974303231262e-06
legacy_reused_holdout,1,bestCI,0,0,1.5,gamma,oracle,1,ET+ANTI-CDK wo CT,counterfactual,512,0.0,9.115361121969643e-06,-8.846547009951078e-06
legacy_reused_holdout,1,bestCI,0,0,1.5,gamma,oracle,1,MONOCT std alone,counterfactual,1853,0.0,8.907879452180728e-06,-8.874023954668727e-06
legacy_reused_holdout,1,bestCI,0,0,1.5,gamma,oracle,1,POLYCT alone,counterfactual,1852,0.0,8.195677814765456e-06,-8.103374604171063e-06
legacy_reused_holdout,1,bestCI,0,0,1.5,gamma,oracle,2,ET alone,factual,119,0.0,1.3875742725339476e-05,-1.3239156172068363e-05
legacy_reused_holdout,1,bestCI,0,0,1.5,gamma,oracle,2,ET+ANTI-CDK wo CT,factual,360,0.0,1.1689922167712474e-05,-1.1595858669699588e-05
legacy_reused_holdout,1,bestCI,0,0,1.5,gamma,oracle,2,MONOCT std alone,factual,284,0.0,1.505126167020886e-05,-1.438861597080777e-05
legacy_reused_holdout,1,bestCI,0,0,1.5,gamma,oracle,2,POLYCT alone,factual,77,0.0,1.464276735123644e-05,-1.464276735123644e-05
legacy_reused_holdout,1,bestCI,0,0,1.5,gamma,oracle,2,ET alone,counterfactual,721,0.0,1.3334326755391045e-05,-1.2230547941645092e-05
legacy_reused_holdout,1,bestCI,0,0,1.5,gamma,oracle,2,ET+ANTI-CDK wo CT,counterfactual,480,0.0,1.4019224150573402e-05,-1.2295779402749878e-05
legacy_reused_holdout,1,bestCI,0,0,1.5,gamma,oracle,2,MONOCT std alone,counterfactual,556,0.0,1.4854028931307186e-05,-1.476291636124937e-05
legacy_reused_holdout,1,bestCI,0,0,1.5,gamma,oracle,2,POLYCT alone,counterfactual,763,0.0,1.4289138425645426e-05,-1.3144889286517033e-05
legacy_reused_holdout,1,bestCI,0,0,1.5,gamma,oracle,3,ET alone,factual,15,0.0,1.3181489675181032e-05,-1.274701345307013e-05
legacy_reused_holdout,1,bestCI,0,0,1.5,gamma,oracle,3,ET+ANTI-CDK wo CT,factual,61,0.0,9.23762020421841e-06,-9.181398861096428e-06
legacy_reused_holdout,1,bestCI,0,0,1.5,gamma,oracle,3,MONOCT std alone,factual,271,0.0,1.872539616922707e-05,-1.774631574141509e-05
legacy_reused_holdout,1,bestCI,0,0,1.5,gamma,oracle,3,POLYCT alone,factual,91,0.0,1.7812924014379498e-05,-1.7704276418414357e-05
legacy_reused_holdout,1,bestCI,0,0,1.5,gamma,oracle,3,ET alone,counterfactual,423,0.0,1.711774909270936e-05,-1.533146268677735e-05
legacy_reused_holdout,1,bestCI,0,0,1.5,gamma,oracle,3,ET+ANTI-CDK wo CT,counterfactual,377,0.0,1.7399141609664483e-05,-1.556579236899847e-05
legacy_reused_holdout,1,bestCI,0,0,1.5,gamma,oracle,3,MONOCT std alone,counterfactual,167,0.0,1.776832917368516e-05,-1.776832917368516e-05
legacy_reused_holdout,1,bestCI,0,0,1.5,gamma,oracle,3,POLYCT alone,counterfactual,347,0.0,1.79101335783163e-05,-1.5255692989948288e-05
legacy_reused_holdout,1,bestCI,0,0,1.5,gamma,oracle,4,MONOCT std alone,factual,120,0.0,1.8301290329381104e-05,-1.3869146561710604e-05
legacy_reused_holdout,1,bestCI,0,0,1.5,gamma,oracle,4,POLYCT alone,factual,64,0.0,1.8521776255039923e-05,-1.7608326237830707e-05
legacy_reused_holdout,1,bestCI,0,0,1.5,gamma,oracle,4,MONOCT std alone,counterfactual,78,0.0,1.697312844399608e-05,-1.697312844399608e-05
legacy_reused_holdout,1,bestCI,0,0,1.5,gamma,oracle,4,POLYCT alone,counterfactual,134,0.0,1.8799400609406865e-05,-1.1452738795594044e-05
legacy_reused_holdout,1,bestCI,0,0,1.5,gamma,oracle,all,ET alone,factual,397,0.0,1.0705703444523756e-05,-1.0130054258407191e-05
legacy_reused_holdout,1,bestCI,0,0,1.5,gamma,oracle,all,ET+ANTI-CDK wo CT,factual,1886,0.0,7.90319911149392e-06,-7.844966001845311e-06
legacy_reused_holdout,1,bestCI,0,0,1.5,gamma,oracle,all,MONOCT std alone,factual,799,0.0,1.6109598069977983e-05,-1.48760906005789e-05
legacy_reused_holdout,1,bestCI,0,0,1.5,gamma,oracle,all,POLYCT alone,factual,357,0.0,1.4083567361428084e-05,-1.3809453736323815e-05
legacy_reused_holdout,1,bestCI,0,0,1.5,gamma,oracle,all,ET alone,counterfactual,2858,0.0,1.0670171799224762e-05,-1.0035395289773028e-05
legacy_reused_holdout,1,bestCI,0,0,1.5,gamma,oracle,all,ET+ANTI-CDK wo CT,counterfactual,1369,0.0,1.3115974341539227e-05,-1.1906289193226674e-05
legacy_reused_holdout,1,bestCI,0,0,1.5,gamma,oracle,all,MONOCT std alone,counterfactual,2654,0.0,1.0948137038935496e-05,-1.0905411784285198e-05
legacy_reused_holdout,1,bestCI,0,0,1.5,gamma,oracle,all,POLYCT alone,counterfactual,3096,0.0,1.1245136939615427e-05,-1.0292439521530673e-05
legacy_reused_holdout,1,bestCI,0,0,1.5,gamma,naive_km,1,ET alone,factual,263,0.1587485857097412,2.462206770210243,0.7146166690803349
legacy_reused_holdout,1,bestCI,0,0,1.5,gamma,naive_km,1,ET+ANTI-CDK wo CT,factual,1465,0.1112937268255983,1.601398781765019,0.4336879617258291
legacy_reused_holdout,1,bestCI,0,0,1.5,gamma,naive_km,1,MONOCT std alone,factual,124,0.1150915238574537,1.9622494932394243,-0.0179724725782521
legacy_reused_holdout,1,bestCI,0,0,1.5,gamma,naive_km,1,POLYCT alone,factual,125,0.1352180440282342,1.89854581617785,0.8527325089379417
legacy_reused_holdout,1,bestCI,0,0,1.5,gamma,naive_km,1,ET alone,counterfactual,1714,0.1381290424856663,2.360124455752433,-0.4072141937726049
legacy_reused_holdout,1,bestCI,0,0,1.5,gamma,naive_km,1,ET+ANTI-CDK wo CT,counterfactual,512,0.1985577948281882,3.0333980275640955,2.6757034394544346
legacy_reused_holdout,1,bestCI,0,0,1.5,gamma,naive_km,1,MONOCT std alone,counterfactual,1853,0.1403555973375444,2.651209980968166,-2.124889977684687
legacy_reused_holdout,1,bestCI,0,0,1.5,gamma,naive_km,1,POLYCT alone,counterfactual,1852,0.134410143897608,2.004188932042181,0.6129266677127486
legacy_reused_holdout,1,bestCI,0,0,1.5,gamma,naive_km,2,ET alone,factual,119,0.1717912313461835,2.12066518810797,0.6613121079547555
legacy_reused_holdout,1,bestCI,0,0,1.5,gamma,naive_km,2,ET+ANTI-CDK wo CT,factual,360,0.1367143242685947,1.5034829292616962,0.6653215795919507
legacy_reused_holdout,1,bestCI,0,0,1.5,gamma,naive_km,2,MONOCT std alone,factual,284,0.1386382261956564,1.780305183493157,0.0825164212010935
legacy_reused_holdout,1,bestCI,0,0,1.5,gamma,naive_km,2,POLYCT alone,factual,77,0.1267539923907255,1.6356303563258832,0.4400986683934185
legacy_reused_holdout,1,bestCI,0,0,1.5,gamma,naive_km,2,ET alone,counterfactual,721,0.1883708359304221,2.368778021164832,0.7179382648937395
legacy_reused_holdout,1,bestCI,0,0,1.5,gamma,naive_km,2,ET+ANTI-CDK wo CT,counterfactual,480,0.2796639767484029,3.56297289217264,3.420868603186951
legacy_reused_holdout,1,bestCI,0,0,1.5,gamma,naive_km,2,MONOCT std alone,counterfactual,556,0.1598529127533787,2.2289020141249867,-1.539550070461278
legacy_reused_holdout,1,bestCI,0,0,1.5,gamma,naive_km,2,POLYCT alone,counterfactual,763,0.1795602549274401,2.0843567322494128,1.093193222564386
legacy_reused_holdout,1,bestCI,0,0,1.5,gamma,naive_km,3,ET alone,factual,15,0.1753786851281584,1.156470202204006,0.5111106099678823
legacy_reused_holdout,1,bestCI,0,0,1.5,gamma,naive_km,3,ET+ANTI-CDK wo CT,factual,61,0.0962517515251314,0.6130401694105706,-0.0207612257606298
legacy_reused_holdout,1,bestCI,0,0,1.5,gamma,naive_km,3,MONOCT std alone,factual,271,0.1505653342371766,1.2230162728757548,0.3855237026802197
legacy_reused_holdout,1,bestCI,0,0,1.5,gamma,naive_km,3,POLYCT alone,factual,91,0.1039127243988419,0.827893714850707,-0.0581904299103244
legacy_reused_holdout,1,bestCI,0,0,1.5,gamma,naive_km,3,ET alone,counterfactual,423,0.2056974609030925,1.6212023850864712,1.25540305835112
legacy_reused_holdout,1,bestCI,0,0,1.5,gamma,naive_km,3,ET+ANTI-CDK wo CT,counterfactual,377,0.2345430483123987,1.8551492527962912,1.763133542302485
legacy_reused_holdout,1,bestCI,0,0,1.5,gamma,naive_km,3,MONOCT std alone,counterfactual,167,0.1256863375286085,1.140043960396426,-0.3705532271716711
legacy_reused_holdout,1,bestCI,0,0,1.5,gamma,naive_km,3,POLYCT alone,counterfactual,347,0.1815783425449985,1.4153143542020807,0.6925111167230547
legacy_reused_holdout,1,bestCI,0,0,1.5,gamma,naive_km,4,MONOCT std alone,factual,120,0.1738393659532984,1.458926972668687,0.1280397967342091
legacy_reused_holdout,1,bestCI,0,0,1.5,gamma,naive_km,4,POLYCT alone,factual,64,0.1354324621922219,1.1641402431332766,-0.084093524969246
legacy_reused_holdout,1,bestCI,0,0,1.5,gamma,naive_km,4,MONOCT std alone,counterfactual,78,0.1403152958734117,1.229535013581175,0.0980050886427022
legacy_reused_holdout,1,bestCI,0,0,1.5,gamma,naive_km,4,POLYCT alone,counterfactual,134,0.200957480048897,1.6775712600803114,0.4156320044789839
legacy_reused_holdout,1,bestCI,0,0,1.5,gamma,naive_km,all,ET alone,factual,397,0.1634114671999442,2.310495191393457,0.6909495817739604
legacy_reused_holdout,1,bestCI,0,0,1.5,gamma,naive_km,all,ET+ANTI-CDK wo CT,factual,1886,0.1161409784221755,1.550741527123016,0.46320371039769
legacy_reused_holdout,1,bestCI,0,0,1.5,gamma,naive_km,all,MONOCT std alone,factual,799,0.1453109953407219,1.57125689104295,0.1765303830486257
legacy_reused_holdout,1,bestCI,0,0,1.5,gamma,naive_km,all,POLYCT alone,factual,357,0.1261263630826447,1.4372690982388467,0.3635906060606853
legacy_reused_holdout,1,bestCI,0,0,1.5,gamma,naive_km,all,ET alone,counterfactual,2858,0.1632677659562667,2.2529429248814172,0.1227095362297638
legacy_reused_holdout,1,bestCI,0,0,1.5,gamma,naive_km,all,ET+ANTI-CDK wo CT,counterfactual,1369,0.2394087691384829,2.894607776961202,2.6856672286182937
legacy_reused_holdout,1,bestCI,0,0,1.5,gamma,naive_km,all,MONOCT std alone,counterfactual,2654,0.1438054984758915,2.4258676288745433,-1.8265444460624467
legacy_reused_holdout,1,bestCI,0,0,1.5,gamma,naive_km,all,POLYCT alone,counterfactual,3096,0.1555510603675839,1.9438083716431864,0.731667526977946
legacy_reused_holdout,1,bestCI,1,1,1.5,gamma,dynasurv,1,ET alone,factual,282,0.1314308210328986,1.9466364518936812,1.771617017049348
legacy_reused_holdout,1,bestCI,1,1,1.5,gamma,dynasurv,1,ET+ANTI-CDK wo CT,factual,1461,0.1029635221372597,1.5486537238562152,1.5026021676630337
legacy_reused_holdout,1,bestCI,1,1,1.5,gamma,dynasurv,1,MONOCT std alone,factual,126,0.140504213819017,2.136015358899189,1.6381943113742647
legacy_reused_holdout,1,bestCI,1,1,1.5,gamma,dynasurv,1,POLYCT alone,factual,108,0.093747858534214,1.3986272749253237,0.4026179120910296
legacy_reused_holdout,1,bestCI,1,1,1.5,gamma,dynasurv,1,ET alone,counterfactual,1695,0.1118006515689123,1.566310253694574,1.3596777629803818
legacy_reused_holdout,1,bestCI,1,1,1.5,gamma,dynasurv,1,ET+ANTI-CDK wo CT,counterfactual,516,0.1581614212646516,2.5092362705598608,2.378845738403484
legacy_reused_holdout,1,bestCI,1,1,1.5,gamma,dynasurv,1,MONOCT std alone,counterfactual,1851,0.0906818343278996,1.3599867488434567,0.343287987765248
legacy_reused_holdout,1,bestCI,1,1,1.5,gamma,dynasurv,1,POLYCT alone,counterfactual,1869,0.1599228167116166,2.511467436969081,-1.3366633926650453
legacy_reused_holdout,1,bestCI,1,1,1.5,gamma,dynasurv,2,ET alone,factual,131,0.1121546123020776,1.261286978898198,0.7359619827551829
legacy_reused_holdout,1,bestCI,1,1,1.5,gamma,dynasurv,2,ET+ANTI-CDK wo CT,factual,349,0.1208310440131943,1.2841633211152943,1.1374680361723133
legacy_reused_holdout,1,bestCI,1,1,1.5,gamma,dynasurv,2,MONOCT std alone,factual,278,0.1227391041828098,1.5294710564582408,0.97032036387512
legacy_reused_holdout,1,bestCI,1,1,1.5,gamma,dynasurv,2,POLYCT alone,factual,82,0.11137622775172,1.3508575093519992,0.3207025270772231
legacy_reused_holdout,1,bestCI,1,1,1.5,gamma,dynasurv,2,ET alone,counterfactual,709,0.1322775833777954,1.515628578463255,0.9276710695950396
legacy_reused_holdout,1,bestCI,1,1,1.5,gamma,dynasurv,2,ET+ANTI-CDK wo CT,counterfactual,491,0.1956276563933681,2.4475897238393873,2.30772806245643
legacy_reused_holdout,1,bestCI,1,1,1.5,gamma,dynasurv,2,MONOCT std alone,counterfactual,562,0.0999743047425397,1.1665644169543472,0.5442832718401596
legacy_reused_holdout,1,bestCI,1,1,1.5,gamma,dynasurv,2,POLYCT alone,counterfactual,758,0.1122507979351788,1.339944631709867,0.4898573477517525
legacy_reused_holdout,1,bestCI,1,1,1.5,gamma,dynasurv,3,ET alone,factual,25,0.0689290539906517,0.5665003608165575,-0.3479143498772534
legacy_reused_holdout,1,bestCI,1,1,1.5,gamma,dynasurv,3,ET+ANTI-CDK wo CT,factual,50,0.0525745275643231,0.3875005114211124,-0.0452805436517049
legacy_reused_holdout,1,bestCI,1,1,1.5,gamma,dynasurv,3,MONOCT std alone,factual,268,0.0986615598048441,0.8256849124436176,0.0938761004130709
legacy_reused_holdout,1,bestCI,1,1,1.5,gamma,dynasurv,3,POLYCT alone,factual,95,0.088328397478156,0.7170080710827074,-0.1164066377554196
legacy_reused_holdout,1,bestCI,1,1,1.5,gamma,dynasurv,3,ET alone,counterfactual,413,0.1135890868732427,0.9379274570286764,0.1073524240094972
legacy_reused_holdout,1,bestCI,1,1,1.5,gamma,dynasurv,3,ET+ANTI-CDK wo CT,counterfactual,388,0.1266182413285793,0.9739131388550208,0.5968770835666195
legacy_reused_holdout,1,bestCI,1,1,1.5,gamma,dynasurv,3,MONOCT std alone,counterfactual,170,0.0859186659340096,0.6998846557137693,-0.0297429784961519
legacy_reused_holdout,1,bestCI,1,1,1.5,gamma,dynasurv,3,POLYCT alone,counterfactual,343,0.1077202408635376,0.8662338702397537,0.0574607561182539
legacy_reused_holdout,1,bestCI,1,1,1.5,gamma,dynasurv,4,MONOCT std alone,factual,113,0.1240025025445187,1.076526540437927,-0.0106416948304449
legacy_reused_holdout,1,bestCI,1,1,1.5,gamma,dynasurv,4,POLYCT alone,factual,76,0.1071392269355659,0.8589939641205635,-0.3387195998667548
legacy_reused_holdout,1,bestCI,1,1,1.5,gamma,dynasurv,4,MONOCT std alone,counterfactual,85,0.1045333848893862,0.9200353838436492,-0.2250873923565204
legacy_reused_holdout,1,bestCI,1,1,1.5,gamma,dynasurv,4,POLYCT alone,counterfactual,122,0.1425685139865166,1.1424921440185218,-0.0336665213627514
legacy_reused_holdout,1,bestCI,1,1,1.5,gamma,dynasurv,all,ET alone,factual,438,0.1231054561416289,1.6628826088814976,1.340888492698433
legacy_reused_holdout,1,bestCI,1,1,1.5,gamma,dynasurv,all,ET+ANTI-CDK wo CT,factual,1860,0.1055513575064729,1.4678124275237765,1.3924806905361529
legacy_reused_holdout,1,bestCI,1,1,1.5,gamma,dynasurv,all,MONOCT std alone,factual,785,0.1184924266696693,1.3213527955682345,0.6370927742487942
legacy_reused_holdout,1,bestCI,1,1,1.5,gamma,dynasurv,all,POLYCT alone,factual,361,0.0995826297563963,1.0947960373540688,0.0913546303310949
legacy_reused_holdout,1,bestCI,1,1,1.5,gamma,dynasurv,all,ET alone,counterfactual,2817,0.117543201726305,1.4614272566189543,1.0673443903835826
legacy_reused_holdout,1,bestCI,1,1,1.5,gamma,dynasurv,all,ET+ANTI-CDK wo CT,counterfactual,1395,0.1648696715024055,2.0605095110320972,1.8581843642338016
legacy_reused_holdout,1,bestCI,1,1,1.5,gamma,dynasurv,all,MONOCT std alone,counterfactual,2668,0.0928920712568647,1.2631664443536854,0.3437498236255598
legacy_reused_holdout,1,bestCI,1,1,1.5,gamma,dynasurv,all,POLYCT alone,counterfactual,3092,0.143657443759333,1.987746743076904,-0.6828299765694812
legacy_reused_holdout,1,bestCI,1,1,1.5,gamma,oracle,1,ET alone,factual,282,0.0,8.901671109622256e-06,-8.763256666109455e-06
legacy_reused_holdout,1,bestCI,1,1,1.5,gamma,oracle,1,ET+ANTI-CDK wo CT,factual,1461,0.0,6.838641386304208e-06,-6.825579714155741e-06
legacy_reused_holdout,1,bestCI,1,1,1.5,gamma,oracle,1,MONOCT std alone,factual,126,0.0,1.0325132867312132e-05,-1.0177761170949124e-05
legacy_reused_holdout,1,bestCI,1,1,1.5,gamma,oracle,1,POLYCT alone,factual,108,0.0,8.857731303168203e-06,-8.857731303168203e-06
legacy_reused_holdout,1,bestCI,1,1,1.5,gamma,oracle,1,ET alone,counterfactual,1695,0.0,7.854472354698581e-06,-7.694534386198528e-06
legacy_reused_holdout,1,bestCI,1,1,1.5,gamma,oracle,1,ET+ANTI-CDK wo CT,counterfactual,516,0.0,9.005513725642905e-06,-8.734021885498488e-06
legacy_reused_holdout,1,bestCI,1,1,1.5,gamma,oracle,1,MONOCT std alone,counterfactual,1851,0.0,8.829011678497516e-06,-8.827492760243122e-06
legacy_reused_holdout,1,bestCI,1,1,1.5,gamma,oracle,1,POLYCT alone,counterfactual,1869,0.0,8.142731525974149e-06,-8.005467917706552e-06
legacy_reused_holdout,1,bestCI,1,1,1.5,gamma,oracle,2,ET alone,factual,131,0.0,1.4298632198207644e-05,-1.3820636927741944e-05
legacy_reused_holdout,1,bestCI,1,1,1.5,gamma,oracle,2,ET+ANTI-CDK wo CT,factual,349,0.0,1.1495987621689158e-05,-1.1484936172863364e-05
legacy_reused_holdout,1,bestCI,1,1,1.5,gamma,oracle,2,MONOCT std alone,factual,278,0.0,1.4910322668988125e-05,-1.4348567098805724e-05
legacy_reused_holdout,1,bestCI,1,1,1.5,gamma,oracle,2,POLYCT alone,factual,82,0.0,1.483103682739314e-05,-1.4352197276531829e-05
legacy_reused_holdout,1,bestCI,1,1,1.5,gamma,oracle,2,ET alone,counterfactual,709,0.0,1.3277341699019484e-05,-1.2220654636625292e-05
legacy_reused_holdout,1,bestCI,1,1,1.5,gamma,oracle,2,ET+ANTI-CDK wo CT,counterfactual,491,0.0,1.399663819599678e-05,-1.2227254862012105e-05
legacy_reused_holdout,1,bestCI,1,1,1.5,gamma,oracle,2,MONOCT std alone,counterfactual,562,0.0,1.4985934258690757e-05,-1.4899358815800134e-05
legacy_reused_holdout,1,bestCI,1,1,1.5,gamma,oracle,2,POLYCT alone,counterfactual,758,0.0,1.4277283348451656e-05,-1.3249740920076968e-05
legacy_reused_holdout,1,bestCI,1,1,1.5,gamma,oracle,3,ET alone,factual,25,0.0,1.2813552110735317e-05,-1.2813552110735317e-05
legacy_reused_holdout,1,bestCI,1,1,1.5,gamma,oracle,3,ET+ANTI-CDK wo CT,factual,50,0.0,8.903414429912714e-06,-8.903414429912714e-06
legacy_reused_holdout,1,bestCI,1,1,1.5,gamma,oracle,3,MONOCT std alone,factual,268,0.0,1.9126490027524684e-05,-1.844929455860966e-05
legacy_reused_holdout,1,bestCI,1,1,1.5,gamma,oracle,3,POLYCT alone,factual,95,0.0,1.7122389746049294e-05,-1.64387268097281e-05
legacy_reused_holdout,1,bestCI,1,1,1.5,gamma,oracle,3,ET alone,counterfactual,413,0.0,1.7096441880551928e-05,-1.5335583140205443e-05
legacy_reused_holdout,1,bestCI,1,1,1.5,gamma,oracle,3,ET+ANTI-CDK wo CT,counterfactual,388,0.0,1.700444473851894e-05,-1.553250281577665e-05
legacy_reused_holdout,1,bestCI,1,1,1.5,gamma,oracle,3,MONOCT std alone,counterfactual,170,0.0,1.759618775732614e-05,-1.7053701576486655e-05
legacy_reused_holdout,1,bestCI,1,1,1.5,gamma,oracle,3,POLYCT alone,counterfactual,343,0.0,1.7217621823197938e-05,-1.5986799863176245e-05
legacy_reused_holdout,1,bestCI,1,1,1.5,gamma,oracle,4,MONOCT std alone,factual,113,0.0,1.9199010454899215e-05,-1.482231812161153e-05
legacy_reused_holdout,1,bestCI,1,1,1.5,gamma,oracle,4,POLYCT alone,factual,76,0.0,1.803395839281457e-05,-1.665059981941453e-05
legacy_reused_holdout,1,bestCI,1,1,1.5,gamma,oracle,4,MONOCT std alone,counterfactual,85,0.0,1.8300487415841528e-05,-1.7365663800033147e-05
legacy_reused_holdout,1,bestCI,1,1,1.5,gamma,oracle,4,POLYCT alone,counterfactual,122,0.0,2.0649654772964535e-05,-1.3103061093397835e-05
legacy_reused_holdout,1,bestCI,1,1,1.5,gamma,oracle,all,ET alone,factual,438,0.0,1.0739111583669088e-05,-1.0507033379327496e-05
legacy_reused_holdout,1,bestCI,1,1,1.5,gamma,oracle,all,ET+ANTI-CDK wo CT,factual,1860,0.0,7.768024444546021e-06,-7.755691079680907e-06
legacy_reused_holdout,1,bestCI,1,1,1.5,gamma,oracle,all,MONOCT std alone,factual,785,0.0,1.623111331470096e-05,-1.5147302484658692e-05
legacy_reused_holdout,1,bestCI,1,1,1.5,gamma,oracle,all,POLYCT alone,factual,361,0.0,1.4321296023038765e-05,-1.374138446154418e-05
legacy_reused_holdout,1,bestCI,1,1,1.5,gamma,oracle,all,ET alone,counterfactual,2817,0.0,1.0574297622466047e-05,-9.953949506169215e-06
legacy_reused_holdout,1,bestCI,1,1,1.5,gamma,oracle,all,ET+ANTI-CDK wo CT,counterfactual,1395,0.0,1.2987038706244808e-05,-1.1854443385438352e-05
legacy_reused_holdout,1,bestCI,1,1,1.5,gamma,oracle,all,MONOCT std alone,counterfactual,2668,0.0,1.0986315224653329e-05,-1.0902675953783823e-05
legacy_reused_holdout,1,bestCI,1,1,1.5,gamma,oracle,all,POLYCT alone,counterfactual,3092,0.0,1.1146781425559705e-05,-1.0377609625509662e-05
legacy_reused_holdout,1,bestCI,1,1,1.5,gamma,naive_km,1,ET alone,factual,282,0.1440607330743921,2.326978396081989,0.576310983821435
legacy_reused_holdout,1,bestCI,1,1,1.5,gamma,naive_km,1,ET+ANTI-CDK wo CT,factual,1461,0.1093091047488069,1.633397677920189,0.2267414236174148
legacy_reused_holdout,1,bestCI,1,1,1.5,gamma,naive_km,1,MONOCT std alone,factual,126,0.1302195538907698,2.1685977971675734,0.4568580370837893
legacy_reused_holdout,1,bestCI,1,1,1.5,gamma,naive_km,1,POLYCT alone,factual,108,0.1075263489512592,1.7619517164989356,-0.3113945326039225
legacy_reused_holdout,1,bestCI,1,1,1.5,gamma,naive_km,1,ET alone,counterfactual,1695,0.13879264820408,2.332003727997079,-0.3249683490535601
legacy_reused_holdout,1,bestCI,1,1,1.5,gamma,naive_km,1,ET+ANTI-CDK wo CT,counterfactual,516,0.1873245513721178,2.854599351604538,2.360986372992298
legacy_reused_holdout,1,bestCI,1,1,1.5,gamma,naive_km,1,MONOCT std alone,counterfactual,1851,0.1283166797641945,2.4177047712435003,-1.810165086088445
legacy_reused_holdout,1,bestCI,1,1,1.5,gamma,naive_km,1,POLYCT alone,counterfactual,1869,0.1324279218171038,2.18654745583724,-0.3639646992809883
legacy_reused_holdout,1,bestCI,1,1,1.5,gamma,naive_km,2,ET alone,factual,131,0.1546274405637009,1.9796069769050972,0.090131774640165
legacy_reused_holdout,1,bestCI,1,1,1.5,gamma,naive_km,2,ET+ANTI-CDK wo CT,factual,349,0.1366705325149937,1.4867086217535084,0.6582659689327116
legacy_reused_holdout,1,bestCI,1,1,1.5,gamma,naive_km,2,MONOCT std alone,factual,278,0.1470662702647164,1.8975122285325188,0.4314716812639627
legacy_reused_holdout,1,bestCI,1,1,1.5,gamma,naive_km,2,POLYCT alone,factual,82,0.136735893255774,1.6438551266297643,0.0571680151890832
legacy_reused_holdout,1,bestCI,1,1,1.5,gamma,naive_km,2,ET alone,counterfactual,709,0.1911386271624033,2.476871930538266,0.5811349639965414
legacy_reused_holdout,1,bestCI,1,1,1.5,gamma,naive_km,2,ET+ANTI-CDK wo CT,counterfactual,491,0.2856501659207452,3.591552289555938,3.4537753170099843
legacy_reused_holdout,1,bestCI,1,1,1.5,gamma,naive_km,2,MONOCT std alone,counterfactual,562,0.1568797420622649,2.160274454414444,-1.416052875693851
legacy_reused_holdout,1,bestCI,1,1,1.5,gamma,naive_km,2,POLYCT alone,counterfactual,758,0.1729914124565654,2.0891581818776133,0.6223040099101154
legacy_reused_holdout,1,bestCI,1,1,1.5,gamma,naive_km,3,ET alone,factual,25,0.1342396593211414,1.1719265571987687,-0.79152872057717
legacy_reused_holdout,1,bestCI,1,1,1.5,gamma,naive_km,3,ET+ANTI-CDK wo CT,factual,50,0.0649817087692224,0.5078475008957943,-0.2185175124808895
legacy_reused_holdout,1,bestCI,1,1,1.5,gamma,naive_km,3,MONOCT std alone,factual,268,0.1362693407413548,1.130644700776438,0.2838948151903168
legacy_reused_holdout,1,bestCI,1,1,1.5,gamma,naive_km,3,POLYCT alone,factual,95,0.1339355020325743,0.971725402080032,0.2284896194134857
legacy_reused_holdout,1,bestCI,1,1,1.5,gamma,naive_km,3,ET alone,counterfactual,413,0.180952456440794,1.4612261240257876,0.6668352648563978
legacy_reused_holdout,1,bestCI,1,1,1.5,gamma,naive_km,3,ET+ANTI-CDK wo CT,counterfactual,388,0.2346859475395193,1.8217278416308655,1.7082446144461811
legacy_reused_holdout,1,bestCI,1,1,1.5,gamma,naive_km,3,MONOCT std alone,counterfactual,170,0.138563973967825,1.207066034556597,-0.4155896548381087
legacy_reused_holdout,1,bestCI,1,1,1.5,gamma,naive_km,3,POLYCT alone,counterfactual,343,0.1799877473042123,1.413448161102362,0.842387999495897
legacy_reused_holdout,1,bestCI,1,1,1.5,gamma,naive_km,4,MONOCT std alone,factual,113,0.1747149553841757,1.5300068490720815,0.2432609370101225
legacy_reused_holdout,1,bestCI,1,1,1.5,gamma,naive_km,4,POLYCT alone,factual,76,0.1543450251208934,1.3097968816204035,0.0308216544698242
legacy_reused_holdout,1,bestCI,1,1,1.5,gamma,naive_km,4,MONOCT std alone,counterfactual,85,0.1520589194872521,1.379852138755619,-0.150330357549873
legacy_reused_holdout,1,bestCI,1,1,1.5,gamma,naive_km,4,POLYCT alone,counterfactual,122,0.2066066145386941,1.6049835914180728,0.9099545121988653
legacy_reused_holdout,1,bestCI,1,1,1.5,gamma,naive_km,all,ET alone,factual,438,0.1467700670826784,2.1571565881270724,0.3528281778563402
legacy_reused_holdout,1,bestCI,1,1,1.5,gamma,naive_km,all,ET+ANTI-CDK wo CT,factual,1860,0.1140335127739801,1.5756170384291184,0.2957409502357607
legacy_reused_holdout,1,bestCI,1,1,1.5,gamma,naive_km,all,MONOCT std alone,factual,785,0.1453099487770601,1.6263124531571789,0.3580707470281373
legacy_reused_holdout,1,bestCI,1,1,1.5,gamma,naive_km,all,POLYCT alone,factual,361,0.1320674756103833,1.431981667496619,-0.0135564340491164
legacy_reused_holdout,1,bestCI,1,1,1.5,gamma,naive_km,all,ET alone,counterfactual,2817,0.1599578792302964,2.2408004639436743,0.0484935400118763
legacy_reused_holdout,1,bestCI,1,1,1.5,gamma,naive_km,all,ET+ANTI-CDK wo CT,counterfactual,1395,0.2387848624926799,2.8267066968836434,2.5640656340652663
legacy_reused_holdout,1,bestCI,1,1,1.5,gamma,naive_km,all,MONOCT std alone,counterfactual,2668,0.1362623709227299,2.2532737753453844,-1.5854069011258898
legacy_reused_holdout,1,bestCI,1,1,1.5,gamma,naive_km,all,POLYCT alone,counterfactual,3092,0.1523641701950091,2.053965011071846,0.0619049000229801
legacy_reused_holdout,1,bestCI,2,2,1.5,gamma,dynasurv,1,ET alone,factual,290,0.1555694239086296,2.4782831718655385,2.193991234425335
legacy_reused_holdout,1,bestCI,2,2,1.5,gamma,dynasurv,1,ET+ANTI-CDK wo CT,factual,1424,0.1080107114452049,1.5743546911988682,1.5281670144287114
legacy_reused_holdout,1,bestCI,2,2,1.5,gamma,dynasurv,1,MONOCT std alone,factual,139,0.1510979344794414,2.2089947481404786,1.7797136686254311
legacy_reused_holdout,1,bestCI,2,2,1.5,gamma,dynasurv,1,POLYCT alone,factual,124,0.1390373446416508,1.8190447351544643,1.6064564052551196
legacy_reused_holdout,1,bestCI,2,2,1.5,gamma,dynasurv,1,ET alone,counterfactual,1687,0.1180941032219124,1.6943125220446489,1.35363733760225
legacy_reused_holdout,1,bestCI,2,2,1.5,gamma,dynasurv,1,ET+ANTI-CDK wo CT,counterfactual,553,0.1727762077805034,2.767711716129436,2.5490644210631346
legacy_reused_holdout,1,bestCI,2,2,1.5,gamma,dynasurv,1,MONOCT std alone,counterfactual,1838,0.0890080105354812,1.25341216785386,0.5818676475911035
legacy_reused_holdout,1,bestCI,2,2,1.5,gamma,dynasurv,1,POLYCT alone,counterfactual,1853,0.1211568190515884,1.6897678241301393,1.432502593444779
legacy_reused_holdout,1,bestCI,2,2,1.5,gamma,dynasurv,2,ET alone,factual,120,0.1412714576698422,1.6998614162699404,1.1454818951318868
legacy_reused_holdout,1,bestCI,2,2,1.5,gamma,dynasurv,2,ET+ANTI-CDK wo CT,factual,378,0.1179840820351445,1.22392353760913,1.042438463754774
legacy_reused_holdout,1,bestCI,2,2,1.5,gamma,dynasurv,2,MONOCT std alone,factual,278,0.1397908528527443,1.7890150789421282,1.1331446683551996
legacy_reused_holdout,1,bestCI,2,2,1.5,gamma,dynasurv,2,POLYCT alone,factual,64,0.0941812217726826,1.2225179885054047,-0.0515438515544542
legacy_reused_holdout,1,bestCI,2,2,1.5,gamma,dynasurv,2,ET alone,counterfactual,720,0.1563579355995621,1.850450572852788,1.4452613440558926
legacy_reused_holdout,1,bestCI,2,2,1.5,gamma,dynasurv,2,ET+ANTI-CDK wo CT,counterfactual,462,0.2323801468113304,2.9482428597764407,2.7799303506331476
legacy_reused_holdout,1,bestCI,2,2,1.5,gamma,dynasurv,2,MONOCT std alone,counterfactual,562,0.0905015470416615,1.0856501966575445,0.1164687581234053
legacy_reused_holdout,1,bestCI,2,2,1.5,gamma,dynasurv,2,POLYCT alone,counterfactual,776,0.1409467041132885,1.619606574789391,1.0041432724907084
legacy_reused_holdout,1,bestCI,2,2,1.5,gamma,dynasurv,3,ET alone,factual,20,0.0782095266981117,0.6175765742962028,-0.1650083894327734
legacy_reused_holdout,1,bestCI,2,2,1.5,gamma,dynasurv,3,ET+ANTI-CDK wo CT,factual,61,0.0514801172890149,0.4328446536137767,-0.0607873077606005
legacy_reused_holdout,1,bestCI,2,2,1.5,gamma,dynasurv,3,MONOCT std alone,factual,254,0.1128609278285143,0.9744137829815672,0.2286584467404192
legacy_reused_holdout,1,bestCI,2,2,1.5,gamma,dynasurv,3,POLYCT alone,factual,103,0.096143195480004,0.7678523482649069,-0.1252199283291335
legacy_reused_holdout,1,bestCI,2,2,1.5,gamma,dynasurv,3,ET alone,counterfactual,418,0.1388814574117094,1.0703210157934646,0.6430884642196859
legacy_reused_holdout,1,bestCI,2,2,1.5,gamma,dynasurv,3,ET+ANTI-CDK wo CT,counterfactual,377,0.156080230507253,1.1981968349150858,0.8823955865539056
legacy_reused_holdout,1,bestCI,2,2,1.5,gamma,dynasurv,3,MONOCT std alone,counterfactual,184,0.1007100111686949,0.8281453937505173,-0.2327079586543607
legacy_reused_holdout,1,bestCI,2,2,1.5,gamma,dynasurv,3,POLYCT alone,counterfactual,335,0.1355087862720339,1.0948193669334367,0.4775257891032395
legacy_reused_holdout,1,bestCI,2,2,1.5,gamma,dynasurv,4,ET alone,factual,5,0.067679832926161,0.4961198679784811,-0.4961198679784811
legacy_reused_holdout,1,bestCI,2,2,1.5,gamma,dynasurv,4,MONOCT std alone,factual,118,0.1188631851022465,1.005212473351421,-0.097475931185955
legacy_reused_holdout,1,bestCI,2,2,1.5,gamma,dynasurv,4,POLYCT alone,factual,72,0.1188084686771743,0.9915934125450508,-0.3573117974165022
legacy_reused_holdout,1,bestCI,2,2,1.5,gamma,dynasurv,4,ET alone,counterfactual,193,0.1528006920402205,1.226437794116216,0.4232679203805395
legacy_reused_holdout,1,bestCI,2,2,1.5,gamma,dynasurv,4,MONOCT std alone,counterfactual,80,0.1218290961678685,1.0204820947579187,-0.2426366276501383
legacy_reused_holdout,1,bestCI,2,2,1.5,gamma,dynasurv,4,POLYCT alone,counterfactual,126,0.1404459815570548,1.139996387513284,0.2247823004198938
legacy_reused_holdout,1,bestCI,2,2,1.5,gamma,dynasurv,all,ET alone,factual,435,0.1482362793211629,2.155212920963714,1.765366708668105
legacy_reused_holdout,1,bestCI,2,2,1.5,gamma,dynasurv,all,ET+ANTI-CDK wo CT,factual,1863,0.1087585369569063,1.4658763829060009,1.377586442336228
legacy_reused_holdout,1,bestCI,2,2,1.5,gamma,dynasurv,all,MONOCT std alone,factual,789,0.1308473364561589,1.4835394609255057,0.7718270004230726
legacy_reused_holdout,1,bestCI,2,2,1.5,gamma,dynasurv,all,POLYCT alone,factual,363,0.1165761859210341,1.2514771790579298,0.433271861488322
legacy_reused_holdout,1,bestCI,2,2,1.5,gamma,dynasurv,all,ET alone,counterfactual,3018,0.1333891575016868,1.6152174671999426,1.217586495338804
legacy_reused_holdout,1,bestCI,2,2,1.5,gamma,dynasurv,all,ET+ANTI-CDK wo CT,counterfactual,1392,0.1907341802016581,2.4025524331891384,2.174298550985094
legacy_reused_holdout,1,bestCI,2,2,1.5,gamma,dynasurv,all,MONOCT std alone,counterfactual,2664,0.0913243078669667,1.181653263914288,0.4026647836837045
legacy_reused_holdout,1,bestCI,2,2,1.5,gamma,dynasurv,all,POLYCT alone,counterfactual,3090,0.1287894551307129,1.585229292200353,1.17214763569853
legacy_reused_holdout,1,bestCI,2,2,1.5,gamma,oracle,1,ET alone,factual,290,0.0,8.987772067312911e-06,-8.817291310714675e-06
legacy_reused_holdout,1,bestCI,2,2,1.5,gamma,oracle,1,ET+ANTI-CDK wo CT,factual,1424,0.0,6.856337107275456e-06,-6.813395981438047e-06
legacy_reused_holdout,1,bestCI,2,2,1.5,gamma,oracle,1,MONOCT std alone,factual,139,0.0,1.02564522826089e-05,-1.0111371420432876e-05
legacy_reused_holdout,1,bestCI,2,2,1.5,gamma,oracle,1,POLYCT alone,factual,124,0.0,8.628852057496015e-06,-8.628852057496015e-06
legacy_reused_holdout,1,bestCI,2,2,1.5,gamma,oracle,1,ET alone,counterfactual,1687,0.0,7.927951536803917e-06,-7.715832615621102e-06
legacy_reused_holdout,1,bestCI,2,2,1.5,gamma,oracle,1,ET+ANTI-CDK wo CT,counterfactual,553,0.0,9.012040375542898e-06,-8.7486943856769e-06
legacy_reused_holdout,1,bestCI,2,2,1.5,gamma,oracle,1,MONOCT std alone,counterfactual,1838,0.0,8.873644870092743e-06,-8.857258270113016e-06
legacy_reused_holdout,1,bestCI,2,2,1.5,gamma,oracle,1,POLYCT alone,counterfactual,1853,0.0,8.243315308025178e-06,-8.061794294196069e-06
legacy_reused_holdout,1,bestCI,2,2,1.5,gamma,oracle,2,ET alone,factual,120,0.0,1.3523777058521702e-05,-1.3084233840624883e-05
legacy_reused_holdout,1,bestCI,2,2,1.5,gamma,oracle,2,ET+ANTI-CDK wo CT,factual,378,0.0,1.1871487828924388e-05,-1.176493204579733e-05
legacy_reused_holdout,1,bestCI,2,2,1.5,gamma,oracle,2,MONOCT std alone,factual,278,0.0,1.4892081365648993e-05,-1.3869218596117712e-05
legacy_reused_holdout,1,bestCI,2,2,1.5,gamma,oracle,2,POLYCT alone,factual,64,0.0,1.5128640130507298e-05,-1.5128640130507298e-05
legacy_reused_holdout,1,bestCI,2,2,1.5,gamma,oracle,2,ET alone,counterfactual,720,0.0,1.359670626717898e-05,-1.2326745550904504e-05
legacy_reused_holdout,1,bestCI,2,2,1.5,gamma,oracle,2,ET+ANTI-CDK wo CT,counterfactual,462,0.0,1.3985046269095003e-05,-1.1998637189998531e-05
legacy_reused_holdout,1,bestCI,2,2,1.5,gamma,oracle,2,MONOCT std alone,counterfactual,562,0.0,1.504896175315034e-05,-1.4967319102019593e-05
legacy_reused_holdout,1,bestCI,2,2,1.5,gamma,oracle,2,POLYCT alone,counterfactual,776,0.0,1.4252763810277164e-05,-1.3098016126409531e-05
legacy_reused_holdout,1,bestCI,2,2,1.5,gamma,oracle,3,ET alone,factual,20,0.0,1.50490046160634e-05,-1.50490046160634e-05
legacy_reused_holdout,1,bestCI,2,2,1.5,gamma,oracle,3,ET+ANTI-CDK wo CT,factual,61,0.0,1.1421495090088764e-05,-1.1421495090088764e-05
legacy_reused_holdout,1,bestCI,2,2,1.5,gamma,oracle,3,MONOCT std alone,factual,254,0.0,1.905075014386162e-05,-1.8478979569492695e-05
legacy_reused_holdout,1,bestCI,2,2,1.5,gamma,oracle,3,POLYCT alone,factual,103,0.0,1.77490722917077e-05,-1.764632544980364e-05
legacy_reused_holdout,1,bestCI,2,2,1.5,gamma,oracle,3,ET alone,counterfactual,418,0.0,1.7287851767529517e-05,-1.5594291800706892e-05
legacy_reused_holdout,1,bestCI,2,2,1.5,gamma,oracle,3,ET+ANTI-CDK wo CT,counterfactual,377,0.0,1.724318329341431e-05,-1.5867309718321813e-05
legacy_reused_holdout,1,bestCI,2,2,1.5,gamma,oracle,3,MONOCT std alone,counterfactual,184,0.0,1.8652741049664307e-05,-1.8225351618277703e-05
legacy_reused_holdout,1,bestCI,2,2,1.5,gamma,oracle,3,POLYCT alone,counterfactual,335,0.0,1.7707194508103463e-05,-1.636060192081585e-05
legacy_reused_holdout,1,bestCI,2,2,1.5,gamma,oracle,4,ET alone,factual,5,0.0,1.21614543122206e-05,-1.21614543122206e-05
legacy_reused_holdout,1,bestCI,2,2,1.5,gamma,oracle,4,MONOCT std alone,factual,118,0.0,1.8946194873008417e-05,-1.6340198322522998e-05
legacy_reused_holdout,1,bestCI,2,2,1.5,gamma,oracle,4,POLYCT alone,factual,72,0.0,1.7916363671544033e-05,-1.6084810458351208e-05
legacy_reused_holdout,1,bestCI,2,2,1.5,gamma,oracle,4,ET alone,counterfactual,193,0.0,1.7876397832393544e-05,-1.354462621797735e-05
legacy_reused_holdout,1,bestCI,2,2,1.5,gamma,oracle,4,MONOCT std alone,counterfactual,80,0.0,1.7790711434473305e-05,-1.6620309504034035e-05
legacy_reused_holdout,1,bestCI,2,2,1.5,gamma,oracle,4,POLYCT alone,counterfactual,126,0.0,1.9111351368653097e-05,-1.3884427593622047e-05
legacy_reused_holdout,1,bestCI,2,2,1.5,gamma,oracle,all,ET alone,factual,435,0.0,1.055424025385223e-05,-1.0319333114631296e-05
legacy_reused_holdout,1,bestCI,2,2,1.5,gamma,oracle,all,ET+ANTI-CDK wo CT,factual,1863,0.0,8.023380376054258e-06,-7.968937944913893e-06
legacy_reused_holdout,1,bestCI,2,2,1.5,gamma,oracle,all,MONOCT std alone,factual,789,0.0,1.6020515866272374e-05,-1.5060744752686631e-05
legacy_reused_holdout,1,bestCI,2,2,1.5,gamma,oracle,all,POLYCT alone,factual,363,0.0,1.4204802352283848e-05,-1.3812365007749407e-05
legacy_reused_holdout,1,bestCI,2,2,1.5,gamma,oracle,all,ET alone,counterfactual,3018,0.0,1.121290575726851e-05,-1.0279785703104424e-05
legacy_reused_holdout,1,bestCI,2,2,1.5,gamma,oracle,all,ET+ANTI-CDK wo CT,counterfactual,1392,0.0,1.2891831756906831e-05,-1.1755297514989922e-05
legacy_reused_holdout,1,bestCI,2,2,1.5,gamma,oracle,all,MONOCT std alone,counterfactual,2664,0.0,1.1119608500149042e-05,-1.102641272293114e-05
legacy_reused_holdout,1,bestCI,2,2,1.5,gamma,oracle,all,POLYCT alone,counterfactual,3090,0.0,1.1221666153789863e-05,-1.046369089369217e-05
legacy_reused_holdout,1,bestCI,2,2,1.5,gamma,naive_km,1,ET alone,factual,290,0.1576295522440948,2.482560771150041,0.9921741080934824
legacy_reused_holdout,1,bestCI,2,2,1.5,gamma,naive_km,1,ET+ANTI-CDK wo CT,factual,1424,0.106528454798645,1.5928354776581906,0.2663760678511045
legacy_reused_holdout,1,bestCI,2,2,1.5,gamma,naive_km,1,MONOCT std alone,factual,139,0.1215579579441822,2.070256488095912,-0.1921631577777398
legacy_reused_holdout,1,bestCI,2,2,1.5,gamma,naive_km,1,POLYCT alone,factual,124,0.1123977347519044,1.723753848306985,0.1410433275460723
legacy_reused_holdout,1,bestCI,2,2,1.5,gamma,naive_km,1,ET alone,counterfactual,1687,0.1348327120968366,2.28055382016779,-0.3965745243245057
legacy_reused_holdout,1,bestCI,2,2,1.5,gamma,naive_km,1,ET+ANTI-CDK wo CT,counterfactual,553,0.1898464046039017,2.8832197870058827,2.4729519742420165
legacy_reused_holdout,1,bestCI,2,2,1.5,gamma,naive_km,1,MONOCT std alone,counterfactual,1838,0.135441582459708,2.5070733188879566,-1.9521397517686163
legacy_reused_holdout,1,bestCI,2,2,1.5,gamma,naive_km,1,POLYCT alone,counterfactual,1853,0.1300534813362101,2.021602116452722,0.1408903684859206
legacy_reused_holdout,1,bestCI,2,2,1.5,gamma,naive_km,2,ET alone,factual,120,0.1708364824728939,2.201571635847141,0.5358724239560194
legacy_reused_holdout,1,bestCI,2,2,1.5,gamma,naive_km,2,ET+ANTI-CDK wo CT,factual,378,0.13655028270498,1.4340310611773224,0.7799399792744176
legacy_reused_holdout,1,bestCI,2,2,1.5,gamma,naive_km,2,MONOCT std alone,factual,278,0.1545121613189918,1.9347128337250072,0.7927673798394447
legacy_reused_holdout,1,bestCI,2,2,1.5,gamma,naive_km,2,POLYCT alone,factual,64,0.1122029541711099,1.466597819357699,-0.50696275612194
legacy_reused_holdout,1,bestCI,2,2,1.5,gamma,naive_km,2,ET alone,counterfactual,720,0.1928233203073347,2.3993057208695228,0.9332207603521782
legacy_reused_holdout,1,bestCI,2,2,1.5,gamma,naive_km,2,ET+ANTI-CDK wo CT,counterfactual,462,0.2983066389036287,3.853030735206809,3.7155651487706503
legacy_reused_holdout,1,bestCI,2,2,1.5,gamma,naive_km,2,MONOCT std alone,counterfactual,562,0.1479677840505312,2.0422561810578648,-1.2992974294027395
legacy_reused_holdout,1,bestCI,2,2,1.5,gamma,naive_km,2,POLYCT alone,counterfactual,776,0.1725459068563606,2.100557323388094,0.4174682931345784
legacy_reused_holdout,1,bestCI,2,2,1.5,gamma,naive_km,3,ET alone,factual,20,0.0886591307450549,0.7505063104109722,-0.035985115557329
legacy_reused_holdout,1,bestCI,2,2,1.5,gamma,naive_km,3,ET+ANTI-CDK wo CT,factual,61,0.0845412161324886,0.6523435335072341,0.0824416833450236
legacy_reused_holdout,1,bestCI,2,2,1.5,gamma,naive_km,3,MONOCT std alone,factual,254,0.1547346335127419,1.347587208900528,0.2977753322290448
legacy_reused_holdout,1,bestCI,2,2,1.5,gamma,naive_km,3,POLYCT alone,factual,103,0.1243984387892362,0.9945963351382352,0.0067926006111986
legacy_reused_holdout,1,bestCI,2,2,1.5,gamma,naive_km,3,ET alone,counterfactual,418,0.2246498214817221,1.7806929460670138,1.4213261053000064
legacy_reused_holdout,1,bestCI,2,2,1.5,gamma,naive_km,3,ET+ANTI-CDK wo CT,counterfactual,377,0.2504456728605492,1.9546051092695376,1.838597806099522
legacy_reused_holdout,1,bestCI,2,2,1.5,gamma,naive_km,3,MONOCT std alone,counterfactual,184,0.1406533954535215,1.2408951135724384,-0.5076391011032968
legacy_reused_holdout,1,bestCI,2,2,1.5,gamma,naive_km,3,POLYCT alone,counterfactual,335,0.1885652065600502,1.518464835630088,0.816778297404871
legacy_reused_holdout,1,bestCI,2,2,1.5,gamma,naive_km,4,ET alone,factual,5,0.128653380609373,1.1484860273675297,-1.0857158165702174
legacy_reused_holdout,1,bestCI,2,2,1.5,gamma,naive_km,4,MONOCT std alone,factual,118,0.1565659174488121,1.3181238999818985,0.1910177180207106
legacy_reused_holdout,1,bestCI,2,2,1.5,gamma,naive_km,4,POLYCT alone,factual,72,0.1550298372053833,1.2275738489650203,0.0759705547653432
legacy_reused_holdout,1,bestCI,2,2,1.5,gamma,naive_km,4,ET alone,counterfactual,193,0.2134891936416828,1.7756299133759843,1.13124615490202
legacy_reused_holdout,1,bestCI,2,2,1.5,gamma,naive_km,4,MONOCT std alone,counterfactual,80,0.1556515305741098,1.3700942745894242,-0.0615389925034769
legacy_reused_holdout,1,bestCI,2,2,1.5,gamma,naive_km,4,POLYCT alone,counterfactual,126,0.1983092804895473,1.5647354255873285,0.8492192432765484
legacy_reused_holdout,1,bestCI,2,2,1.5,gamma,naive_km,all,ET alone,factual,435,0.1586424571386594,2.3100776466212087,0.7951423007536429
legacy_reused_holdout,1,bestCI,2,2,1.5,gamma,naive_km,all,ET+ANTI-CDK wo CT,factual,1863,0.1126563002376637,1.529819869486974,0.3645548982661026
legacy_reused_holdout,1,bestCI,2,2,1.5,gamma,naive_km,all,MONOCT std alone,factual,789,0.1496293630584068,1.6773657679080884,0.3699032671443358
legacy_reused_holdout,1,bestCI,2,2,1.5,gamma,naive_km,all,POLYCT alone,factual,363,0.1252725885795208,1.3731032431781778,-0.0242058566667575
legacy_reused_holdout,1,bestCI,2,2,1.5,gamma,naive_km,all,ET alone,counterfactual,3018,0.1701084715013197,2.207362703242775,0.2701598889428826
legacy_reused_holdout,1,bestCI,2,2,1.5,gamma,naive_km,all,ET+ANTI-CDK wo CT,counterfactual,1392,0.2466580445660619,2.9535968879844936,2.713566748123129
legacy_reused_holdout,1,bestCI,2,2,1.5,gamma,naive_km,all,MONOCT std alone,counterfactual,2664,0.1391739774118627,2.2874177840597096,-1.6578703952996778
legacy_reused_holdout,1,bestCI,2,2,1.5,gamma,naive_km,all,POLYCT alone,counterfactual,3090,0.1519147496687894,1.9682535884453516,0.3125073147444404
legacy_reused_holdout,1,bestCI,0,0,0.0,heterogeneity,dynasurv,1,ET alone,factual,287,0.1603260417408427,2.63201411069842,2.582938950940861
legacy_reused_holdout,1,bestCI,0,0,0.0,heterogeneity,dynasurv,1,ET+ANTI-CDK wo CT,factual,1415,0.1141501436044795,1.868905359697841,1.8433666715749355
legacy_reused_holdout,1,bestCI,0,0,0.0,heterogeneity,dynasurv,1,MONOCT std alone,factual,139,0.1850950311571156,3.134193125999204,2.951936843067583
legacy_reused_holdout,1,bestCI,0,0,0.0,heterogeneity,dynasurv,1,POLYCT alone,factual,136,0.1522200897805936,2.302110136624442,0.0950187268172275
legacy_reused_holdout,1,bestCI,0,0,0.0,heterogeneity,dynasurv,1,ET alone,counterfactual,1690,0.1356072867221128,2.2023296655608307,2.139995909847314
legacy_reused_holdout,1,bestCI,0,0,0.0,heterogeneity,dynasurv,1,ET+ANTI-CDK wo CT,counterfactual,562,0.1532386836833931,2.5448398867097226,2.5086683959979763
legacy_reused_holdout,1,bestCI,0,0,0.0,heterogeneity,dynasurv,1,MONOCT std alone,counterfactual,1838,0.1495761555740649,2.1117704063968703,1.1304329608934875
legacy_reused_holdout,1,bestCI,0,0,0.0,heterogeneity,dynasurv,1,POLYCT alone,counterfactual,1841,0.1993163564460982,3.1398756746009533,-2.2826136689564187
legacy_reused_holdout,1,bestCI,0,0,0.0,heterogeneity,dynasurv,2,ET alone,factual,121,0.1381762602195423,1.7214811557601544,1.4326055652451462
legacy_reused_holdout,1,bestCI,0,0,0.0,heterogeneity,dynasurv,2,ET+ANTI-CDK wo CT,factual,365,0.1036697754098756,1.2052142794152436,0.9956047586100168
legacy_reused_holdout,1,bestCI,0,0,0.0,heterogeneity,dynasurv,2,MONOCT std alone,factual,269,0.1290059941142104,1.5794628795343637,0.9045238343343492
legacy_reused_holdout,1,bestCI,0,0,0.0,heterogeneity,dynasurv,2,POLYCT alone,factual,85,0.1549085736746296,1.788954899874189,0.107802782563159
legacy_reused_holdout,1,bestCI,0,0,0.0,heterogeneity,dynasurv,2,ET alone,counterfactual,719,0.1369391891619122,1.5863348520395095,1.2601723563882925
legacy_reused_holdout,1,bestCI,0,0,0.0,heterogeneity,dynasurv,2,ET+ANTI-CDK wo CT,counterfactual,475,0.1399817266421747,1.689447132520889,1.3560072687262423
legacy_reused_holdout,1,bestCI,0,0,0.0,heterogeneity,dynasurv,2,MONOCT std alone,counterfactual,571,0.1070502929970893,1.2775189068305424,0.516341672856141
legacy_reused_holdout,1,bestCI,0,0,0.0,heterogeneity,dynasurv,2,POLYCT alone,counterfactual,755,0.1491526605994257,1.6949586467585325,-0.6003270949087831
legacy_reused_holdout,1,bestCI,0,0,0.0,heterogeneity,dynasurv,3,ET alone,factual,14,0.10470099228424,0.9399266200736458,-0.2451091488448981
legacy_reused_holdout,1,bestCI,0,0,0.0,heterogeneity,dynasurv,3,ET+ANTI-CDK wo CT,factual,57,0.0958431453726443,0.6022521908776023,0.0721214799102743
legacy_reused_holdout,1,bestCI,0,0,0.0,heterogeneity,dynasurv,3,MONOCT std alone,factual,274,0.1176429245096246,0.9402429765106664,0.1027515491554762
legacy_reused_holdout,1,bestCI,0,0,0.0,heterogeneity,dynasurv,3,POLYCT alone,factual,93,0.1092845266978508,0.8322971526013324,-0.4273509075905928
legacy_reused_holdout,1,bestCI,0,0,0.0,heterogeneity,dynasurv,3,ET alone,counterfactual,424,0.1174097216512744,0.9153084390091992,-0.0071018733190689
legacy_reused_holdout,1,bestCI,0,0,0.0,heterogeneity,dynasurv,3,ET+ANTI-CDK wo CT,counterfactual,381,0.1091074158783042,0.8386425754522099,0.0414703429715549
legacy_reused_holdout,1,bestCI,0,0,0.0,heterogeneity,dynasurv,3,MONOCT std alone,counterfactual,164,0.094867606364233,0.7545419507015336,-0.1668015418297004
legacy_reused_holdout,1,bestCI,0,0,0.0,heterogeneity,dynasurv,3,POLYCT alone,counterfactual,345,0.1270398848712961,1.0403429674452973,-0.4100707796682432
legacy_reused_holdout,1,bestCI,0,0,0.0,heterogeneity,dynasurv,4,ET+ANTI-CDK wo CT,factual,11,0.0543557907989068,0.4052804947261647,-0.2647235538480869
legacy_reused_holdout,1,bestCI,0,0,0.0,heterogeneity,dynasurv,4,MONOCT std alone,factual,117,0.1349637388276442,1.080659967162327,-0.2144911921425704
legacy_reused_holdout,1,bestCI,0,0,0.0,heterogeneity,dynasurv,4,POLYCT alone,factual,65,0.1341980659109294,1.1911899199469418,-0.7012674227978914
legacy_reused_holdout,1,bestCI,0,0,0.0,heterogeneity,dynasurv,4,ET+ANTI-CDK wo CT,counterfactual,187,0.138690852244211,1.1086726080732323,-0.3060232554908199
legacy_reused_holdout,1,bestCI,0,0,0.0,heterogeneity,dynasurv,4,MONOCT std alone,counterfactual,81,0.1195586963046193,1.0562118328824506,-0.3732851586466013
legacy_reused_holdout,1,bestCI,0,0,0.0,heterogeneity,dynasurv,4,POLYCT alone,counterfactual,133,0.1567394691347063,1.3178653702864844,-0.7902213694969734
legacy_reused_holdout,1,bestCI,0,0,0.0,heterogeneity,dynasurv,all,ET alone,factual,422,0.1527074806202477,2.3148015220342564,2.1592825218740783
legacy_reused_holdout,1,bestCI,0,0,0.0,heterogeneity,dynasurv,all,ET+ANTI-CDK wo CT,factual,1848,0.1113589736653146,1.690038288030855,1.608743800018261
legacy_reused_holdout,1,bestCI,0,0,0.0,heterogeneity,dynasurv,all,MONOCT std alone,factual,799,0.1377556078626086,1.55768729766026,0.8218956040178396
legacy_reused_holdout,1,bestCI,0,0,0.0,heterogeneity,dynasurv,all,POLYCT alone,factual,379,0.1404127771563365,1.6358288260124152,-0.166860774466429
legacy_reused_holdout,1,bestCI,0,0,0.0,heterogeneity,dynasurv,all,ET alone,counterfactual,2833,0.1333880239796114,1.8533719278341376,1.5953568011287882
legacy_reused_holdout,1,bestCI,0,0,0.0,heterogeneity,dynasurv,all,ET+ANTI-CDK wo CT,counterfactual,1605,0.1381611939294579,1.7193345814549987,1.253924575134708
legacy_reused_holdout,1,bestCI,0,0,0.0,heterogeneity,dynasurv,all,MONOCT std alone,counterfactual,2654,0.1376667484295727,1.8162002038945804,0.8722589776234517
legacy_reused_holdout,1,bestCI,0,0,0.0,heterogeneity,dynasurv,all,POLYCT alone,counterfactual,3074,0.1792496754063614,2.4705267772478128,-1.59470155573635
legacy_reused_holdout,1,bestCI,0,0,0.0,heterogeneity,oracle,1,ET alone,factual,287,0.0,7.942828265108493e-06,-7.59945164982751e-06
legacy_reused_holdout,1,bestCI,0,0,0.0,heterogeneity,oracle,1,ET+ANTI-CDK wo CT,factual,1415,0.0,6.563132314226151e-06,-6.537874047202401e-06
legacy_reused_holdout,1,bestCI,0,0,0.0,heterogeneity,oracle,1,MONOCT std alone,factual,139,0.0,8.375714404425818e-06,-8.202434708299253e-06
legacy_reused_holdout,1,bestCI,0,0,0.0,heterogeneity,oracle,1,POLYCT alone,factual,136,0.0,8.580417682199146e-06,-8.501868676076143e-06
legacy_reused_holdout,1,bestCI,0,0,0.0,heterogeneity,oracle,1,ET alone,counterfactual,1690,0.0,7.455888380381552e-06,-7.399532670080934e-06
legacy_reused_holdout,1,bestCI,0,0,0.0,heterogeneity,oracle,1,ET+ANTI-CDK wo CT,counterfactual,562,0.0,7.800832738598794e-06,-7.717738522001567e-06
legacy_reused_holdout,1,bestCI,0,0,0.0,heterogeneity,oracle,1,MONOCT std alone,counterfactual,1838,0.0,7.75729412462252e-06,-7.6157207592487314e-06
legacy_reused_holdout,1,bestCI,0,0,0.0,heterogeneity,oracle,1,POLYCT alone,counterfactual,1841,0.0,7.448726925666418e-06,-7.349265994563237e-06
legacy_reused_holdout,1,bestCI,0,0,0.0,heterogeneity,oracle,2,ET alone,factual,121,0.0,1.3452365848974736e-05,-1.3170785388105695e-05
legacy_reused_holdout,1,bestCI,0,0,0.0,heterogeneity,oracle,2,ET+ANTI-CDK wo CT,factual,365,0.0,1.1463886524008527e-05,-1.1315235401975256e-05
legacy_reused_holdout,1,bestCI,0,0,0.0,heterogeneity,oracle,2,MONOCT std alone,factual,269,0.0,1.3460445459854506e-05,-1.202080989276482e-05
legacy_reused_holdout,1,bestCI,0,0,0.0,heterogeneity,oracle,2,POLYCT alone,factual,85,0.0,1.3185881701528e-05,-1.2095726673944747e-05
legacy_reused_holdout,1,bestCI,0,0,0.0,heterogeneity,oracle,2,ET alone,counterfactual,719,0.0,1.2884311453959264e-05,-1.221482102289806e-05
legacy_reused_holdout,1,bestCI,0,0,0.0,heterogeneity,oracle,2,ET+ANTI-CDK wo CT,counterfactual,475,0.0,1.3364585799478552e-05,-1.291311810908194e-05
legacy_reused_holdout,1,bestCI,0,0,0.0,heterogeneity,oracle,2,MONOCT std alone,counterfactual,571,0.0,1.288280874237207e-05,-1.2350253536368148e-05
legacy_reused_holdout,1,bestCI,0,0,0.0,heterogeneity,oracle,2,POLYCT alone,counterfactual,755,0.0,1.2941399017871225e-05,-1.2381436529985684e-05
legacy_reused_holdout,1,bestCI,0,0,0.0,heterogeneity,oracle,3,ET alone,factual,14,0.0,1.6447420564296472e-05,-1.6447420564296472e-05
legacy_reused_holdout,1,bestCI,0,0,0.0,heterogeneity,oracle,3,ET+ANTI-CDK wo CT,factual,57,0.0,1.1243466563162336e-05,-1.1243466563162336e-05
legacy_reused_holdout,1,bestCI,0,0,0.0,heterogeneity,oracle,3,MONOCT std alone,factual,274,0.0,1.860646918129528e-05,-1.7208881216307653e-05
legacy_reused_holdout,1,bestCI,0,0,0.0,heterogeneity,oracle,3,POLYCT alone,factual,93,0.0,1.88462652816641e-05,-1.88462652816641e-05
legacy_reused_holdout,1,bestCI,0,0,0.0,heterogeneity,oracle,3,ET alone,counterfactual,424,0.0,1.767894776847063e-05,-1.6975210717170962e-05
legacy_reused_holdout,1,bestCI,0,0,0.0,heterogeneity,oracle,3,ET+ANTI-CDK wo CT,counterfactual,381,0.0,1.761664667892269e-05,-1.7219272111401437e-05
legacy_reused_holdout,1,bestCI,0,0,0.0,heterogeneity,oracle,3,MONOCT std alone,counterfactual,164,0.0,1.690226154030453e-05,-1.6690272810969715e-05
legacy_reused_holdout,1,bestCI,0,0,0.0,heterogeneity,oracle,3,POLYCT alone,counterfactual,345,0.0,1.7314304552280974e-05,-1.6449421915321383e-05
legacy_reused_holdout,1,bestCI,0,0,0.0,heterogeneity,oracle,4,ET+ANTI-CDK wo CT,factual,11,0.0,1.2499852120322949e-05,-1.2499852120322949e-05
legacy_reused_holdout,1,bestCI,0,0,0.0,heterogeneity,oracle,4,MONOCT std alone,factual,117,0.0,1.9693594620414748e-05,-1.487644789543142e-05
legacy_reused_holdout,1,bestCI,0,0,0.0,heterogeneity,oracle,4,POLYCT alone,factual,65,0.0,1.9391486046170205e-05,-1.920653902808694e-05
legacy_reused_holdout,1,bestCI,0,0,0.0,heterogeneity,oracle,4,ET+ANTI-CDK wo CT,counterfactual,187,0.0,1.839758731979535e-05,-1.7282406084358578e-05
legacy_reused_holdout,1,bestCI,0,0,0.0,heterogeneity,oracle,4,MONOCT std alone,counterfactual,81,0.0,1.812822140355184e-05,-1.739883440446776e-05
legacy_reused_holdout,1,bestCI,0,0,0.0,heterogeneity,oracle,4,POLYCT alone,counterfactual,133,0.0,1.8488809927346873e-05,-1.5148791638328324e-05
legacy_reused_holdout,1,bestCI,0,0,0.0,heterogeneity,oracle,all,ET alone,factual,422,0.0,9.804720065668797e-06,-9.49045389422141e-06
legacy_reused_holdout,1,bestCI,0,0,0.0,heterogeneity,oracle,all,ET+ANTI-CDK wo CT,factual,1848,0.0,7.710782885994006e-06,-7.662082611437323e-06
legacy_reused_holdout,1,bestCI,0,0,0.0,heterogeneity,oracle,all,MONOCT std alone,factual,799,0.0,1.5253325728635148e-05,-1.3553834972016404e-05
legacy_reused_holdout,1,bestCI,0,0,0.0,heterogeneity,oracle,all,POLYCT alone,factual,379,0.0,1.3986506632202609e-05,-1.3682107164253486e-05
legacy_reused_holdout,1,bestCI,0,0,0.0,heterogeneity,oracle,all,ET alone,counterfactual,2833,0.0,1.036362342113416e-05,-1.0054767339209662e-05
legacy_reused_holdout,1,bestCI,0,0,0.0,heterogeneity,oracle,all,ET+ANTI-CDK wo CT,counterfactual,1605,0.0,1.3012172876832468e-05,-1.2625204213955018e-05
legacy_reused_holdout,1,bestCI,0,0,0.0,heterogeneity,oracle,all,MONOCT std alone,counterfactual,2654,0.0,9.741653059249545e-06,-9.493669876611269e-06
legacy_reused_holdout,1,bestCI,0,0,0.0,heterogeneity,oracle,all,POLYCT alone,counterfactual,3074,0.0,1.03826640597003e-05,-9.943989305404571e-06
legacy_reused_holdout,1,bestCI,0,0,0.0,heterogeneity,naive_km,1,ET alone,factual,287,0.1346006762882698,2.021109285947374,0.4652656404933336
legacy_reused_holdout,1,bestCI,0,0,0.0,heterogeneity,naive_km,1,ET+ANTI-CDK wo CT,factual,1415,0.0884983498879602,1.3266396541911816,0.2140781582039451
legacy_reused_holdout,1,bestCI,0,0,0.0,heterogeneity,naive_km,1,MONOCT std alone,factual,139,0.1549642380307745,2.764146764738363,0.7372924408838288
legacy_reused_holdout,1,bestCI,0,0,0.0,heterogeneity,naive_km,1,POLYCT alone,factual,136,0.1237202868089693,1.9251564872270903,0.4461147831279867
legacy_reused_holdout,1,bestCI,0,0,0.0,heterogeneity,naive_km,1,ET alone,counterfactual,1690,0.1121667270192608,1.8568991626097415,-0.1787123279634622
legacy_reused_holdout,1,bestCI,0,0,0.0,heterogeneity,naive_km,1,ET+ANTI-CDK wo CT,counterfactual,562,0.1416405603511534,2.0378621344875376,1.482591502723416
legacy_reused_holdout,1,bestCI,0,0,0.0,heterogeneity,naive_km,1,MONOCT std alone,counterfactual,1838,0.1366715978130101,2.511617275234518,-1.5495233602633254
legacy_reused_holdout,1,bestCI,0,0,0.0,heterogeneity,naive_km,1,POLYCT alone,counterfactual,1841,0.1211133270938086,2.0677516729682988,-0.696819710248415
legacy_reused_holdout,1,bestCI,0,0,0.0,heterogeneity,naive_km,2,ET alone,factual,121,0.1435605830551203,1.705900997289591,0.6586626357345299
legacy_reused_holdout,1,bestCI,0,0,0.0,heterogeneity,naive_km,2,ET+ANTI-CDK wo CT,factual,365,0.115930371596149,1.28808177915252,0.2967332086320878
legacy_reused_holdout,1,bestCI,0,0,0.0,heterogeneity,naive_km,2,MONOCT std alone,factual,269,0.1554467315758734,1.999216543962909,0.1508051563835555
legacy_reused_holdout,1,bestCI,0,0,0.0,heterogeneity,naive_km,2,POLYCT alone,factual,85,0.1648716185193373,2.1214609937204836,0.7304570482938851
legacy_reused_holdout,1,bestCI,0,0,0.0,heterogeneity,naive_km,2,ET alone,counterfactual,719,0.1571470522796899,1.8960198492892304,0.5560932416867465
legacy_reused_holdout,1,bestCI,0,0,0.0,heterogeneity,naive_km,2,ET+ANTI-CDK wo CT,counterfactual,475,0.1772901240105306,2.0783323771192377,1.7332005714539134
legacy_reused_holdout,1,bestCI,0,0,0.0,heterogeneity,naive_km,2,MONOCT std alone,counterfactual,571,0.1667443680866093,2.3192607678832204,-1.3065982418732471
legacy_reused_holdout,1,bestCI,0,0,0.0,heterogeneity,naive_km,2,POLYCT alone,counterfactual,755,0.1480375189023058,1.8986598821048393,-0.1692284586251884
legacy_reused_holdout,1,bestCI,0,0,0.0,heterogeneity,naive_km,3,ET alone,factual,14,0.1434602270708329,1.104296696265825,0.4975657907664766
legacy_reused_holdout,1,bestCI,0,0,0.0,heterogeneity,naive_km,3,ET+ANTI-CDK wo CT,factual,57,0.1241236397815565,0.7824668989543668,0.101088583772786
legacy_reused_holdout,1,bestCI,0,0,0.0,heterogeneity,naive_km,3,MONOCT std alone,factual,274,0.1591871750958123,1.3020550559280004,0.3216703369496901
legacy_reused_holdout,1,bestCI,0,0,0.0,heterogeneity,naive_km,3,POLYCT alone,factual,93,0.1097234964517935,0.9490016669728,0.0088458262154051
legacy_reused_holdout,1,bestCI,0,0,0.0,heterogeneity,naive_km,3,ET alone,counterfactual,424,0.162723035588829,1.2267040076708935,0.7991735622720982
legacy_reused_holdout,1,bestCI,0,0,0.0,heterogeneity,naive_km,3,ET+ANTI-CDK wo CT,counterfactual,381,0.1617686282243326,1.1806889524532675,1.0042785983164613
legacy_reused_holdout,1,bestCI,0,0,0.0,heterogeneity,naive_km,3,MONOCT std alone,counterfactual,164,0.1382638746608937,1.2534912580952238,-0.3928227371239426
legacy_reused_holdout,1,bestCI,0,0,0.0,heterogeneity,naive_km,3,POLYCT alone,counterfactual,345,0.1539345459585174,1.265497094055655,0.1911487698438839
legacy_reused_holdout,1,bestCI,0,0,0.0,heterogeneity,naive_km,4,ET+ANTI-CDK wo CT,factual,11,0.0986553620563117,0.8777494745986476,-0.3895243100543686
legacy_reused_holdout,1,bestCI,0,0,0.0,heterogeneity,naive_km,4,MONOCT std alone,factual,117,0.1832640550147476,1.49751336706269,0.1716736664118338
legacy_reused_holdout,1,bestCI,0,0,0.0,heterogeneity,naive_km,4,POLYCT alone,factual,65,0.1374645526396296,1.182145950628951,-0.2732312119709905
legacy_reused_holdout,1,bestCI,0,0,0.0,heterogeneity,naive_km,4,ET+ANTI-CDK wo CT,counterfactual,187,0.1894705043977719,1.479815694166722,1.1768071565663796
legacy_reused_holdout,1,bestCI,0,0,0.0,heterogeneity,naive_km,4,MONOCT std alone,counterfactual,81,0.1581548365983576,1.384181576554068,-0.0202335727600339
legacy_reused_holdout,1,bestCI,0,0,0.0,heterogeneity,naive_km,4,POLYCT alone,counterfactual,133,0.1845472253585612,1.6226859665294315,-0.3764899828461085
legacy_reused_holdout,1,bestCI,0,0,0.0,heterogeneity,naive_km,all,ET alone,factual,422,0.1375270369524526,1.9003140746129343,0.5217899024080463
legacy_reused_holdout,1,bestCI,0,0,0.0,heterogeneity,naive_km,all,ET+ANTI-CDK wo CT,factual,1848,0.0958359451171077,1.2995675419546406,0.2233254853212906
legacy_reused_holdout,1,bestCI,0,0,0.0,heterogeneity,naive_km,all,MONOCT std alone,factual,799,0.1609997197048776,1.8197469335359973,0.3144852661382081
legacy_reused_holdout,1,bestCI,0,0,0.0,heterogeneity,naive_km,all,POLYCT alone,factual,379,0.1333569053373116,1.6022219222914975,0.2792166033517275
legacy_reused_holdout,1,bestCI,0,0,0.0,heterogeneity,naive_km,all,ET alone,counterfactual,2833,0.1331756289625425,1.772509832580967,0.1541322968294702
legacy_reused_holdout,1,bestCI,0,0,0.0,heterogeneity,naive_km,all,ET+ANTI-CDK wo CT,counterfactual,1605,0.1634680985933257,1.7813423205031187,1.407588648104457
legacy_reused_holdout,1,bestCI,0,0,0.0,heterogeneity,naive_km,all,MONOCT std alone,counterfactual,2654,0.144438936405346,2.3580790219935417,-1.3791082820480427
legacy_reused_holdout,1,bestCI,0,0,0.0,heterogeneity,naive_km,all,POLYCT alone,counterfactual,3074,0.1352787402874525,1.916926731269163,-0.4537213451371965
legacy_reused_holdout,1,bestCI,1,1,0.0,heterogeneity,dynasurv,1,ET alone,factual,298,0.0855349894516451,1.2940334548916643,0.538648509216301
legacy_reused_holdout,1,bestCI,1,1,0.0,heterogeneity,dynasurv,1,ET+ANTI-CDK wo CT,factual,1423,0.0871841957035592,1.326142549192755,1.2003237957690427
legacy_reused_holdout,1,bestCI,1,1,0.0,heterogeneity,dynasurv,1,MONOCT std alone,factual,137,0.123017610324282,2.0322696939480354,-0.2868321518489258
legacy_reused_holdout,1,bestCI,1,1,0.0,heterogeneity,dynasurv,1,POLYCT alone,factual,119,0.1255187145173068,2.02349817020072,-0.0365364298903443
legacy_reused_holdout,1,bestCI,1,1,0.0,heterogeneity,dynasurv,1,ET alone,counterfactual,1679,0.0798817555146829,1.15016963474304,0.5062396650866532
legacy_reused_holdout,1,bestCI,1,1,0.0,heterogeneity,dynasurv,1,ET+ANTI-CDK wo CT,counterfactual,554,0.1086340915493802,1.7598636644079029,1.382754821077092
legacy_reused_holdout,1,bestCI,1,1,0.0,heterogeneity,dynasurv,1,MONOCT std alone,counterfactual,1840,0.129653074770803,2.163407401384252,-1.5235223261842457
legacy_reused_holdout,1,bestCI,1,1,0.0,heterogeneity,dynasurv,1,POLYCT alone,counterfactual,1858,0.152858415034694,2.6192652865248083,-1.7143499193030611
legacy_reused_holdout,1,bestCI,1,1,0.0,heterogeneity,dynasurv,2,ET alone,factual,127,0.0983247707129061,1.1274076668281925,0.4246001174777843
legacy_reused_holdout,1,bestCI,1,1,0.0,heterogeneity,dynasurv,2,ET+ANTI-CDK wo CT,factual,354,0.0980449533066225,1.1170747168079256,0.9494119734348516
legacy_reused_holdout,1,bestCI,1,1,0.0,heterogeneity,dynasurv,2,MONOCT std alone,factual,273,0.119091383558966,1.46349076405165,0.5658210368678549
legacy_reused_holdout,1,bestCI,1,1,0.0,heterogeneity,dynasurv,2,POLYCT alone,factual,86,0.1248256818399384,1.4837002549005736,0.775992613714156
legacy_reused_holdout,1,bestCI,1,1,0.0,heterogeneity,dynasurv,2,ET alone,counterfactual,713,0.1034147948022062,1.2136810344987985,0.5142755655727296
legacy_reused_holdout,1,bestCI,1,1,0.0,heterogeneity,dynasurv,2,ET+ANTI-CDK wo CT,counterfactual,486,0.141727592609939,1.6851668659473509,1.528046516686362
legacy_reused_holdout,1,bestCI,1,1,0.0,heterogeneity,dynasurv,2,MONOCT std alone,counterfactual,567,0.0963306181721016,1.156880314788702,0.1056357115881768
legacy_reused_holdout,1,bestCI,1,1,0.0,heterogeneity,dynasurv,2,POLYCT alone,counterfactual,754,0.1038918585357832,1.264226707552407,0.2000027104305218
legacy_reused_holdout,1,bestCI,1,1,0.0,heterogeneity,dynasurv,3,ET alone,factual,26,0.0615587881345389,0.5075190229671772,-0.2085208749443108
legacy_reused_holdout,1,bestCI,1,1,0.0,heterogeneity,dynasurv,3,ET+ANTI-CDK wo CT,factual,48,0.0445474674778319,0.3030387644075865,0.0636625346216094
legacy_reused_holdout,1,bestCI,1,1,0.0,heterogeneity,dynasurv,3,MONOCT std alone,factual,261,0.0989506994647523,0.8535720469598675,-0.1798026515629363
legacy_reused_holdout,1,bestCI,1,1,0.0,heterogeneity,dynasurv,3,POLYCT alone,factual,103,0.0811285281070368,0.63600861882968,0.1614198908179077
legacy_reused_holdout,1,bestCI,1,1,0.0,heterogeneity,dynasurv,3,ET alone,counterfactual,412,0.0876244156926186,0.6978358493245236,0.0765836480223821
legacy_reused_holdout,1,bestCI,1,1,0.0,heterogeneity,dynasurv,3,ET+ANTI-CDK wo CT,counterfactual,390,0.0863515260932446,0.6584549503470828,0.305688066525574
legacy_reused_holdout,1,bestCI,1,1,0.0,heterogeneity,dynasurv,3,MONOCT std alone,counterfactual,177,0.0804603035006312,0.696052897816976,-0.3313872845660451
legacy_reused_holdout,1,bestCI,1,1,0.0,heterogeneity,dynasurv,3,POLYCT alone,counterfactual,335,0.0976812827622262,0.7963330621558544,-0.1532697794206672
legacy_reused_holdout,1,bestCI,1,1,0.0,heterogeneity,dynasurv,4,MONOCT std alone,factual,113,0.1248255052240609,1.1298797920081272,-0.4342776825654789
legacy_reused_holdout,1,bestCI,1,1,0.0,heterogeneity,dynasurv,4,POLYCT alone,factual,76,0.112426248660979,0.971433561049934,-0.3212539565491005
legacy_reused_holdout,1,bestCI,1,1,0.0,heterogeneity,dynasurv,4,MONOCT std alone,counterfactual,85,0.1218401661513225,1.117769675473559,-0.6420226066162319
legacy_reused_holdout,1,bestCI,1,1,0.0,heterogeneity,dynasurv,4,POLYCT alone,counterfactual,122,0.1250829522348633,1.1033984515093862,-0.4053833544179667
legacy_reused_holdout,1,bestCI,1,1,0.0,heterogeneity,dynasurv,all,ET alone,factual,451,0.0881765267302135,1.2017699286963262,0.4634588202163731
legacy_reused_holdout,1,bestCI,1,1,0.0,heterogeneity,dynasurv,all,ET+ANTI-CDK wo CT,factual,1825,0.0885639870810077,1.258680086544033,1.1217580282943136
legacy_reused_holdout,1,bestCI,1,1,0.0,heterogeneity,dynasurv,all,MONOCT std alone,factual,784,0.1144049167708239,1.3117508257786037,0.0244531480533113
legacy_reused_holdout,1,bestCI,1,1,0.0,heterogeneity,dynasurv,all,POLYCT alone,factual,384,0.1124234361619288,1.3222196420692367,0.1421835356223419
legacy_reused_holdout,1,bestCI,1,1,0.0,heterogeneity,dynasurv,all,ET alone,counterfactual,2804,0.0875699718833221,1.0998565493056032,0.4451524033234908
legacy_reused_holdout,1,bestCI,1,1,0.0,heterogeneity,dynasurv,all,ET+ANTI-CDK wo CT,counterfactual,1430,0.1158977320725675,1.4340930052921346,1.1383881985533253
legacy_reused_holdout,1,bestCI,1,1,0.0,heterogeneity,dynasurv,all,MONOCT std alone,counterfactual,2669,0.1202586810583041,1.8189706041068097,-1.0702934067587433
legacy_reused_holdout,1,bestCI,1,1,0.0,heterogeneity,dynasurv,all,POLYCT alone,counterfactual,3069,0.1358714941521606,2.027112423187998,-1.0215908281998662
legacy_reused_holdout,1,bestCI,1,1,0.0,heterogeneity,oracle,1,ET alone,factual,298,0.0,7.993786729103513e-06,-7.902222759858631e-06
legacy_reused_holdout,1,bestCI,1,1,0.0,heterogeneity,oracle,1,ET+ANTI-CDK wo CT,factual,1423,0.0,6.469986590417201e-06,-6.441045631075671e-06
legacy_reused_holdout,1,bestCI,1,1,0.0,heterogeneity,oracle,1,MONOCT std alone,factual,137,0.0,8.530226824318557e-06,-8.165439562561899e-06
legacy_reused_holdout,1,bestCI,1,1,0.0,heterogeneity,oracle,1,POLYCT alone,factual,119,0.0,8.346382335802486e-06,-8.325853000857127e-06
legacy_reused_holdout,1,bestCI,1,1,0.0,heterogeneity,oracle,1,ET alone,counterfactual,1679,0.0,7.34789095969532e-06,-7.279107280595829e-06
legacy_reused_holdout,1,bestCI,1,1,0.0,heterogeneity,oracle,1,ET+ANTI-CDK wo CT,counterfactual,554,0.0,7.80355665821007e-06,-7.779181113713453e-06
legacy_reused_holdout,1,bestCI,1,1,0.0,heterogeneity,oracle,1,MONOCT std alone,counterfactual,1840,0.0,7.64959777391675e-06,-7.560907221371149e-06
legacy_reused_holdout,1,bestCI,1,1,0.0,heterogeneity,oracle,1,POLYCT alone,counterfactual,1858,0.0,7.387533836728092e-06,-7.312005920051814e-06
legacy_reused_holdout,1,bestCI,1,1,0.0,heterogeneity,oracle,2,ET alone,factual,127,0.0,1.3899429999796991e-05,-1.3574873755351984e-05
legacy_reused_holdout,1,bestCI,1,1,0.0,heterogeneity,oracle,2,ET+ANTI-CDK wo CT,factual,354,0.0,1.1667961133959505e-05,-1.1609019943680728e-05
legacy_reused_holdout,1,bestCI,1,1,0.0,heterogeneity,oracle,2,MONOCT std alone,factual,273,0.0,1.345462992142276e-05,-1.1745040402421052e-05
legacy_reused_holdout,1,bestCI,1,1,0.0,heterogeneity,oracle,2,POLYCT alone,factual,86,0.0,1.3732553866827227e-05,-1.3346841717640677e-05
legacy_reused_holdout,1,bestCI,1,1,0.0,heterogeneity,oracle,2,ET alone,counterfactual,713,0.0,1.309474194496557e-05,-1.2496728506098742e-05
legacy_reused_holdout,1,bestCI,1,1,0.0,heterogeneity,oracle,2,ET+ANTI-CDK wo CT,counterfactual,486,0.0,1.3550051360637312e-05,-1.3099870087702802e-05
legacy_reused_holdout,1,bestCI,1,1,0.0,heterogeneity,oracle,2,MONOCT std alone,counterfactual,567,0.0,1.326844196987961e-05,-1.2993443711126673e-05
legacy_reused_holdout,1,bestCI,1,1,0.0,heterogeneity,oracle,2,POLYCT alone,counterfactual,754,0.0,1.315753180926728e-05,-1.2581363400611415e-05
legacy_reused_holdout,1,bestCI,1,1,0.0,heterogeneity,oracle,3,ET alone,factual,26,0.0,1.5315104403881626e-05,-1.5315104403881626e-05
legacy_reused_holdout,1,bestCI,1,1,0.0,heterogeneity,oracle,3,ET+ANTI-CDK wo CT,factual,48,0.0,1.19029153964334e-05,-1.19029153964334e-05
legacy_reused_holdout,1,bestCI,1,1,0.0,heterogeneity,oracle,3,MONOCT std alone,factual,261,0.0,1.8290442558505585e-05,-1.7526958730404495e-05
legacy_reused_holdout,1,bestCI,1,1,0.0,heterogeneity,oracle,3,POLYCT alone,factual,103,0.0,1.8381157442702243e-05,-1.786004797159818e-05
legacy_reused_holdout,1,bestCI,1,1,0.0,heterogeneity,oracle,3,ET alone,counterfactual,412,0.0,1.7637255777411886e-05,-1.7223121538087443e-05
legacy_reused_holdout,1,bestCI,1,1,0.0,heterogeneity,oracle,3,ET+ANTI-CDK wo CT,counterfactual,390,0.0,1.725641643846032e-05,-1.7169729305719875e-05
legacy_reused_holdout,1,bestCI,1,1,0.0,heterogeneity,oracle,3,MONOCT std alone,counterfactual,177,0.0,1.7118400878467795e-05,-1.6621079547844862e-05
legacy_reused_holdout,1,bestCI,1,1,0.0,heterogeneity,oracle,3,POLYCT alone,counterfactual,335,0.0,1.7228307099093397e-05,-1.6879205513786082e-05
legacy_reused_holdout,1,bestCI,1,1,0.0,heterogeneity,oracle,4,MONOCT std alone,factual,113,0.0,1.989140453590723e-05,-1.4721486754068946e-05
legacy_reused_holdout,1,bestCI,1,1,0.0,heterogeneity,oracle,4,POLYCT alone,factual,76,0.0,1.8465646562364724e-05,-1.7852456676830342e-05
legacy_reused_holdout,1,bestCI,1,1,0.0,heterogeneity,oracle,4,MONOCT std alone,counterfactual,85,0.0,1.8690464610483057e-05,-1.7769591748262314e-05
legacy_reused_holdout,1,bestCI,1,1,0.0,heterogeneity,oracle,4,POLYCT alone,counterfactual,122,0.0,1.9491265667608935e-05,-1.5686765810504446e-05
legacy_reused_holdout,1,bestCI,1,1,0.0,heterogeneity,oracle,all,ET alone,factual,451,0.0,1.0078866451769374e-05,-9.926971316781588e-06
legacy_reused_holdout,1,bestCI,1,1,0.0,heterogeneity,oracle,all,ET+ANTI-CDK wo CT,factual,1825,0.0,7.621144711569394e-06,-7.587145716226006e-06
legacy_reused_holdout,1,bestCI,1,1,0.0,heterogeneity,oracle,all,MONOCT std alone,factual,784,0.0,1.5131746509958583e-05,-1.3473374339001646e-05
legacy_reused_holdout,1,bestCI,1,1,0.0,heterogeneity,oracle,all,POLYCT alone,factual,384,0.0,1.4247050744389813e-05,-1.3893168081595872e-05
legacy_reused_holdout,1,bestCI,1,1,0.0,heterogeneity,oracle,all,ET alone,counterfactual,2804,0.0,1.0321044689152135e-05,-1.006694530052098e-05
legacy_reused_holdout,1,bestCI,1,1,0.0,heterogeneity,oracle,all,ET+ANTI-CDK wo CT,counterfactual,1430,0.0,1.2334613818823522e-05,-1.2148529810385713e-05
legacy_reused_holdout,1,bestCI,1,1,0.0,heterogeneity,oracle,all,MONOCT std alone,counterfactual,2669,0.0,9.822822386027883e-06,-9.640951011653268e-06
legacy_reused_holdout,1,bestCI,1,1,0.0,heterogeneity,oracle,all,POLYCT alone,counterfactual,3069,0.0,1.0360454266038743e-05,-9.983830003101062e-06
legacy_reused_holdout,1,bestCI,1,1,0.0,heterogeneity,naive_km,1,ET alone,factual,298,0.1223484522263337,1.9909807856645416,0.3851714916287413
legacy_reused_holdout,1,bestCI,1,1,0.0,heterogeneity,naive_km,1,ET+ANTI-CDK wo CT,factual,1423,0.0890336538491941,1.3322519876781822,0.1018995550149861
legacy_reused_holdout,1,bestCI,1,1,0.0,heterogeneity,naive_km,1,MONOCT std alone,factual,137,0.1495628072107239,2.549219557880784,0.1939310103034018
legacy_reused_holdout,1,bestCI,1,1,0.0,heterogeneity,naive_km,1,POLYCT alone,factual,119,0.1184815143026843,2.04172597610811,-0.4173680767584268
legacy_reused_holdout,1,bestCI,1,1,0.0,heterogeneity,naive_km,1,ET alone,counterfactual,1679,0.1127681213270831,1.850540819021998,-0.2741507780318084
legacy_reused_holdout,1,bestCI,1,1,0.0,heterogeneity,naive_km,1,ET+ANTI-CDK wo CT,counterfactual,554,0.1322656532686235,1.9542819825760611,1.3226003826763513
legacy_reused_holdout,1,bestCI,1,1,0.0,heterogeneity,naive_km,1,MONOCT std alone,counterfactual,1840,0.1531956466405679,2.958143743743214,-2.259565210883429
legacy_reused_holdout,1,bestCI,1,1,0.0,heterogeneity,naive_km,1,POLYCT alone,counterfactual,1858,0.1291187555710134,2.3289581975651017,-1.27525926903411
legacy_reused_holdout,1,bestCI,1,1,0.0,heterogeneity,naive_km,2,ET alone,factual,127,0.1297043639163482,1.6356707795254328,0.0108345942916975
legacy_reused_holdout,1,bestCI,1,1,0.0,heterogeneity,naive_km,2,ET+ANTI-CDK wo CT,factual,354,0.1130786654534879,1.2765347392148656,0.4940625146659461
legacy_reused_holdout,1,bestCI,1,1,0.0,heterogeneity,naive_km,2,MONOCT std alone,factual,273,0.1711432043073861,2.2514667631552685,0.4151793865914847
legacy_reused_holdout,1,bestCI,1,1,0.0,heterogeneity,naive_km,2,POLYCT alone,factual,86,0.1487721604256652,1.9419720743986053,0.3198265260973409
legacy_reused_holdout,1,bestCI,1,1,0.0,heterogeneity,naive_km,2,ET alone,counterfactual,713,0.1573566756392065,1.9906966471523695,0.2503070721233786
legacy_reused_holdout,1,bestCI,1,1,0.0,heterogeneity,naive_km,2,ET+ANTI-CDK wo CT,counterfactual,486,0.1927421831609726,2.266081805961792,2.0122240112584553
legacy_reused_holdout,1,bestCI,1,1,0.0,heterogeneity,naive_km,2,MONOCT std alone,counterfactual,567,0.1655472912067501,2.2952109429388923,-1.4238209422008823
legacy_reused_holdout,1,bestCI,1,1,0.0,heterogeneity,naive_km,2,POLYCT alone,counterfactual,754,0.1543530346434434,2.022998006140409,-0.3179131522925817
legacy_reused_holdout,1,bestCI,1,1,0.0,heterogeneity,naive_km,3,ET alone,factual,26,0.1175911602876948,1.1086638368642558,-0.7418978135957921
legacy_reused_holdout,1,bestCI,1,1,0.0,heterogeneity,naive_km,3,ET+ANTI-CDK wo CT,factual,48,0.0694584469097946,0.5793639014644515,-0.2449027299200055
legacy_reused_holdout,1,bestCI,1,1,0.0,heterogeneity,naive_km,3,MONOCT std alone,factual,261,0.1520234672274333,1.271859798145541,0.2476549476610328
legacy_reused_holdout,1,bestCI,1,1,0.0,heterogeneity,naive_km,3,POLYCT alone,factual,103,0.1404595576644981,1.1034410937613686,0.3336562885487791
legacy_reused_holdout,1,bestCI,1,1,0.0,heterogeneity,naive_km,3,ET alone,counterfactual,412,0.1435653750206752,1.179096403272708,0.153081885108363
legacy_reused_holdout,1,bestCI,1,1,0.0,heterogeneity,naive_km,3,ET+ANTI-CDK wo CT,counterfactual,390,0.1568523391226285,1.1440337831355167,0.89830681340663
legacy_reused_holdout,1,bestCI,1,1,0.0,heterogeneity,naive_km,3,MONOCT std alone,counterfactual,177,0.1422144064922069,1.2524461619863845,-0.3888062960160618
legacy_reused_holdout,1,bestCI,1,1,0.0,heterogeneity,naive_km,3,POLYCT alone,counterfactual,335,0.1429542023441678,1.1822103626186478,0.1499384727352716
legacy_reused_holdout,1,bestCI,1,1,0.0,heterogeneity,naive_km,4,MONOCT std alone,factual,113,0.1896453994220716,1.6359572187862566,0.0910666554657954
legacy_reused_holdout,1,bestCI,1,1,0.0,heterogeneity,naive_km,4,POLYCT alone,factual,76,0.1561227660124371,1.378845490581357,0.0507196699660988
legacy_reused_holdout,1,bestCI,1,1,0.0,heterogeneity,naive_km,4,MONOCT std alone,counterfactual,85,0.1600028056663754,1.4523384478803878,-0.2476794014388413
legacy_reused_holdout,1,bestCI,1,1,0.0,heterogeneity,naive_km,4,POLYCT alone,counterfactual,122,0.181684750148439,1.5089805727849648,0.2406390022496819
legacy_reused_holdout,1,bestCI,1,1,0.0,heterogeneity,naive_km,all,ET alone,factual,451,0.1241991975487286,1.8400614698142663,0.2147843787736583
legacy_reused_holdout,1,bestCI,1,1,0.0,heterogeneity,naive_km,all,ET+ANTI-CDK wo CT,factual,1825,0.0937446415257251,1.3016423799552927,0.1688470498311835
legacy_reused_holdout,1,bestCI,1,1,0.0,heterogeneity,naive_km,all,MONOCT std alone,factual,784,0.16427337050489,1.88866336582894,0.274031880558936
legacy_reused_holdout,1,bestCI,1,1,0.0,heterogeneity,naive_km,all,POLYCT alone,factual,384,0.1393668850340891,1.6365147903561177,0.0418218040314226
legacy_reused_holdout,1,bestCI,1,1,0.0,heterogeneity,naive_km,all,ET alone,counterfactual,2804,0.1301508971598687,1.7875222762859948,-0.0780172885972866
legacy_reused_holdout,1,bestCI,1,1,0.0,heterogeneity,naive_km,all,ET+ANTI-CDK wo CT,counterfactual,1430,0.1615949899911052,1.8392735324946996,1.441259537554471
legacy_reused_holdout,1,bestCI,1,1,0.0,heterogeneity,naive_km,all,MONOCT std alone,counterfactual,2669,0.1554285896325905,2.6562386031754546,-1.8938845731624407
legacy_reused_holdout,1,bestCI,1,1,0.0,heterogeneity,naive_km,all,POLYCT alone,counterfactual,3069,0.1396045287181731,2.0960185497109287,-0.8242264229564047
legacy_reused_holdout,1,bestCI,2,2,0.0,heterogeneity,dynasurv,1,ET alone,factual,312,0.1105356187662365,1.7561271958993727,1.5731846021180833
legacy_reused_holdout,1,bestCI,2,2,0.0,heterogeneity,dynasurv,1,ET+ANTI-CDK wo CT,factual,1378,0.0791980773334266,1.2502975638195786,1.1213213853525632
legacy_reused_holdout,1,bestCI,2,2,0.0,heterogeneity,dynasurv,1,MONOCT std alone,factual,142,0.1276355672629612,1.983997974689676,0.0432610955679322
legacy_reused_holdout,1,bestCI,2,2,0.0,heterogeneity,dynasurv,1,POLYCT alone,factual,145,0.1116548533126708,1.65743501531965,0.4920887615434361
legacy_reused_holdout,1,bestCI,2,2,0.0,heterogeneity,dynasurv,1,ET alone,counterfactual,1665,0.0913712119515239,1.3863574910867456,1.1940387549790272
legacy_reused_holdout,1,bestCI,2,2,0.0,heterogeneity,dynasurv,1,ET+ANTI-CDK wo CT,counterfactual,599,0.1093873103794788,1.7100094699534083,1.5443770279205824
legacy_reused_holdout,1,bestCI,2,2,0.0,heterogeneity,dynasurv,1,MONOCT std alone,counterfactual,1835,0.0922317741335016,1.4814990241068815,-0.6031964902623345
legacy_reused_holdout,1,bestCI,2,2,0.0,heterogeneity,dynasurv,1,POLYCT alone,counterfactual,1832,0.1002303452615585,1.5746372761768226,-0.6452005110341633
legacy_reused_holdout,1,bestCI,2,2,0.0,heterogeneity,dynasurv,2,ET alone,factual,115,0.1111794609171543,1.3301575749446066,0.8554096533940214
legacy_reused_holdout,1,bestCI,2,2,0.0,heterogeneity,dynasurv,2,ET+ANTI-CDK wo CT,factual,379,0.0861677916686321,0.9300680248414828,0.6586681533274539
legacy_reused_holdout,1,bestCI,2,2,0.0,heterogeneity,dynasurv,2,MONOCT std alone,factual,273,0.1264813341573847,1.6044183295597143,0.5314903781606329
legacy_reused_holdout,1,bestCI,2,2,0.0,heterogeneity,dynasurv,2,POLYCT alone,factual,73,0.1004144531915018,1.3070048943862065,-0.1187810706606384
legacy_reused_holdout,1,bestCI,2,2,0.0,heterogeneity,dynasurv,2,ET alone,counterfactual,725,0.1260614215789087,1.4337774768582043,1.1062451741883843
legacy_reused_holdout,1,bestCI,2,2,0.0,heterogeneity,dynasurv,2,ET+ANTI-CDK wo CT,counterfactual,461,0.1380884154444876,1.583528609658044,1.2589930636187647
legacy_reused_holdout,1,bestCI,2,2,0.0,heterogeneity,dynasurv,2,MONOCT std alone,counterfactual,567,0.0913953359023469,1.1273656767445863,-0.2183338350164166
legacy_reused_holdout,1,bestCI,2,2,0.0,heterogeneity,dynasurv,2,POLYCT alone,counterfactual,767,0.1034704240926113,1.2657172571464292,-0.0658834665889761
legacy_reused_holdout,1,bestCI,2,2,0.0,heterogeneity,dynasurv,3,ET alone,factual,23,0.0747148696084837,0.5412654249666331,-0.2204127649800407
legacy_reused_holdout,1,bestCI,2,2,0.0,heterogeneity,dynasurv,3,ET+ANTI-CDK wo CT,factual,58,0.050864334651099,0.4331370897435157,-0.1069334672434814
legacy_reused_holdout,1,bestCI,2,2,0.0,heterogeneity,dynasurv,3,MONOCT std alone,factual,254,0.1108820825523385,0.9357544762575384,-0.1435133828391359
legacy_reused_holdout,1,bestCI,2,2,0.0,heterogeneity,dynasurv,3,POLYCT alone,factual,103,0.111935616959339,0.9553397404580496,-0.2822998741666401
legacy_reused_holdout,1,bestCI,2,2,0.0,heterogeneity,dynasurv,3,ET alone,counterfactual,415,0.1125903027379006,0.8624245519650842,0.4290272996174305
legacy_reused_holdout,1,bestCI,2,2,0.0,heterogeneity,dynasurv,3,ET+ANTI-CDK wo CT,counterfactual,380,0.1044209431268015,0.789239241132867,0.2546572229659987
legacy_reused_holdout,1,bestCI,2,2,0.0,heterogeneity,dynasurv,3,MONOCT std alone,counterfactual,184,0.1065214459509646,0.9248915081923942,-0.5045128277361606
legacy_reused_holdout,1,bestCI,2,2,0.0,heterogeneity,dynasurv,3,POLYCT alone,counterfactual,335,0.108859564274539,0.9238456681710246,-0.3228585003414367
legacy_reused_holdout,1,bestCI,2,2,0.0,heterogeneity,dynasurv,4,ET alone,factual,5,0.0408696753610673,0.3495286412003303,-0.2415848776720523
legacy_reused_holdout,1,bestCI,2,2,0.0,heterogeneity,dynasurv,4,MONOCT std alone,factual,114,0.1284993142451656,1.09402896239231,-0.5672270421510293
legacy_reused_holdout,1,bestCI,2,2,0.0,heterogeneity,dynasurv,4,POLYCT alone,factual,75,0.1217800551446783,1.0550334632895184,-0.5880802425568606
legacy_reused_holdout,1,bestCI,2,2,0.0,heterogeneity,dynasurv,4,ET alone,counterfactual,193,0.1128650133458924,0.8795327181170383,0.262100327901671
legacy_reused_holdout,1,bestCI,2,2,0.0,heterogeneity,dynasurv,4,MONOCT std alone,counterfactual,84,0.1185634453222067,1.0397094635183162,-0.6902544232012827
legacy_reused_holdout,1,bestCI,2,2,0.0,heterogeneity,dynasurv,4,POLYCT alone,counterfactual,123,0.131029685388301,1.14575947874886,-0.6054310914950317
legacy_reused_holdout,1,bestCI,2,2,0.0,heterogeneity,dynasurv,all,ET alone,factual,455,0.1086409505674225,1.5715968224603698,1.2811610725675897
legacy_reused_holdout,1,bestCI,2,2,0.0,heterogeneity,dynasurv,all,ET+ANTI-CDK wo CT,factual,1815,0.0799702678897194,1.1573155788228238,0.9854622358274464
legacy_reused_holdout,1,bestCI,2,2,0.0,heterogeneity,dynasurv,all,MONOCT std alone,factual,783,0.1221658992092931,1.382036851925765,0.0640149000793631
legacy_reused_holdout,1,bestCI,2,2,0.0,heterogeneity,dynasurv,all,POLYCT alone,factual,396,0.1117647249645886,1.2961286301147357,-0.0265178105185779
legacy_reused_holdout,1,bestCI,2,2,0.0,heterogeneity,dynasurv,all,ET alone,counterfactual,2998,0.1051401096250921,1.2926717468458064,1.006915934273821
legacy_reused_holdout,1,bestCI,2,2,0.0,heterogeneity,dynasurv,all,ET+ANTI-CDK wo CT,counterfactual,1440,0.1181493303248824,1.4265369952673193,1.1126717963748325
legacy_reused_holdout,1,bestCI,2,2,0.0,heterogeneity,dynasurv,all,MONOCT std alone,counterfactual,2670,0.0940448408965183,1.3540384570761226,-0.517405459152829
legacy_reused_holdout,1,bestCI,2,2,0.0,heterogeneity,dynasurv,all,POLYCT alone,counterfactual,3057,0.103421578062798,1.4085565393885031,-0.462926260044685
legacy_reused_holdout,1,bestCI,2,2,0.0,heterogeneity,oracle,1,ET alone,factual,312,0.0,8.005243137550367e-06,-7.88647789336986e-06
legacy_reused_holdout,1,bestCI,2,2,0.0,heterogeneity,oracle,1,ET+ANTI-CDK wo CT,factual,1378,0.0,6.4854522703341035e-06,-6.473454833379541e-06
legacy_reused_holdout,1,bestCI,2,2,0.0,heterogeneity,oracle,1,MONOCT std alone,factual,142,0.0,8.749804191597892e-06,-7.965182672242197e-06
legacy_reused_holdout,1,bestCI,2,2,0.0,heterogeneity,oracle,1,POLYCT alone,factual,145,0.0,8.335906343406e-06,-8.16784158026976e-06
legacy_reused_holdout,1,bestCI,2,2,0.0,heterogeneity,oracle,1,ET alone,counterfactual,1665,0.0,7.396093991709898e-06,-7.30514164286153e-06
legacy_reused_holdout,1,bestCI,2,2,0.0,heterogeneity,oracle,1,ET+ANTI-CDK wo CT,counterfactual,599,0.0,7.816465654049487e-06,-7.700889248548313e-06
legacy_reused_holdout,1,bestCI,2,2,0.0,heterogeneity,oracle,1,MONOCT std alone,counterfactual,1835,0.0,7.691984521154471e-06,-7.595515957715086e-06
legacy_reused_holdout,1,bestCI,2,2,0.0,heterogeneity,oracle,1,POLYCT alone,counterfactual,1832,0.0,7.425450838056127e-06,-7.3358651249763804e-06
legacy_reused_holdout,1,bestCI,2,2,0.0,heterogeneity,oracle,2,ET alone,factual,115,0.0,1.3116489287111284e-05,-1.2926391712096635e-05
legacy_reused_holdout,1,bestCI,2,2,0.0,heterogeneity,oracle,2,ET+ANTI-CDK wo CT,factual,379,0.0,1.1650275072061102e-05,-1.1536281960765994e-05
legacy_reused_holdout,1,bestCI,2,2,0.0,heterogeneity,oracle,2,MONOCT std alone,factual,273,0.0,1.335799694928174e-05,-1.1056534659858235e-05
legacy_reused_holdout,1,bestCI,2,2,0.0,heterogeneity,oracle,2,POLYCT alone,factual,73,0.0,1.434148700508837e-05,-1.4170284625399916e-05
legacy_reused_holdout,1,bestCI,2,2,0.0,heterogeneity,oracle,2,ET alone,counterfactual,725,0.0,1.3094514041612884e-05,-1.2303770367898842e-05
legacy_reused_holdout,1,bestCI,2,2,0.0,heterogeneity,oracle,2,ET+ANTI-CDK wo CT,counterfactual,461,0.0,1.3399044446123194e-05,-1.2814359830598257e-05
legacy_reused_holdout,1,bestCI,2,2,0.0,heterogeneity,oracle,2,MONOCT std alone,counterfactual,567,0.0,1.322177196676688e-05,-1.2896490455811906e-05
legacy_reused_holdout,1,bestCI,2,2,0.0,heterogeneity,oracle,2,POLYCT alone,counterfactual,767,0.0,1.2979126984114329e-05,-1.2219475600995542e-05
legacy_reused_holdout,1,bestCI,2,2,0.0,heterogeneity,oracle,3,ET alone,factual,23,0.0,1.5790966012659787e-05,-1.5790966012659787e-05
legacy_reused_holdout,1,bestCI,2,2,0.0,heterogeneity,oracle,3,ET+ANTI-CDK wo CT,factual,58,0.0,1.3928964082036642e-05,-1.3928964082036642e-05
legacy_reused_holdout,1,bestCI,2,2,0.0,heterogeneity,oracle,3,MONOCT std alone,factual,254,0.0,1.841849486380427e-05,-1.75130349370791e-05
legacy_reused_holdout,1,bestCI,2,2,0.0,heterogeneity,oracle,3,POLYCT alone,factual,103,0.0,1.83191194140592e-05,-1.8003675781179114e-05
legacy_reused_holdout,1,bestCI,2,2,0.0,heterogeneity,oracle,3,ET alone,counterfactual,415,0.0,1.792725468703108e-05,-1.7523471887385136e-05
legacy_reused_holdout,1,bestCI,2,2,0.0,heterogeneity,oracle,3,ET+ANTI-CDK wo CT,counterfactual,380,0.0,1.7625181652058367e-05,-1.7504414504365683e-05
legacy_reused_holdout,1,bestCI,2,2,0.0,heterogeneity,oracle,3,MONOCT std alone,counterfactual,184,0.0,1.754648060719286e-05,-1.7294221718979955e-05
legacy_reused_holdout,1,bestCI,2,2,0.0,heterogeneity,oracle,3,POLYCT alone,counterfactual,335,0.0,1.7660100339585006e-05,-1.7256878943565844e-05
legacy_reused_holdout,1,bestCI,2,2,0.0,heterogeneity,oracle,4,ET alone,factual,5,0.0,1.5053656246521996e-05,-1.5053656246521996e-05
legacy_reused_holdout,1,bestCI,2,2,0.0,heterogeneity,oracle,4,MONOCT std alone,factual,114,0.0,1.971694386428306e-05,-1.6618906179008458e-05
legacy_reused_holdout,1,bestCI,2,2,0.0,heterogeneity,oracle,4,POLYCT alone,factual,75,0.0,1.860636654098376e-05,-1.7812515816852208e-05
legacy_reused_holdout,1,bestCI,2,2,0.0,heterogeneity,oracle,4,ET alone,counterfactual,193,0.0,1.899428937069308e-05,-1.7341674682611756e-05
legacy_reused_holdout,1,bestCI,2,2,0.0,heterogeneity,oracle,4,MONOCT std alone,counterfactual,84,0.0,1.851913930157812e-05,-1.7373792232095163e-05
legacy_reused_holdout,1,bestCI,2,2,0.0,heterogeneity,oracle,4,POLYCT alone,counterfactual,123,0.0,1.9070639343110502e-05,-1.6961567550510274e-05
legacy_reused_holdout,1,bestCI,2,2,0.0,heterogeneity,oracle,all,ET alone,factual,455,0.0,9.76811566254351e-06,-9.638629998123724e-06
legacy_reused_holdout,1,bestCI,2,2,0.0,heterogeneity,oracle,all,ET+ANTI-CDK wo CT,factual,1815,0.0,7.80181123834142e-06,-7.768898920267462e-06
legacy_reused_holdout,1,bestCI,2,2,0.0,heterogeneity,oracle,all,MONOCT std alone,factual,783,0.0,1.50896994358817e-05,-1.3400199335919214e-05
legacy_reused_holdout,1,bestCI,2,2,0.0,heterogeneity,oracle,all,POLYCT alone,factual,396,0.0,1.3984802427745456e-05,-1.3659305804340085e-05
legacy_reused_holdout,1,bestCI,2,2,0.0,heterogeneity,oracle,all,ET alone,counterfactual,2998,0.0,1.0978561614418942e-05,-1.0574542494696467e-05
legacy_reused_holdout,1,bestCI,2,2,0.0,heterogeneity,oracle,all,ET+ANTI-CDK wo CT,counterfactual,1440,0.0,1.2192077391819872e-05,-1.1924951426003607e-05
legacy_reused_holdout,1,bestCI,2,2,0.0,heterogeneity,oracle,all,MONOCT std alone,counterfactual,2670,0.0,9.88602862716529e-06,-9.6972349118505e-06
legacy_reused_holdout,1,bestCI,2,2,0.0,heterogeneity,oracle,all,POLYCT alone,counterfactual,3057,0.0,1.0408975657539444e-05,-1.0035646041782018e-05
legacy_reused_holdout,1,bestCI,2,2,0.0,heterogeneity,naive_km,1,ET alone,factual,312,0.13433541025054,2.0888960540713284,0.7150588919639168
legacy_reused_holdout,1,bestCI,2,2,0.0,heterogeneity,naive_km,1,ET+ANTI-CDK wo CT,factual,1378,0.0843922134261325,1.3103310554355727,0.0257291510713844
legacy_reused_holdout,1,bestCI,2,2,0.0,heterogeneity,naive_km,1,MONOCT std alone,factual,142,0.1481602009606408,2.5176186077323903,-0.0612375587513436
legacy_reused_holdout,1,bestCI,2,2,0.0,heterogeneity,naive_km,1,POLYCT alone,factual,145,0.1254357043660424,1.988194543243905,0.2024764178316103
legacy_reused_holdout,1,bestCI,2,2,0.0,heterogeneity,naive_km,1,ET alone,counterfactual,1665,0.1091110562131007,1.7908697211236828,-0.2380253302903961
legacy_reused_holdout,1,bestCI,2,2,0.0,heterogeneity,naive_km,1,ET+ANTI-CDK wo CT,counterfactual,599,0.1354358665181094,1.9625379002235717,1.3394747160298532
legacy_reused_holdout,1,bestCI,2,2,0.0,heterogeneity,naive_km,1,MONOCT std alone,counterfactual,1835,0.14801702216068,2.7425500117367,-1.953170385328462
legacy_reused_holdout,1,bestCI,2,2,0.0,heterogeneity,naive_km,1,POLYCT alone,counterfactual,1832,0.1180086527051577,2.071842138481205,-0.8381166112566567
legacy_reused_holdout,1,bestCI,2,2,0.0,heterogeneity,naive_km,2,ET alone,factual,115,0.1436072710660168,1.8428204350500843,0.5202950598718612
legacy_reused_holdout,1,bestCI,2,2,0.0,heterogeneity,naive_km,2,ET+ANTI-CDK wo CT,factual,379,0.1144589158330208,1.2333660548846093,0.5168782326349274
legacy_reused_holdout,1,bestCI,2,2,0.0,heterogeneity,naive_km,2,MONOCT std alone,factual,273,0.1770797790353028,2.241538435775652,0.7957763981946899
legacy_reused_holdout,1,bestCI,2,2,0.0,heterogeneity,naive_km,2,POLYCT alone,factual,73,0.1239555887873058,1.5772143788900268,-0.4158629430031954
legacy_reused_holdout,1,bestCI,2,2,0.0,heterogeneity,naive_km,2,ET alone,counterfactual,725,0.1621013468410976,1.9274656434475712,0.7405127774043113
legacy_reused_holdout,1,bestCI,2,2,0.0,heterogeneity,naive_km,2,ET+ANTI-CDK wo CT,counterfactual,461,0.197231029927289,2.358462722573974,2.088117219064994
legacy_reused_holdout,1,bestCI,2,2,0.0,heterogeneity,naive_km,2,MONOCT std alone,counterfactual,567,0.1580062668526962,2.1886051931219956,-1.3664152119962358
legacy_reused_holdout,1,bestCI,2,2,0.0,heterogeneity,naive_km,2,POLYCT alone,counterfactual,767,0.1627050251387241,2.1066313664469254,-0.4911932903180389
legacy_reused_holdout,1,bestCI,2,2,0.0,heterogeneity,naive_km,3,ET alone,factual,23,0.102779165866604,0.6614642084325076,0.2695704946019451
legacy_reused_holdout,1,bestCI,2,2,0.0,heterogeneity,naive_km,3,ET+ANTI-CDK wo CT,factual,58,0.0834494440578612,0.6927935141225622,-0.0654758869514302
legacy_reused_holdout,1,bestCI,2,2,0.0,heterogeneity,naive_km,3,MONOCT std alone,factual,254,0.1678938971197008,1.4410875561944887,0.3298448862845642
legacy_reused_holdout,1,bestCI,2,2,0.0,heterogeneity,naive_km,3,POLYCT alone,factual,103,0.1426597768070189,1.193044575513743,0.0227694768137266
legacy_reused_holdout,1,bestCI,2,2,0.0,heterogeneity,naive_km,3,ET alone,counterfactual,415,0.1906433887592262,1.4560507502584867,1.2131176837038773
legacy_reused_holdout,1,bestCI,2,2,0.0,heterogeneity,naive_km,3,ET+ANTI-CDK wo CT,counterfactual,380,0.1677751291337098,1.2341883831611524,0.9195505406481008
legacy_reused_holdout,1,bestCI,2,2,0.0,heterogeneity,naive_km,3,MONOCT std alone,counterfactual,184,0.145293905175195,1.2834320216396318,-0.4664761089147928
legacy_reused_holdout,1,bestCI,2,2,0.0,heterogeneity,naive_km,3,POLYCT alone,counterfactual,335,0.1545253621221999,1.3178520961736424,0.0714748961005385
legacy_reused_holdout,1,bestCI,2,2,0.0,heterogeneity,naive_km,4,ET alone,factual,5,0.1210804445954125,1.0978611933718097,-0.8211186997726297
legacy_reused_holdout,1,bestCI,2,2,0.0,heterogeneity,naive_km,4,MONOCT std alone,factual,114,0.1728513203395065,1.4503537749557207,0.1663265746586548
legacy_reused_holdout,1,bestCI,2,2,0.0,heterogeneity,naive_km,4,POLYCT alone,factual,75,0.1561006949923749,1.3062862528832644,0.0952582207754864
legacy_reused_holdout,1,bestCI,2,2,0.0,heterogeneity,naive_km,4,ET alone,counterfactual,193,0.1749015097855121,1.380587712517285,0.7074021244675102
legacy_reused_holdout,1,bestCI,2,2,0.0,heterogeneity,naive_km,4,MONOCT std alone,counterfactual,84,0.1629342111891574,1.4221853578251102,-0.2180481695600329
legacy_reused_holdout,1,bestCI,2,2,0.0,heterogeneity,naive_km,4,POLYCT alone,counterfactual,123,0.1683144926940077,1.3745970197543744,0.2088083816217968
legacy_reused_holdout,1,bestCI,2,2,0.0,heterogeneity,naive_km,all,ET alone,factual,455,0.1352106008769017,1.9436547289270791,0.6264326023186543
legacy_reused_holdout,1,bestCI,2,2,0.0,heterogeneity,naive_km,all,ET+ANTI-CDK wo CT,factual,1815,0.0914628575468447,1.2745255939452311,0.1253741150974227
legacy_reused_holdout,1,bestCI,2,2,0.0,heterogeneity,naive_km,all,MONOCT std alone,factual,783,0.1685469475357414,1.91675402922491,0.3975645644850901
legacy_reused_holdout,1,bestCI,2,2,0.0,heterogeneity,naive_km,all,POLYCT alone,factual,396,0.1360229164452038,1.5764644410946933,0.021441182869509
legacy_reused_holdout,1,bestCI,2,2,0.0,heterogeneity,naive_km,all,ET alone,counterfactual,2998,0.1413033979107825,1.7511424840038454,0.2603509130900449
legacy_reused_holdout,1,bestCI,2,2,0.0,heterogeneity,naive_km,all,ET+ANTI-CDK wo CT,counterfactual,1440,0.16586629841656,1.8970854881539996,1.4683309710674464
legacy_reused_holdout,1,bestCI,2,2,0.0,heterogeneity,naive_km,all,MONOCT std alone,counterfactual,2670,0.1504961714298665,2.482821527369295,-1.671525368001108
legacy_reused_holdout,1,bestCI,2,2,0.0,heterogeneity,naive_km,all,POLYCT alone,counterfactual,3057,0.1369093925058759,1.969891050510408,-0.6092729356764702
legacy_reused_holdout,1,bestCI,0,0,0.5,heterogeneity,dynasurv,1,ET alone,factual,287,0.1531635470913816,2.308407841992664,2.1325586112471764
legacy_reused_holdout,1,bestCI,0,0,0.5,heterogeneity,dynasurv,1,ET+ANTI-CDK wo CT,factual,1415,0.0990487011592532,1.4771485204824766,1.4073920873494252
legacy_reused_holdout,1,bestCI,0,0,0.5,heterogeneity,dynasurv,1,MONOCT std alone,factual,139,0.1395190595890591,2.2332462461884064,1.9760534414884772
legacy_reused_holdout,1,bestCI,0,0,0.5,heterogeneity,dynasurv,1,POLYCT alone,factual,136,0.0986176011437651,1.538332037919704,0.1476663575498279
legacy_reused_holdout,1,bestCI,0,0,0.5,heterogeneity,dynasurv,1,ET alone,counterfactual,1690,0.1184174028656793,1.7872038461899784,1.5664414235663953
legacy_reused_holdout,1,bestCI,0,0,0.5,heterogeneity,dynasurv,1,ET+ANTI-CDK wo CT,counterfactual,562,0.1424215897163798,2.1579846147231643,2.021655644956725
legacy_reused_holdout,1,bestCI,0,0,0.5,heterogeneity,dynasurv,1,MONOCT std alone,counterfactual,1838,0.1038838891803365,1.520820967361476,1.0703428040716998
legacy_reused_holdout,1,bestCI,0,0,0.5,heterogeneity,dynasurv,1,POLYCT alone,counterfactual,1841,0.099367075700319,1.5271248215893525,-0.5082412892401336
legacy_reused_holdout,1,bestCI,0,0,0.5,heterogeneity,dynasurv,2,ET alone,factual,121,0.1299009225047412,1.5206351859418048,0.872774051309019
legacy_reused_holdout,1,bestCI,0,0,0.5,heterogeneity,dynasurv,2,ET+ANTI-CDK wo CT,factual,365,0.1022421931311347,1.1046430441123856,0.8122270962469019
legacy_reused_holdout,1,bestCI,0,0,0.5,heterogeneity,dynasurv,2,MONOCT std alone,factual,269,0.1247721721132873,1.5358928305075237,1.0392940943756328
legacy_reused_holdout,1,bestCI,0,0,0.5,heterogeneity,dynasurv,2,POLYCT alone,factual,85,0.1257890516213416,1.4835721859126756,0.6651552387146397
legacy_reused_holdout,1,bestCI,0,0,0.5,heterogeneity,dynasurv,2,ET alone,counterfactual,719,0.1215635177472967,1.3647536820607358,0.6150768193996353
legacy_reused_holdout,1,bestCI,0,0,0.5,heterogeneity,dynasurv,2,ET+ANTI-CDK wo CT,counterfactual,475,0.1385671542441246,1.6382032472196688,1.2688162616101233
legacy_reused_holdout,1,bestCI,0,0,0.5,heterogeneity,dynasurv,2,MONOCT std alone,counterfactual,571,0.1108392043604131,1.2867792286426585,0.855440520824165
legacy_reused_holdout,1,bestCI,0,0,0.5,heterogeneity,dynasurv,2,POLYCT alone,counterfactual,755,0.1091484117844096,1.291930891496079,0.6159485333271091
legacy_reused_holdout,1,bestCI,0,0,0.5,heterogeneity,dynasurv,3,ET alone,factual,14,0.1193495146573188,1.069291888780689,-0.2220524279597707
legacy_reused_holdout,1,bestCI,0,0,0.5,heterogeneity,dynasurv,3,ET+ANTI-CDK wo CT,factual,57,0.0922745663898456,0.6262682675412342,-0.1043189427702337
legacy_reused_holdout,1,bestCI,0,0,0.5,heterogeneity,dynasurv,3,MONOCT std alone,factual,274,0.1136958778629751,0.8911578949937464,0.4134157294760128
legacy_reused_holdout,1,bestCI,0,0,0.5,heterogeneity,dynasurv,3,POLYCT alone,factual,93,0.0736255565192953,0.5961459661553199,0.0659010326804461
legacy_reused_holdout,1,bestCI,0,0,0.5,heterogeneity,dynasurv,3,ET alone,counterfactual,424,0.1139824236570019,0.946489824531742,-0.1535662008527804
legacy_reused_holdout,1,bestCI,0,0,0.5,heterogeneity,dynasurv,3,ET+ANTI-CDK wo CT,counterfactual,381,0.1019441863573412,0.7790960512044017,0.1275828285035888
legacy_reused_holdout,1,bestCI,0,0,0.5,heterogeneity,dynasurv,3,MONOCT std alone,counterfactual,164,0.0845560072049226,0.6405105988224103,0.1978883292094062
legacy_reused_holdout,1,bestCI,0,0,0.5,heterogeneity,dynasurv,3,POLYCT alone,counterfactual,345,0.1088531725648967,0.8310735418950803,0.2931771236243283
legacy_reused_holdout,1,bestCI,0,0,0.5,heterogeneity,dynasurv,4,ET+ANTI-CDK wo CT,factual,11,0.0851253117114519,0.7311923903988681,-0.6701589144285145
legacy_reused_holdout,1,bestCI,0,0,0.5,heterogeneity,dynasurv,4,MONOCT std alone,factual,117,0.1189052035448495,0.938325417479894,0.194273528938196
legacy_reused_holdout,1,bestCI,0,0,0.5,heterogeneity,dynasurv,4,POLYCT alone,factual,65,0.1085681263604769,0.9506652560250796,-0.1554254625776159
legacy_reused_holdout,1,bestCI,0,0,0.5,heterogeneity,dynasurv,4,ET+ANTI-CDK wo CT,counterfactual,187,0.1268780985283707,1.0662276494400065,-0.206283731424786
legacy_reused_holdout,1,bestCI,0,0,0.5,heterogeneity,dynasurv,4,MONOCT std alone,counterfactual,81,0.1077765500315514,0.9396414250916656,0.1839595788748871
legacy_reused_holdout,1,bestCI,0,0,0.5,heterogeneity,dynasurv,4,POLYCT alone,counterfactual,133,0.1202211765103766,0.9865418997730656,0.008298188896977
legacy_reused_holdout,1,bestCI,0,0,0.5,heterogeneity,dynasurv,all,ET alone,factual,422,0.1458262795936899,2.041421788136925,1.6932257053196544
legacy_reused_holdout,1,bestCI,0,0,0.5,heterogeneity,dynasurv,all,ET+ANTI-CDK wo CT,factual,1848,0.099410109511311,1.3728897592683782,1.2308467348121963
legacy_reused_holdout,1,bestCI,0,0,0.5,heterogeneity,dynasurv,all,MONOCT std alone,factual,799,0.1230080843377085,1.348607930788669,0.8638891771165709
legacy_reused_holdout,1,bestCI,0,0,0.5,heterogeneity,dynasurv,all,POLYCT alone,factual,379,0.1019323666317694,1.1940675711180266,0.1916806355917082
legacy_reused_holdout,1,bestCI,0,0,0.5,heterogeneity,dynasurv,all,ET alone,counterfactual,2833,0.1185750415432184,1.5541631073294002,1.067565891215661
legacy_reused_holdout,1,bestCI,0,0,0.5,heterogeneity,dynasurv,all,ET+ANTI-CDK wo CT,counterfactual,1605,0.1308726677112637,1.5496286989768968,1.0896524589494831
legacy_reused_holdout,1,bestCI,0,0,0.5,heterogeneity,dynasurv,all,MONOCT std alone,counterfactual,2654,0.1044665613361916,1.3983325437847216,0.9431428120397856
legacy_reused_holdout,1,bestCI,0,0,0.5,heterogeneity,dynasurv,all,POLYCT alone,counterfactual,3074,0.1038968595098512,1.3678513546679107,-0.1198377696992281
legacy_reused_holdout,1,bestCI,0,0,0.5,heterogeneity,oracle,1,ET alone,factual,287,0.0,8.226467808484042e-06,-7.754017460638396e-06
legacy_reused_holdout,1,bestCI,0,0,0.5,heterogeneity,oracle,1,ET+ANTI-CDK wo CT,factual,1415,0.0,6.742007605830749e-06,-6.702625156674689e-06
legacy_reused_holdout,1,bestCI,0,0,0.5,heterogeneity,oracle,1,MONOCT std alone,factual,139,0.0,9.317913678115872e-06,-9.227596180749992e-06
legacy_reused_holdout,1,bestCI,0,0,0.5,heterogeneity,oracle,1,POLYCT alone,factual,136,0.0,8.696221001407564e-06,-8.554864966373523e-06
legacy_reused_holdout,1,bestCI,0,0,0.5,heterogeneity,oracle,1,ET alone,counterfactual,1690,0.0,7.666808962353047e-06,-7.577336568608255e-06
legacy_reused_holdout,1,bestCI,0,0,0.5,heterogeneity,oracle,1,ET+ANTI-CDK wo CT,counterfactual,562,0.0,8.130535545292005e-06,-7.974160499653658e-06
legacy_reused_holdout,1,bestCI,0,0,0.5,heterogeneity,oracle,1,MONOCT std alone,counterfactual,1838,0.0,8.248205381502845e-06,-8.17751091935353e-06
legacy_reused_holdout,1,bestCI,0,0,0.5,heterogeneity,oracle,1,POLYCT alone,counterfactual,1841,0.0,7.780989267892051e-06,-7.69808065310771e-06
legacy_reused_holdout,1,bestCI,0,0,0.5,heterogeneity,oracle,2,ET alone,factual,121,0.0,1.3518350274934644e-05,-1.3041503017614384e-05
legacy_reused_holdout,1,bestCI,0,0,0.5,heterogeneity,oracle,2,ET+ANTI-CDK wo CT,factual,365,0.0,1.155815839275639e-05,-1.12807343023688e-05
legacy_reused_holdout,1,bestCI,0,0,0.5,heterogeneity,oracle,2,MONOCT std alone,factual,269,0.0,1.4056700338166644e-05,-1.321907779557201e-05
legacy_reused_holdout,1,bestCI,0,0,0.5,heterogeneity,oracle,2,POLYCT alone,factual,85,0.0,1.3832530145913992e-05,-1.2644175264226226e-05
legacy_reused_holdout,1,bestCI,0,0,0.5,heterogeneity,oracle,2,ET alone,counterfactual,719,0.0,1.2925125711042234e-05,-1.2038322719234844e-05
legacy_reused_holdout,1,bestCI,0,0,0.5,heterogeneity,oracle,2,ET+ANTI-CDK wo CT,counterfactual,475,0.0,1.3524615141572613e-05,-1.2615201345082626e-05
legacy_reused_holdout,1,bestCI,0,0,0.5,heterogeneity,oracle,2,MONOCT std alone,counterfactual,571,0.0,1.3553591786460045e-05,-1.320256144430869e-05
legacy_reused_holdout,1,bestCI,0,0,0.5,heterogeneity,oracle,2,POLYCT alone,counterfactual,755,0.0,1.3465506962040702e-05,-1.2724488484197625e-05
legacy_reused_holdout,1,bestCI,0,0,0.5,heterogeneity,oracle,3,ET alone,factual,14,0.0,1.5188452984395336e-05,-1.5188452984395336e-05
legacy_reused_holdout,1,bestCI,0,0,0.5,heterogeneity,oracle,3,ET+ANTI-CDK wo CT,factual,57,0.0,1.0245182470688029e-05,-9.999767880019133e-06
legacy_reused_holdout,1,bestCI,0,0,0.5,heterogeneity,oracle,3,MONOCT std alone,factual,274,0.0,1.8324711060919204e-05,-1.7253181406842228e-05
legacy_reused_holdout,1,bestCI,0,0,0.5,heterogeneity,oracle,3,POLYCT alone,factual,93,0.0,1.7937338013981328e-05,-1.7937338013981328e-05
legacy_reused_holdout,1,bestCI,0,0,0.5,heterogeneity,oracle,3,ET alone,counterfactual,424,0.0,1.7093259712360105e-05,-1.5954467870297426e-05
legacy_reused_holdout,1,bestCI,0,0,0.5,heterogeneity,oracle,3,ET+ANTI-CDK wo CT,counterfactual,381,0.0,1.7219995587210884e-05,-1.634467478943854e-05
legacy_reused_holdout,1,bestCI,0,0,0.5,heterogeneity,oracle,3,MONOCT std alone,counterfactual,164,0.0,1.7120645762381786e-05,-1.6839060348956385e-05
legacy_reused_holdout,1,bestCI,0,0,0.5,heterogeneity,oracle,3,POLYCT alone,counterfactual,345,0.0,1.7400206000322702e-05,-1.583317343761069e-05
legacy_reused_holdout,1,bestCI,0,0,0.5,heterogeneity,oracle,4,ET+ANTI-CDK wo CT,factual,11,0.0,1.1185176819982312e-05,-1.1185176819982312e-05
legacy_reused_holdout,1,bestCI,0,0,0.5,heterogeneity,oracle,4,MONOCT std alone,factual,117,0.0,1.902112238791355e-05,-1.4537965902209244e-05
legacy_reused_holdout,1,bestCI,0,0,0.5,heterogeneity,oracle,4,POLYCT alone,factual,65,0.0,1.85751063846568e-05,-1.789126549111094e-05
legacy_reused_holdout,1,bestCI,0,0,0.5,heterogeneity,oracle,4,ET+ANTI-CDK wo CT,counterfactual,187,0.0,1.7886717854017695e-05,-1.5379435741887173e-05
legacy_reused_holdout,1,bestCI,0,0,0.5,heterogeneity,oracle,4,MONOCT std alone,counterfactual,81,0.0,1.734772826537208e-05,-1.676827667613159e-05
legacy_reused_holdout,1,bestCI,0,0,0.5,heterogeneity,oracle,4,POLYCT alone,counterfactual,133,0.0,1.875562293389265e-05,-1.3715137640554953e-05
legacy_reused_holdout,1,bestCI,0,0,0.5,heterogeneity,oracle,all,ET alone,factual,422,0.0,9.97477484853921e-06,-9.516737483687429e-06
legacy_reused_holdout,1,bestCI,0,0,0.5,heterogeneity,oracle,all,ET+ANTI-CDK wo CT,factual,1848,0.0,7.827749416372086e-06,-7.735230698723047e-06
legacy_reused_holdout,1,bestCI,0,0,0.5,heterogeneity,oracle,all,MONOCT std alone,factual,799,0.0,1.5422884283232392e-05,-1.410122842574014e-05
legacy_reused_holdout,1,bestCI,0,0,0.5,heterogeneity,oracle,all,POLYCT alone,factual,379,0.0,1.3810040815031855e-05,-1.3375517744349612e-05
legacy_reused_holdout,1,bestCI,0,0,0.5,heterogeneity,oracle,all,ET alone,counterfactual,2833,0.0,1.041214777644077e-05,-9.96327116593149e-06
legacy_reused_holdout,1,bestCI,0,0,0.5,heterogeneity,oracle,all,ET+ANTI-CDK wo CT,counterfactual,1605,0.0,1.3021300763943772e-05,-1.2197491849363606e-05
legacy_reused_holdout,1,bestCI,0,0,0.5,heterogeneity,oracle,all,MONOCT std alone,counterfactual,2654,0.0,1.021561955380432e-05,-1.0056052736423343e-05
legacy_reused_holdout,1,bestCI,0,0,0.5,heterogeneity,oracle,all,POLYCT alone,counterfactual,3074,0.0,1.073156405948245e-05,-1.010595752443396e-05
legacy_reused_holdout,1,bestCI,0,0,0.5,heterogeneity,naive_km,1,ET alone,factual,287,0.1463799858491014,2.2301414224807563,0.4912505119258085
legacy_reused_holdout,1,bestCI,0,0,0.5,heterogeneity,naive_km,1,ET+ANTI-CDK wo CT,factual,1415,0.099689957707036,1.4960298318675764,0.2325968424680808
legacy_reused_holdout,1,bestCI,0,0,0.5,heterogeneity,naive_km,1,MONOCT std alone,factual,139,0.1387315673852036,2.451261316900082,0.6075795225916785
legacy_reused_holdout,1,bestCI,0,0,0.5,heterogeneity,naive_km,1,POLYCT alone,factual,136,0.1213828207954005,1.8382840877962556,0.4485147476264607
legacy_reused_holdout,1,bestCI,0,0,0.5,heterogeneity,naive_km,1,ET alone,counterfactual,1690,0.1235776259819185,2.0545134243055094,-0.1873008345603181
legacy_reused_holdout,1,bestCI,0,0,0.5,heterogeneity,naive_km,1,ET+ANTI-CDK wo CT,counterfactual,562,0.1591237608184596,2.311258445445331,1.6992082793677643
legacy_reused_holdout,1,bestCI,0,0,0.5,heterogeneity,naive_km,1,MONOCT std alone,counterfactual,1838,0.1248920735276138,2.266376037044548,-1.3659745933051723
legacy_reused_holdout,1,bestCI,0,0,0.5,heterogeneity,naive_km,1,POLYCT alone,counterfactual,1841,0.1210598135045621,1.9597274836139185,-0.1711605736799659
legacy_reused_holdout,1,bestCI,0,0,0.5,heterogeneity,naive_km,2,ET alone,factual,121,0.1566037989423519,1.8876191954456691,0.6768839918303192
legacy_reused_holdout,1,bestCI,0,0,0.5,heterogeneity,naive_km,2,ET+ANTI-CDK wo CT,factual,365,0.134746814278256,1.52510901633925,0.4562692451491505
legacy_reused_holdout,1,bestCI,0,0,0.5,heterogeneity,naive_km,2,MONOCT std alone,factual,269,0.1441311065143882,1.853186638205792,0.1278995514422607
legacy_reused_holdout,1,bestCI,0,0,0.5,heterogeneity,naive_km,2,POLYCT alone,factual,85,0.1636783165740191,2.074660742630852,0.7299390661569791
legacy_reused_holdout,1,bestCI,0,0,0.5,heterogeneity,naive_km,2,ET alone,counterfactual,719,0.1719095074548857,2.1094562813324167,0.6407292529150593
legacy_reused_holdout,1,bestCI,0,0,0.5,heterogeneity,naive_km,2,ET+ANTI-CDK wo CT,counterfactual,475,0.2112584083029136,2.5306865873402757,2.2137976598687303
legacy_reused_holdout,1,bestCI,0,0,0.5,heterogeneity,naive_km,2,MONOCT std alone,counterfactual,571,0.1577851751172533,2.175853771627934,-1.163595352039776
legacy_reused_holdout,1,bestCI,0,0,0.5,heterogeneity,naive_km,2,POLYCT alone,counterfactual,755,0.1520297977934215,1.8673747585708205,0.2735693840865427
legacy_reused_holdout,1,bestCI,0,0,0.5,heterogeneity,naive_km,3,ET alone,factual,14,0.1604540261594478,1.2547957637613347,0.5508175403957374
legacy_reused_holdout,1,bestCI,0,0,0.5,heterogeneity,naive_km,3,ET+ANTI-CDK wo CT,factual,57,0.139657397516672,0.8816668168831399,0.1447699601448595
legacy_reused_holdout,1,bestCI,0,0,0.5,heterogeneity,naive_km,3,MONOCT std alone,factual,274,0.1519859881492654,1.2402443293152277,0.3257567254393845
legacy_reused_holdout,1,bestCI,0,0,0.5,heterogeneity,naive_km,3,POLYCT alone,factual,93,0.1101811680181261,0.9164511681535454,-0.0101716605859862
legacy_reused_holdout,1,bestCI,0,0,0.5,heterogeneity,naive_km,3,ET alone,counterfactual,424,0.1769538429706912,1.363920248617039,0.8920541380887423
legacy_reused_holdout,1,bestCI,0,0,0.5,heterogeneity,naive_km,3,ET+ANTI-CDK wo CT,counterfactual,381,0.1874872124849534,1.4092263441372452,1.2311685359196618
legacy_reused_holdout,1,bestCI,0,0,0.5,heterogeneity,naive_km,3,MONOCT std alone,counterfactual,164,0.1348484802684084,1.2087564617441242,-0.2950938234923284
legacy_reused_holdout,1,bestCI,0,0,0.5,heterogeneity,naive_km,3,POLYCT alone,counterfactual,345,0.1621768152806529,1.2936171602290625,0.3893845442076517
legacy_reused_holdout,1,bestCI,0,0,0.5,heterogeneity,naive_km,4,ET+ANTI-CDK wo CT,factual,11,0.1048040993623874,0.9004417239981332,-0.4142423434052263
legacy_reused_holdout,1,bestCI,0,0,0.5,heterogeneity,naive_km,4,MONOCT std alone,factual,117,0.1758238317391446,1.432233931179466,0.218456730626517
legacy_reused_holdout,1,bestCI,0,0,0.5,heterogeneity,naive_km,4,POLYCT alone,factual,65,0.1413900258960484,1.246532760810617,-0.2385202119525819
legacy_reused_holdout,1,bestCI,0,0,0.5,heterogeneity,naive_km,4,ET+ANTI-CDK wo CT,counterfactual,187,0.2181909051195092,1.7496501531650557,1.4476851495221332
legacy_reused_holdout,1,bestCI,0,0,0.5,heterogeneity,naive_km,4,MONOCT std alone,counterfactual,81,0.1537752617567053,1.3513750693297069,0.1020230989358857
legacy_reused_holdout,1,bestCI,0,0,0.5,heterogeneity,naive_km,4,POLYCT alone,counterfactual,133,0.1854637112219167,1.5774772230265934,-0.0776605997187052
legacy_reused_holdout,1,bestCI,0,0,0.5,heterogeneity,naive_km,all,ET alone,factual,422,0.1498617801405287,2.0995726341079664,0.5464533305680473
legacy_reused_holdout,1,bestCI,0,0,0.5,heterogeneity,naive_km,all,ET+ANTI-CDK wo CT,factual,1848,0.108915732153133,1.4792786096227084,0.2702153833996611
legacy_reused_holdout,1,bestCI,0,0,0.5,heterogeneity,naive_km,all,MONOCT std alone,factual,799,0.1509654835043014,1.6853953002588733,0.2924597161851129
legacy_reused_holdout,1,bestCI,0,0,0.5,heterogeneity,naive_km,all,POLYCT alone,factual,379,0.1330525458476714,1.5636078816751533,0.2812481479924204
legacy_reused_holdout,1,bestCI,0,0,0.5,heterogeneity,naive_km,all,ET alone,counterfactual,2833,0.1459341960110478,1.9651002254740355,0.1843900024668608
legacy_reused_holdout,1,bestCI,0,0,0.5,heterogeneity,naive_km,all,ET+ANTI-CDK wo CT,counterfactual,1605,0.1896457055736833,2.096637502233684,1.711091138061284
legacy_reused_holdout,1,bestCI,0,0,0.5,heterogeneity,naive_km,all,MONOCT std alone,counterfactual,2654,0.134178787246205,2.153620610410389,-1.2114565804629065
legacy_reused_holdout,1,bestCI,0,0,0.5,heterogeneity,naive_km,all,POLYCT alone,counterfactual,3074,0.1374550541132878,1.8457477654507992,0.0050250737897119
legacy_reused_holdout,1,bestCI,1,1,0.5,heterogeneity,dynasurv,1,ET alone,factual,298,0.0932583988092097,1.4222201528698395,0.3724291761531659
legacy_reused_holdout,1,bestCI,1,1,0.5,heterogeneity,dynasurv,1,ET+ANTI-CDK wo CT,factual,1423,0.0804098847408068,1.0679542197994472,0.7555072496124983
legacy_reused_holdout,1,bestCI,1,1,0.5,heterogeneity,dynasurv,1,MONOCT std alone,factual,137,0.1195191910680066,2.0887492864477797,-0.7822401629447604
legacy_reused_holdout,1,bestCI,1,1,0.5,heterogeneity,dynasurv,1,POLYCT alone,factual,119,0.1272253013429999,2.1861191090950687,-1.4393570920288736
legacy_reused_holdout,1,bestCI,1,1,0.5,heterogeneity,dynasurv,1,ET alone,counterfactual,1679,0.0843961887899408,1.2505940468357504,0.0537473414084553
legacy_reused_holdout,1,bestCI,1,1,0.5,heterogeneity,dynasurv,1,ET+ANTI-CDK wo CT,counterfactual,554,0.1183592634099687,1.7173340178018426,1.4755325606980043
legacy_reused_holdout,1,bestCI,1,1,0.5,heterogeneity,dynasurv,1,MONOCT std alone,counterfactual,1840,0.1180463455035596,2.117834137599359,-1.69855743606596
legacy_reused_holdout,1,bestCI,1,1,0.5,heterogeneity,dynasurv,1,POLYCT alone,counterfactual,1858,0.145297383593379,2.6223735586959886,-2.188736625354213
legacy_reused_holdout,1,bestCI,1,1,0.5,heterogeneity,dynasurv,2,ET alone,factual,127,0.1036421231108257,1.1076707083941832,0.579419162540145
legacy_reused_holdout,1,bestCI,1,1,0.5,heterogeneity,dynasurv,2,ET+ANTI-CDK wo CT,factual,354,0.1160191289532054,1.2630547437411153,1.106122350264165
legacy_reused_holdout,1,bestCI,1,1,0.5,heterogeneity,dynasurv,2,MONOCT std alone,factual,273,0.1130390977813239,1.425396598791219,0.020486784099495
legacy_reused_holdout,1,bestCI,1,1,0.5,heterogeneity,dynasurv,2,POLYCT alone,factual,86,0.1144524911903775,1.3605231483960076,-0.2967749615304942
legacy_reused_holdout,1,bestCI,1,1,0.5,heterogeneity,dynasurv,2,ET alone,counterfactual,713,0.1192176372166216,1.3587251758861787,0.6828664252957909
legacy_reused_holdout,1,bestCI,1,1,0.5,heterogeneity,dynasurv,2,ET+ANTI-CDK wo CT,counterfactual,486,0.179433934852314,2.1714913159842917,2.0562790920878804
legacy_reused_holdout,1,bestCI,1,1,0.5,heterogeneity,dynasurv,2,MONOCT std alone,counterfactual,567,0.093445812938226,1.127320796853834,-0.1401924061039363
legacy_reused_holdout,1,bestCI,1,1,0.5,heterogeneity,dynasurv,2,POLYCT alone,counterfactual,754,0.1046209016338356,1.2583683604846845,-0.301496971588644
legacy_reused_holdout,1,bestCI,1,1,0.5,heterogeneity,dynasurv,3,ET alone,factual,26,0.066723299728138,0.5966562628930069,-0.3586987841854028
legacy_reused_holdout,1,bestCI,1,1,0.5,heterogeneity,dynasurv,3,ET+ANTI-CDK wo CT,factual,48,0.0506460001645888,0.3691725040088221,-0.0031326037229405
legacy_reused_holdout,1,bestCI,1,1,0.5,heterogeneity,dynasurv,3,MONOCT std alone,factual,261,0.1081182971823706,0.9548363241666776,-0.4003297530312291
legacy_reused_holdout,1,bestCI,1,1,0.5,heterogeneity,dynasurv,3,POLYCT alone,factual,103,0.1059594359120643,0.9091445731579052,-0.575997797852648
legacy_reused_holdout,1,bestCI,1,1,0.5,heterogeneity,dynasurv,3,ET alone,counterfactual,412,0.1056227329139776,0.8703418494231737,-0.0236667169619862
legacy_reused_holdout,1,bestCI,1,1,0.5,heterogeneity,dynasurv,3,ET+ANTI-CDK wo CT,counterfactual,390,0.1168008632328602,0.8558614684411711,0.5298898579907358
legacy_reused_holdout,1,bestCI,1,1,0.5,heterogeneity,dynasurv,3,MONOCT std alone,counterfactual,177,0.0907299289962608,0.7781594507764211,-0.4518105786289869
legacy_reused_holdout,1,bestCI,1,1,0.5,heterogeneity,dynasurv,3,POLYCT alone,counterfactual,335,0.1068061561049887,0.9022691141858706,-0.4716930274404868
legacy_reused_holdout,1,bestCI,1,1,0.5,heterogeneity,dynasurv,4,MONOCT std alone,factual,113,0.1272586396356506,1.1474448118021376,-0.5147439771700005
legacy_reused_holdout,1,bestCI,1,1,0.5,heterogeneity,dynasurv,4,POLYCT alone,factual,76,0.1329877635002056,1.1968276876886228,-0.8611008332225204
legacy_reused_holdout,1,bestCI,1,1,0.5,heterogeneity,dynasurv,4,MONOCT std alone,counterfactual,85,0.1227831639509306,1.089420118036048,-0.6831742585088025
legacy_reused_holdout,1,bestCI,1,1,0.5,heterogeneity,dynasurv,4,POLYCT alone,counterfactual,122,0.1317955752731229,1.185716870230406,-0.6153832719358817
legacy_reused_holdout,1,bestCI,1,1,0.5,heterogeneity,dynasurv,all,ET alone,factual,451,0.0950165230497724,1.2860506615443272,0.3885675382426195
legacy_reused_holdout,1,bestCI,1,1,0.5,heterogeneity,dynasurv,all,ET+ANTI-CDK wo CT,factual,1825,0.0878631489252513,1.087419459863776,0.8035637058703554
legacy_reused_holdout,1,bestCI,1,1,0.5,heterogeneity,dynasurv,all,MONOCT std alone,factual,784,0.1147666062978831,1.3445988112939962,-0.3370231444204475
legacy_reused_holdout,1,bestCI,1,1,0.5,heterogeneity,dynasurv,all,POLYCT alone,factual,384,0.120256367910973,1.4629009376145037,-0.8374416071531062
legacy_reused_holdout,1,bestCI,1,1,0.5,heterogeneity,dynasurv,all,ET alone,counterfactual,2804,0.0975614558777952,1.2222180089181232,0.2023448145764469
legacy_reused_holdout,1,bestCI,1,1,0.5,heterogeneity,dynasurv,all,ET+ANTI-CDK wo CT,counterfactual,1430,0.1417399575383201,1.636736921764086,1.4150026027956584
legacy_reused_holdout,1,bestCI,1,1,0.5,heterogeneity,dynasurv,all,MONOCT std alone,counterfactual,2669,0.1117487377139625,1.7858151509252285,-1.2524822259321384
legacy_reused_holdout,1,bestCI,1,1,0.5,heterogeneity,dynasurv,all,POLYCT alone,counterfactual,3069,0.1319311193738913,2.042390820229057,-1.475104362937343
legacy_reused_holdout,1,bestCI,1,1,0.5,heterogeneity,oracle,1,ET alone,factual,298,0.0,8.256188901243564e-06,-8.115106886758021e-06
legacy_reused_holdout,1,bestCI,1,1,0.5,heterogeneity,oracle,1,ET+ANTI-CDK wo CT,factual,1423,0.0,6.649773234143555e-06,-6.603795099640774e-06
legacy_reused_holdout,1,bestCI,1,1,0.5,heterogeneity,oracle,1,MONOCT std alone,factual,137,0.0,9.326000686086318e-06,-9.262211254487287e-06
legacy_reused_holdout,1,bestCI,1,1,0.5,heterogeneity,oracle,1,POLYCT alone,factual,119,0.0,8.43152732373665e-06,-8.43152732373665e-06
legacy_reused_holdout,1,bestCI,1,1,0.5,heterogeneity,oracle,1,ET alone,counterfactual,1679,0.0,7.558384651846664e-06,-7.456255932483948e-06
legacy_reused_holdout,1,bestCI,1,1,0.5,heterogeneity,oracle,1,ET+ANTI-CDK wo CT,counterfactual,554,0.0,8.138715779040625e-06,-8.074084399315567e-06
legacy_reused_holdout,1,bestCI,1,1,0.5,heterogeneity,oracle,1,MONOCT std alone,counterfactual,1840,0.0,8.15761590232039e-06,-8.116398025077673e-06
legacy_reused_holdout,1,bestCI,1,1,0.5,heterogeneity,oracle,1,POLYCT alone,counterfactual,1858,0.0,7.729086129517498e-06,-7.647166822038893e-06
legacy_reused_holdout,1,bestCI,1,1,0.5,heterogeneity,oracle,2,ET alone,factual,127,0.0,1.3854571819256796e-05,-1.345789338896098e-05
legacy_reused_holdout,1,bestCI,1,1,0.5,heterogeneity,oracle,2,ET+ANTI-CDK wo CT,factual,354,0.0,1.1700516550647128e-05,-1.157737137142065e-05
legacy_reused_holdout,1,bestCI,1,1,0.5,heterogeneity,oracle,2,MONOCT std alone,factual,273,0.0,1.3873735754710332e-05,-1.2833456042921422e-05
legacy_reused_holdout,1,bestCI,1,1,0.5,heterogeneity,oracle,2,POLYCT alone,factual,86,0.0,1.407345340614284e-05,-1.36571594537786e-05
legacy_reused_holdout,1,bestCI,1,1,0.5,heterogeneity,oracle,2,ET alone,counterfactual,713,0.0,1.301383252327294e-05,-1.22014906364125e-05
legacy_reused_holdout,1,bestCI,1,1,0.5,heterogeneity,oracle,2,ET+ANTI-CDK wo CT,counterfactual,486,0.0,1.346183904803606e-05,-1.2551676365960144e-05
legacy_reused_holdout,1,bestCI,1,1,0.5,heterogeneity,oracle,2,MONOCT std alone,counterfactual,567,0.0,1.3900594587982576e-05,-1.3707085529175625e-05
legacy_reused_holdout,1,bestCI,1,1,0.5,heterogeneity,oracle,2,POLYCT alone,counterfactual,754,0.0,1.3594452674549836e-05,-1.2829256982129e-05
legacy_reused_holdout,1,bestCI,1,1,0.5,heterogeneity,oracle,3,ET alone,factual,26,0.0,1.4597118315725546e-05,-1.4597118315725546e-05
legacy_reused_holdout,1,bestCI,1,1,0.5,heterogeneity,oracle,3,ET+ANTI-CDK wo CT,factual,48,0.0,1.1116712014110538e-05,-1.1116712014110538e-05
legacy_reused_holdout,1,bestCI,1,1,0.5,heterogeneity,oracle,3,MONOCT std alone,factual,261,0.0,1.8266946601046663e-05,-1.754640300125863e-05
legacy_reused_holdout,1,bestCI,1,1,0.5,heterogeneity,oracle,3,POLYCT alone,factual,103,0.0,1.7698721809460288e-05,-1.7102689139923353e-05
legacy_reused_holdout,1,bestCI,1,1,0.5,heterogeneity,oracle,3,ET alone,counterfactual,412,0.0,1.700375983120853e-05,-1.6076576884353374e-05
legacy_reused_holdout,1,bestCI,1,1,0.5,heterogeneity,oracle,3,ET+ANTI-CDK wo CT,counterfactual,390,0.0,1.676878058177249e-05,-1.621156615967287e-05
legacy_reused_holdout,1,bestCI,1,1,0.5,heterogeneity,oracle,3,MONOCT std alone,counterfactual,177,0.0,1.7341042151443637e-05,-1.6809785768257357e-05
legacy_reused_holdout,1,bestCI,1,1,0.5,heterogeneity,oracle,3,POLYCT alone,counterfactual,335,0.0,1.6985782315956998e-05,-1.6357222072241038e-05
legacy_reused_holdout,1,bestCI,1,1,0.5,heterogeneity,oracle,4,MONOCT std alone,factual,113,0.0,1.935939473335123e-05,-1.452222404000739e-05
legacy_reused_holdout,1,bestCI,1,1,0.5,heterogeneity,oracle,4,POLYCT alone,factual,76,0.0,1.807092900637344e-05,-1.68030884563192e-05
legacy_reused_holdout,1,bestCI,1,1,0.5,heterogeneity,oracle,4,MONOCT std alone,counterfactual,85,0.0,1.8364398389724604e-05,-1.7437974905079428e-05
legacy_reused_holdout,1,bestCI,1,1,0.5,heterogeneity,oracle,4,POLYCT alone,counterfactual,122,0.0,1.9938892564414764e-05,-1.4598424567129634e-05
legacy_reused_holdout,1,bestCI,1,1,0.5,heterogeneity,oracle,all,ET alone,factual,451,0.0,1.0198226141518978e-05,-9.993302414325495e-06
legacy_reused_holdout,1,bestCI,1,1,0.5,heterogeneity,oracle,all,ET+ANTI-CDK wo CT,factual,1825,0.0,7.74696567002338e-06,-7.68722853093098e-06
legacy_reused_holdout,1,bestCI,1,1,0.5,heterogeneity,oracle,all,MONOCT std alone,factual,784,0.0,1.5332240590269917e-05,-1.4021784364070974e-05
legacy_reused_holdout,1,bestCI,1,1,0.5,heterogeneity,oracle,all,POLYCT alone,factual,384,0.0,1.4088613789874312e-05,-1.3584581168338505e-05
legacy_reused_holdout,1,bestCI,1,1,0.5,heterogeneity,oracle,all,ET alone,counterfactual,2804,0.0,1.0333430624109156e-05,-9.929481530226908e-06
legacy_reused_holdout,1,bestCI,1,1,0.5,heterogeneity,oracle,all,ET+ANTI-CDK wo CT,counterfactual,1430,0.0,1.230148723484287e-05,-1.1815152638706206e-05
legacy_reused_holdout,1,bestCI,1,1,0.5,heterogeneity,oracle,all,MONOCT std alone,counterfactual,2669,0.0,1.0311723010711036e-05,-1.0177463397938853e-05
legacy_reused_holdout,1,bestCI,1,1,0.5,heterogeneity,oracle,all,POLYCT alone,counterfactual,3069,0.0,1.0665898114681748e-05,-1.0147400753100064e-05
legacy_reused_holdout,1,bestCI,1,1,0.5,heterogeneity,naive_km,1,ET alone,factual,298,0.1334228860641993,2.17764852691615,0.4016769222396822
legacy_reused_holdout,1,bestCI,1,1,0.5,heterogeneity,naive_km,1,ET+ANTI-CDK wo CT,factual,1423,0.1003979914488149,1.5055833503120013,0.1331500566229074
legacy_reused_holdout,1,bestCI,1,1,0.5,heterogeneity,naive_km,1,MONOCT std alone,factual,137,0.1329237481245254,2.2590963312455066,0.1020814317935045
legacy_reused_holdout,1,bestCI,1,1,0.5,heterogeneity,naive_km,1,POLYCT alone,factual,119,0.111891358040804,1.9022577679192048,-0.3954135360043644
legacy_reused_holdout,1,bestCI,1,1,0.5,heterogeneity,naive_km,1,ET alone,counterfactual,1679,0.1243575170758837,2.0607388769271027,-0.2874119172176715
legacy_reused_holdout,1,bestCI,1,1,0.5,heterogeneity,naive_km,1,ET+ANTI-CDK wo CT,counterfactual,554,0.1498522998988976,2.240602875385882,1.5545217286497277
legacy_reused_holdout,1,bestCI,1,1,0.5,heterogeneity,naive_km,1,MONOCT std alone,counterfactual,1840,0.1392599479548178,2.663114196435381,-2.003351614218914
legacy_reused_holdout,1,bestCI,1,1,0.5,heterogeneity,naive_km,1,POLYCT alone,counterfactual,1858,0.1246831775351772,2.14307738440282,-0.7465871750479272
legacy_reused_holdout,1,bestCI,1,1,0.5,heterogeneity,naive_km,2,ET alone,factual,127,0.1424370299806376,1.830710645692964,-0.0215298979847433
legacy_reused_holdout,1,bestCI,1,1,0.5,heterogeneity,naive_km,2,ET+ANTI-CDK wo CT,factual,354,0.1309145993654502,1.4793517030109846,0.6328266402232879
legacy_reused_holdout,1,bestCI,1,1,0.5,heterogeneity,naive_km,2,MONOCT std alone,factual,273,0.1598341287852666,2.090601979921104,0.3719035013243681
legacy_reused_holdout,1,bestCI,1,1,0.5,heterogeneity,naive_km,2,POLYCT alone,factual,86,0.1473226291014674,1.8567501866387184,0.3899682814332528
legacy_reused_holdout,1,bestCI,1,1,0.5,heterogeneity,naive_km,2,ET alone,counterfactual,713,0.1716152144173148,2.2078035597503014,0.2912143968786644
legacy_reused_holdout,1,bestCI,1,1,0.5,heterogeneity,naive_km,2,ET+ANTI-CDK wo CT,counterfactual,486,0.2292479345745906,2.7508409358503805,2.5006760555385306
legacy_reused_holdout,1,bestCI,1,1,0.5,heterogeneity,naive_km,2,MONOCT std alone,counterfactual,567,0.1577614363649111,2.173871438435573,-1.2986851026976831
legacy_reused_holdout,1,bestCI,1,1,0.5,heterogeneity,naive_km,2,POLYCT alone,counterfactual,754,0.1575056572978025,1.959859157294689,0.1845084751885332
legacy_reused_holdout,1,bestCI,1,1,0.5,heterogeneity,naive_km,3,ET alone,factual,26,0.1312470609868835,1.2147600974951478,-0.767928407785281
legacy_reused_holdout,1,bestCI,1,1,0.5,heterogeneity,naive_km,3,ET+ANTI-CDK wo CT,factual,48,0.0782862822679274,0.6438595707046831,-0.2424224331197928
legacy_reused_holdout,1,bestCI,1,1,0.5,heterogeneity,naive_km,3,MONOCT std alone,factual,261,0.1440218690392251,1.2043149943324256,0.2290378540573827
legacy_reused_holdout,1,bestCI,1,1,0.5,heterogeneity,naive_km,3,POLYCT alone,factual,103,0.13890076374542,1.0612998321345275,0.3270960081701035
legacy_reused_holdout,1,bestCI,1,1,0.5,heterogeneity,naive_km,3,ET alone,counterfactual,412,0.1572311186738263,1.302895654702846,0.2246452497128068
legacy_reused_holdout,1,bestCI,1,1,0.5,heterogeneity,naive_km,3,ET+ANTI-CDK wo CT,counterfactual,390,0.183247441076111,1.369447004633993,1.1284997734101991
legacy_reused_holdout,1,bestCI,1,1,0.5,heterogeneity,naive_km,3,MONOCT std alone,counterfactual,177,0.137809628481701,1.1990501901941046,-0.3091040299171052
legacy_reused_holdout,1,bestCI,1,1,0.5,heterogeneity,naive_km,3,POLYCT alone,counterfactual,335,0.1537082862625385,1.2338681603857198,0.4075757516487663
legacy_reused_holdout,1,bestCI,1,1,0.5,heterogeneity,naive_km,4,MONOCT std alone,factual,113,0.1820518801010309,1.5859899028550963,0.1012539527983493
legacy_reused_holdout,1,bestCI,1,1,0.5,heterogeneity,naive_km,4,POLYCT alone,factual,76,0.1583828560289753,1.3728612253936348,0.1230259117431906
legacy_reused_holdout,1,bestCI,1,1,0.5,heterogeneity,naive_km,4,MONOCT std alone,counterfactual,85,0.1539489814042544,1.3992467980173435,-0.1736731270423685
legacy_reused_holdout,1,bestCI,1,1,0.5,heterogeneity,naive_km,4,POLYCT alone,counterfactual,122,0.1875889379526202,1.4965643555011034,0.5112589786962907
legacy_reused_holdout,1,bestCI,1,1,0.5,heterogeneity,naive_km,all,ET alone,factual,451,0.1358995834191783,2.024441852680472,0.2150760247914536
legacy_reused_holdout,1,bestCI,1,1,0.5,heterogeneity,naive_km,all,ET+ANTI-CDK wo CT,factual,1825,0.1065132295465265,1.4778306135636663,0.2201955531088718
legacy_reused_holdout,1,bestCI,1,1,0.5,heterogeneity,naive_km,all,MONOCT std alone,factual,784,0.1538362261976907,1.7522622582174552,0.2381828936128227
legacy_reused_holdout,1,bestCI,1,1,0.5,heterogeneity,naive_km,all,POLYCT alone,factual,384,0.1374059720563544,1.5617201205028326,0.0768852071686029
legacy_reused_holdout,1,bestCI,1,1,0.5,heterogeneity,naive_km,all,ET alone,counterfactual,2804,0.1427639029191384,1.9867822832382824,-0.0650409775864144
legacy_reused_holdout,1,bestCI,1,1,0.5,heterogeneity,naive_km,all,ET+ANTI-CDK wo CT,counterfactual,1430,0.1889945074180905,2.176424489226798,1.759894064541016
legacy_reused_holdout,1,bestCI,1,1,0.5,heterogeneity,naive_km,all,MONOCT std alone,counterfactual,2669,0.1437750785429704,2.4218370507792812,-1.6830254973721683
legacy_reused_holdout,1,bestCI,1,1,0.5,heterogeneity,naive_km,all,POLYCT alone,counterfactual,3069,0.1395863302826934,1.9731177158426152,-0.3418468910862204
legacy_reused_holdout,1,bestCI,2,2,0.5,heterogeneity,dynasurv,1,ET alone,factual,312,0.1283279565439607,2.094501637472985,1.9190868895338904
legacy_reused_holdout,1,bestCI,2,2,0.5,heterogeneity,dynasurv,1,ET+ANTI-CDK wo CT,factual,1378,0.0871539179285217,1.3479941563837805,1.1230365523864865
legacy_reused_holdout,1,bestCI,2,2,0.5,heterogeneity,dynasurv,1,MONOCT std alone,factual,142,0.1170390878983243,1.7617345213395044,1.1002491618000767
legacy_reused_holdout,1,bestCI,2,2,0.5,heterogeneity,dynasurv,1,POLYCT alone,factual,145,0.1170554631842199,1.6869734873766005,0.6065214617977683
legacy_reused_holdout,1,bestCI,2,2,0.5,heterogeneity,dynasurv,1,ET alone,counterfactual,1665,0.1051935182386069,1.6819340171522934,1.5405479813974374
legacy_reused_holdout,1,bestCI,2,2,0.5,heterogeneity,dynasurv,1,ET+ANTI-CDK wo CT,counterfactual,599,0.1252995590354302,1.9047750087298172,1.6548574087550203
legacy_reused_holdout,1,bestCI,2,2,0.5,heterogeneity,dynasurv,1,MONOCT std alone,counterfactual,1835,0.0854996877947342,1.3017886405799997,0.4708372812423312
legacy_reused_holdout,1,bestCI,2,2,0.5,heterogeneity,dynasurv,1,POLYCT alone,counterfactual,1832,0.1020031321101678,1.5046170286377976,0.112480569666139
legacy_reused_holdout,1,bestCI,2,2,0.5,heterogeneity,dynasurv,2,ET alone,factual,115,0.1138261164697493,1.4053213651227203,0.8425454378411604
legacy_reused_holdout,1,bestCI,2,2,0.5,heterogeneity,dynasurv,2,ET+ANTI-CDK wo CT,factual,379,0.0925500722057481,1.036269471732124,0.7176233817204339
legacy_reused_holdout,1,bestCI,2,2,0.5,heterogeneity,dynasurv,2,MONOCT std alone,factual,273,0.1255322322934015,1.5428052870110314,0.8281463812755032
legacy_reused_holdout,1,bestCI,2,2,0.5,heterogeneity,dynasurv,2,POLYCT alone,factual,73,0.0984808338270639,1.2183726101268724,-0.1336275414573018
legacy_reused_holdout,1,bestCI,2,2,0.5,heterogeneity,dynasurv,2,ET alone,counterfactual,725,0.1252132313566168,1.5041078800317875,1.165155624244064
legacy_reused_holdout,1,bestCI,2,2,0.5,heterogeneity,dynasurv,2,ET+ANTI-CDK wo CT,counterfactual,461,0.1470347955143894,1.8032860072925956,1.4367632583074257
legacy_reused_holdout,1,bestCI,2,2,0.5,heterogeneity,dynasurv,2,MONOCT std alone,counterfactual,567,0.0907780599101473,1.0970353292914992,0.0697123825034246
legacy_reused_holdout,1,bestCI,2,2,0.5,heterogeneity,dynasurv,2,POLYCT alone,counterfactual,767,0.1144003294959431,1.3682618970816598,0.364600019456084
legacy_reused_holdout,1,bestCI,2,2,0.5,heterogeneity,dynasurv,3,ET alone,factual,23,0.1003651803783551,0.7734466132289227,-0.4275933386701687
legacy_reused_holdout,1,bestCI,2,2,0.5,heterogeneity,dynasurv,3,ET+ANTI-CDK wo CT,factual,58,0.0695128855064633,0.5928424097475649,-0.2979861800654174
legacy_reused_holdout,1,bestCI,2,2,0.5,heterogeneity,dynasurv,3,MONOCT std alone,factual,254,0.1063898992336036,0.9035717476305608,-0.0900541335967635
legacy_reused_holdout,1,bestCI,2,2,0.5,heterogeneity,dynasurv,3,POLYCT alone,factual,103,0.112367550218253,0.9381342976924012,-0.4018030295469553
legacy_reused_holdout,1,bestCI,2,2,0.5,heterogeneity,dynasurv,3,ET alone,counterfactual,415,0.1091104485602646,0.8812881117146567,0.3133262680141406
legacy_reused_holdout,1,bestCI,2,2,0.5,heterogeneity,dynasurv,3,ET+ANTI-CDK wo CT,counterfactual,380,0.1101103606608317,0.8918676109993612,0.2116823609394671
legacy_reused_holdout,1,bestCI,2,2,0.5,heterogeneity,dynasurv,3,MONOCT std alone,counterfactual,184,0.1050773852804139,0.883994409229135,-0.4065752052634587
legacy_reused_holdout,1,bestCI,2,2,0.5,heterogeneity,dynasurv,3,POLYCT alone,counterfactual,335,0.1186999351105665,0.9899841557087612,-0.2733055553668911
legacy_reused_holdout,1,bestCI,2,2,0.5,heterogeneity,dynasurv,4,ET alone,factual,5,0.0273931791208352,0.1409847151324534,0.0132670961279544
legacy_reused_holdout,1,bestCI,2,2,0.5,heterogeneity,dynasurv,4,MONOCT std alone,factual,114,0.1195003538857017,0.990688974969084,-0.2570221113354312
legacy_reused_holdout,1,bestCI,2,2,0.5,heterogeneity,dynasurv,4,POLYCT alone,factual,75,0.1267274327037927,1.093542686155007,-0.4644869914630848
legacy_reused_holdout,1,bestCI,2,2,0.5,heterogeneity,dynasurv,4,ET alone,counterfactual,193,0.1218174201996787,0.956590193565326,0.229822450640098
legacy_reused_holdout,1,bestCI,2,2,0.5,heterogeneity,dynasurv,4,MONOCT std alone,counterfactual,84,0.1140410903124853,0.9578554911717831,-0.3275557817499206
legacy_reused_holdout,1,bestCI,2,2,0.5,heterogeneity,dynasurv,4,POLYCT alone,counterfactual,123,0.1405387270156901,1.175862226603204,-0.4210944533388731
legacy_reused_holdout,1,bestCI,2,2,0.5,heterogeneity,dynasurv,all,ET alone,factual,455,0.1228190412052037,1.8320673924409048,1.5074275243462267
legacy_reused_holdout,1,bestCI,2,2,0.5,heterogeneity,dynasurv,all,ET+ANTI-CDK wo CT,factual,1815,0.087806476291547,1.258769662285776,0.9929699352158836
legacy_reused_holdout,1,bestCI,2,2,0.5,heterogeneity,dynasurv,all,MONOCT std alone,factual,783,0.117172413739696,1.294761063127534,0.421641216395921
legacy_reused_holdout,1,bestCI,2,2,0.5,heterogeneity,dynasurv,all,POLYCT alone,factual,396,0.1145896296691668,1.293423965486898,0.0049711238162263
legacy_reused_holdout,1,bestCI,2,2,0.5,heterogeneity,dynasurv,all,ET alone,counterfactual,2998,0.1119834369635345,1.4814058790197815,1.1955091230163732
legacy_reused_holdout,1,bestCI,2,2,0.5,heterogeneity,dynasurv,all,ET+ANTI-CDK wo CT,counterfactual,1440,0.1290402177564455,1.6049894248408365,1.2041991299173458
legacy_reused_holdout,1,bestCI,2,2,0.5,heterogeneity,dynasurv,all,MONOCT std alone,counterfactual,2670,0.089129592980438,1.2186951384753446,0.300070714802865
legacy_reused_holdout,1,bestCI,2,2,0.5,heterogeneity,dynasurv,all,POLYCT alone,counterfactual,3057,0.1088927710122428,1.4007821450967313,0.1119923584372238
legacy_reused_holdout,1,bestCI,2,2,0.5,heterogeneity,oracle,1,ET alone,factual,312,0.0,8.21379503538134e-06,-8.02451855768788e-06
legacy_reused_holdout,1,bestCI,2,2,0.5,heterogeneity,oracle,1,ET+ANTI-CDK wo CT,factual,1378,0.0,6.663604643188005e-06,-6.640082784278731e-06
legacy_reused_holdout,1,bestCI,2,2,0.5,heterogeneity,oracle,1,MONOCT std alone,factual,142,0.0,9.26401357257599e-06,-8.894255043954167e-06
legacy_reused_holdout,1,bestCI,2,2,0.5,heterogeneity,oracle,1,POLYCT alone,factual,145,0.0,8.3322925816472e-06,-8.279378577164944e-06
legacy_reused_holdout,1,bestCI,2,2,0.5,heterogeneity,oracle,1,ET alone,counterfactual,1665,0.0,7.6197402473703584e-06,-7.479644124608698e-06
legacy_reused_holdout,1,bestCI,2,2,0.5,heterogeneity,oracle,1,ET+ANTI-CDK wo CT,counterfactual,599,0.0,8.114714420403364e-06,-7.936653555513348e-06
legacy_reused_holdout,1,bestCI,2,2,0.5,heterogeneity,oracle,1,MONOCT std alone,counterfactual,1835,0.0,8.195155073706377e-06,-8.152419660356473e-06
legacy_reused_holdout,1,bestCI,2,2,0.5,heterogeneity,oracle,1,POLYCT alone,counterfactual,1832,0.0,7.774429387228524e-06,-7.673046343787261e-06
legacy_reused_holdout,1,bestCI,2,2,0.5,heterogeneity,oracle,2,ET alone,factual,115,0.0,1.3103748824976722e-05,-1.2803886423586104e-05
legacy_reused_holdout,1,bestCI,2,2,0.5,heterogeneity,oracle,2,ET+ANTI-CDK wo CT,factual,379,0.0,1.1747494677368935e-05,-1.1567202542993151e-05
legacy_reused_holdout,1,bestCI,2,2,0.5,heterogeneity,oracle,2,MONOCT std alone,factual,273,0.0,1.3851186992325177e-05,-1.2322171904062516e-05
legacy_reused_holdout,1,bestCI,2,2,0.5,heterogeneity,oracle,2,POLYCT alone,factual,73,0.0,1.4497309543108722e-05,-1.4448577190720876e-05
legacy_reused_holdout,1,bestCI,2,2,0.5,heterogeneity,oracle,2,ET alone,counterfactual,725,0.0,1.3201009156754591e-05,-1.2170358631328856e-05
legacy_reused_holdout,1,bestCI,2,2,0.5,heterogeneity,oracle,2,ET+ANTI-CDK wo CT,counterfactual,461,0.0,1.3507781855807474e-05,-1.241126564700254e-05
legacy_reused_holdout,1,bestCI,2,2,0.5,heterogeneity,oracle,2,MONOCT std alone,counterfactual,567,0.0,1.3923251233337238e-05,-1.369132920846891e-05
legacy_reused_holdout,1,bestCI,2,2,0.5,heterogeneity,oracle,2,POLYCT alone,counterfactual,767,0.0,1.3499386054805796e-05,-1.2590568647574916e-05
legacy_reused_holdout,1,bestCI,2,2,0.5,heterogeneity,oracle,3,ET alone,factual,23,0.0,1.5152626311291636e-05,-1.5152626311291636e-05
legacy_reused_holdout,1,bestCI,2,2,0.5,heterogeneity,oracle,3,ET+ANTI-CDK wo CT,factual,58,0.0,1.318263925317194e-05,-1.318263925317194e-05
legacy_reused_holdout,1,bestCI,2,2,0.5,heterogeneity,oracle,3,MONOCT std alone,factual,254,0.0,1.8365709150163414e-05,-1.7588688237773997e-05
legacy_reused_holdout,1,bestCI,2,2,0.5,heterogeneity,oracle,3,POLYCT alone,factual,103,0.0,1.7705403664443303e-05,-1.7485096433585966e-05
legacy_reused_holdout,1,bestCI,2,2,0.5,heterogeneity,oracle,3,ET alone,counterfactual,415,0.0,1.722227168052199e-05,-1.629408941197792e-05
legacy_reused_holdout,1,bestCI,2,2,0.5,heterogeneity,oracle,3,ET+ANTI-CDK wo CT,counterfactual,380,0.0,1.696492074881814e-05,-1.6441523279803485e-05
legacy_reused_holdout,1,bestCI,2,2,0.5,heterogeneity,oracle,3,MONOCT std alone,counterfactual,184,0.0,1.7744447705342097e-05,-1.7385013831527907e-05
legacy_reused_holdout,1,bestCI,2,2,0.5,heterogeneity,oracle,3,POLYCT alone,counterfactual,335,0.0,1.742330544613637e-05,-1.669743455016916e-05
legacy_reused_holdout,1,bestCI,2,2,0.5,heterogeneity,oracle,4,ET alone,factual,5,0.0,1.436886396319892e-05,-1.436886396319892e-05
legacy_reused_holdout,1,bestCI,2,2,0.5,heterogeneity,oracle,4,MONOCT std alone,factual,114,0.0,1.9063625265655492e-05,-1.632558322370352e-05
legacy_reused_holdout,1,bestCI,2,2,0.5,heterogeneity,oracle,4,POLYCT alone,factual,75,0.0,1.7709894467058024e-05,-1.6487202789659722e-05
legacy_reused_holdout,1,bestCI,2,2,0.5,heterogeneity,oracle,4,ET alone,counterfactual,193,0.0,1.8235445068600868e-05,-1.5406821857933367e-05
legacy_reused_holdout,1,bestCI,2,2,0.5,heterogeneity,oracle,4,MONOCT std alone,counterfactual,84,0.0,1.817928223159965e-05,-1.689270514666708e-05
legacy_reused_holdout,1,bestCI,2,2,0.5,heterogeneity,oracle,4,POLYCT alone,counterfactual,123,0.0,1.9087498154801347e-05,-1.5723320919303784e-05
legacy_reused_holdout,1,bestCI,2,2,0.5,heterogeneity,oracle,all,ET alone,factual,455,0.0,9.868109650301105e-06,-9.662530667443346e-06
legacy_reused_holdout,1,bestCI,2,2,0.5,heterogeneity,oracle,all,ET+ANTI-CDK wo CT,factual,1815,0.0,7.933521078633537e-06,-7.878014830421194e-06
legacy_reused_holdout,1,bestCI,2,2,0.5,heterogeneity,oracle,all,MONOCT std alone,factual,783,0.0,1.5242665875653636e-05,-1.3991801335820376e-05
legacy_reused_holdout,1,bestCI,2,2,0.5,heterogeneity,oracle,all,POLYCT alone,factual,396,0.0,1.368278960467877e-05,-1.3365558511351955e-05
legacy_reused_holdout,1,bestCI,2,2,0.5,heterogeneity,oracle,all,ET alone,counterfactual,2998,0.0,1.0982082320271957e-05,-1.0344456704382548e-05
legacy_reused_holdout,1,bestCI,2,2,0.5,heterogeneity,oracle,all,ET+ANTI-CDK wo CT,counterfactual,1440,0.0,1.2176716151319272e-05,-1.161349152037916e-05
legacy_reused_holdout,1,bestCI,2,2,0.5,heterogeneity,oracle,all,MONOCT std alone,counterfactual,2670,0.0,1.0383756964341098e-05,-1.0239888957032648e-05
legacy_reused_holdout,1,bestCI,2,2,0.5,heterogeneity,oracle,all,POLYCT alone,counterfactual,3057,0.0,1.072337367973011e-05,-1.0219691233853208e-05
legacy_reused_holdout,1,bestCI,2,2,0.5,heterogeneity,naive_km,1,ET alone,factual,312,0.1467846984592263,2.2901310155938903,0.7612819214755945
legacy_reused_holdout,1,bestCI,2,2,0.5,heterogeneity,naive_km,1,ET+ANTI-CDK wo CT,factual,1378,0.095688355758166,1.4890370326445777,0.0628577393599647
legacy_reused_holdout,1,bestCI,2,2,0.5,heterogeneity,naive_km,1,MONOCT std alone,factual,142,0.1332992023312935,2.2500942881662103,-0.0787806360896788
legacy_reused_holdout,1,bestCI,2,2,0.5,heterogeneity,naive_km,1,POLYCT alone,factual,145,0.1218720839859369,1.8925103664042455,0.2198050167591768
legacy_reused_holdout,1,bestCI,2,2,0.5,heterogeneity,naive_km,1,ET alone,counterfactual,1665,0.1204199584542157,1.992219756457401,-0.2417967982406418
legacy_reused_holdout,1,bestCI,2,2,0.5,heterogeneity,naive_km,1,ET+ANTI-CDK wo CT,counterfactual,599,0.152940975648458,2.239012396082347,1.5613417056603505
legacy_reused_holdout,1,bestCI,2,2,0.5,heterogeneity,naive_km,1,MONOCT std alone,counterfactual,1835,0.1332867309187333,2.4374646825142507,-1.6762702730601515
legacy_reused_holdout,1,bestCI,2,2,0.5,heterogeneity,naive_km,1,POLYCT alone,counterfactual,1832,0.1179071613111762,1.9520292716802692,-0.3245437257750398
legacy_reused_holdout,1,bestCI,2,2,0.5,heterogeneity,naive_km,2,ET alone,factual,115,0.1582326467135885,2.0511035246998723,0.5483016889812328
legacy_reused_holdout,1,bestCI,2,2,0.5,heterogeneity,naive_km,2,ET+ANTI-CDK wo CT,factual,379,0.1290571288728694,1.392230590329924,0.609201572049572
legacy_reused_holdout,1,bestCI,2,2,0.5,heterogeneity,naive_km,2,MONOCT std alone,factual,273,0.166737750135759,2.091532993650496,0.7912046797521882
legacy_reused_holdout,1,bestCI,2,2,0.5,heterogeneity,naive_km,2,POLYCT alone,factual,73,0.1216876959803016,1.4944269356692492,-0.4256974992027011
legacy_reused_holdout,1,bestCI,2,2,0.5,heterogeneity,naive_km,2,ET alone,counterfactual,725,0.1756712241527785,2.133964757259463,0.7958533454602552
legacy_reused_holdout,1,bestCI,2,2,0.5,heterogeneity,naive_km,2,ET+ANTI-CDK wo CT,counterfactual,461,0.2345303861606661,2.8934478062451254,2.6269532190793132
legacy_reused_holdout,1,bestCI,2,2,0.5,heterogeneity,naive_km,2,MONOCT std alone,counterfactual,567,0.1488235145398961,2.051597383394607,-1.180606076882694
legacy_reused_holdout,1,bestCI,2,2,0.5,heterogeneity,naive_km,2,POLYCT alone,counterfactual,767,0.1627151776617321,2.037475738115434,-0.0826002680509215
legacy_reused_holdout,1,bestCI,2,2,0.5,heterogeneity,naive_km,3,ET alone,factual,23,0.1131579504616964,0.7854658760598561,0.2040672640351253
legacy_reused_holdout,1,bestCI,2,2,0.5,heterogeneity,naive_km,3,ET+ANTI-CDK wo CT,factual,58,0.0934652448992493,0.7662228069168046,-0.0322948531465204
legacy_reused_holdout,1,bestCI,2,2,0.5,heterogeneity,naive_km,3,MONOCT std alone,factual,254,0.1595747674986072,1.3791688936098094,0.2936472252598859
legacy_reused_holdout,1,bestCI,2,2,0.5,heterogeneity,naive_km,3,POLYCT alone,factual,103,0.1379671107968422,1.1500974594935294,0.0493935427062569
legacy_reused_holdout,1,bestCI,2,2,0.5,heterogeneity,naive_km,3,ET alone,counterfactual,415,0.2018116664451296,1.5781972016943049,1.247486703234442
legacy_reused_holdout,1,bestCI,2,2,0.5,heterogeneity,naive_km,3,ET+ANTI-CDK wo CT,counterfactual,380,0.1946265542559741,1.4575045763953196,1.1594209582455048
legacy_reused_holdout,1,bestCI,2,2,0.5,heterogeneity,naive_km,3,MONOCT std alone,counterfactual,184,0.1427501503305647,1.2559264250993696,-0.4086470336683495
legacy_reused_holdout,1,bestCI,2,2,0.5,heterogeneity,naive_km,3,POLYCT alone,counterfactual,335,0.1629485528038771,1.3539054595801812,0.3436633193676758
legacy_reused_holdout,1,bestCI,2,2,0.5,heterogeneity,naive_km,4,ET alone,factual,5,0.1331930405437588,1.2046646202984068,-0.850970540737291
legacy_reused_holdout,1,bestCI,2,2,0.5,heterogeneity,naive_km,4,MONOCT std alone,factual,114,0.1643195396347709,1.3823846131625932,0.1810769094861118
legacy_reused_holdout,1,bestCI,2,2,0.5,heterogeneity,naive_km,4,POLYCT alone,factual,75,0.1593375458139952,1.303605396338406,0.0942203167817516
legacy_reused_holdout,1,bestCI,2,2,0.5,heterogeneity,naive_km,4,ET alone,counterfactual,193,0.1876030058952384,1.5261797894522002,0.7689579682322217
legacy_reused_holdout,1,bestCI,2,2,0.5,heterogeneity,naive_km,4,MONOCT std alone,counterfactual,84,0.1581223576824619,1.3728129757958698,-0.0976431307191454
legacy_reused_holdout,1,bestCI,2,2,0.5,heterogeneity,naive_km,4,POLYCT alone,counterfactual,123,0.1749350513034688,1.3994582926549293,0.4156651869389501
legacy_reused_holdout,1,bestCI,2,2,0.5,heterogeneity,naive_km,all,ET alone,factual,455,0.1481371833726354,2.1417292757288964,0.6615677980271398
legacy_reused_holdout,1,bestCI,2,2,0.5,heterogeneity,naive_km,all,ET+ANTI-CDK wo CT,factual,1815,0.1034834818029489,1.4457241584134677,0.1739020711638132
legacy_reused_holdout,1,bestCI,2,2,0.5,heterogeneity,naive_km,all,MONOCT std alone,factual,783,0.1584525358439647,1.785954841715983,0.3831943680013291
legacy_reused_holdout,1,bestCI,2,2,0.5,heterogeneity,naive_km,all,POLYCT alone,factual,396,0.1338943143350308,1.514488920418396,0.0327016884991396
legacy_reused_holdout,1,bestCI,2,2,0.5,heterogeneity,naive_km,all,ET alone,counterfactual,2998,0.1530353287174512,1.939184416805235,0.2803595317208568
legacy_reused_holdout,1,bestCI,2,2,0.5,heterogeneity,naive_km,all,ET+ANTI-CDK wo CT,counterfactual,1440,0.1932227737946985,2.2422913909462148,1.7964229720968092
legacy_reused_holdout,1,bestCI,2,2,0.5,heterogeneity,naive_km,all,MONOCT std alone,counterfactual,2670,0.1382166936098661,2.2406030565481383,-1.4339897654806182
legacy_reused_holdout,1,bestCI,2,2,0.5,heterogeneity,naive_km,all,POLYCT alone,counterfactual,3057,0.1382575208205416,1.8856896355278732,-0.1608323458401268
legacy_reused_holdout,1,bestCI,0,0,2.0,heterogeneity,dynasurv,1,ET alone,factual,287,0.1402888743924571,2.0942831899919527,1.8027509650497069
legacy_reused_holdout,1,bestCI,0,0,2.0,heterogeneity,dynasurv,1,ET+ANTI-CDK wo CT,factual,1415,0.1154941322895985,1.7125697023269333,1.4498518902912676
legacy_reused_holdout,1,bestCI,0,0,2.0,heterogeneity,dynasurv,1,MONOCT std alone,factual,139,0.1094084407498867,1.6791418612481357,0.9909653505143328
legacy_reused_holdout,1,bestCI,0,0,2.0,heterogeneity,dynasurv,1,POLYCT alone,factual,136,0.0983684180351098,1.4431016923288402,0.0096694077101434
legacy_reused_holdout,1,bestCI,0,0,2.0,heterogeneity,dynasurv,1,ET alone,counterfactual,1690,0.1281737611330747,1.9325266013566704,1.5353691184880198
legacy_reused_holdout,1,bestCI,0,0,2.0,heterogeneity,dynasurv,1,ET+ANTI-CDK wo CT,counterfactual,562,0.1543432578940171,2.390896221741039,1.877994845370306
legacy_reused_holdout,1,bestCI,0,0,2.0,heterogeneity,dynasurv,1,MONOCT std alone,counterfactual,1838,0.1056877097019165,1.568055139230395,0.2769845645627898
legacy_reused_holdout,1,bestCI,0,0,2.0,heterogeneity,dynasurv,1,POLYCT alone,counterfactual,1841,0.1023284521990546,1.46183568848834,-0.084872681970985
legacy_reused_holdout,1,bestCI,0,0,2.0,heterogeneity,dynasurv,2,ET alone,factual,121,0.1573581798556929,1.825922955624724,0.7841703878639545
legacy_reused_holdout,1,bestCI,0,0,2.0,heterogeneity,dynasurv,2,ET+ANTI-CDK wo CT,factual,365,0.1354066723165541,1.455008000403145,1.054849606526571
legacy_reused_holdout,1,bestCI,0,0,2.0,heterogeneity,dynasurv,2,MONOCT std alone,factual,269,0.1069678850917939,1.318295432530496,0.0916493873691878
legacy_reused_holdout,1,bestCI,0,0,2.0,heterogeneity,dynasurv,2,POLYCT alone,factual,85,0.1221858698293201,1.459329483985092,-0.2821924743251071
legacy_reused_holdout,1,bestCI,0,0,2.0,heterogeneity,dynasurv,2,ET alone,counterfactual,719,0.153415450751347,1.7560564740472346,0.8234402280689068
legacy_reused_holdout,1,bestCI,0,0,2.0,heterogeneity,dynasurv,2,ET+ANTI-CDK wo CT,counterfactual,475,0.1897805834115082,2.3063783223263568,1.8533677776044744
legacy_reused_holdout,1,bestCI,0,0,2.0,heterogeneity,dynasurv,2,MONOCT std alone,counterfactual,571,0.1100934006226906,1.30333409344259,0.31241149228874
legacy_reused_holdout,1,bestCI,0,0,2.0,heterogeneity,dynasurv,2,POLYCT alone,counterfactual,755,0.1336304978639238,1.567900655264591,0.3943324464705789
legacy_reused_holdout,1,bestCI,0,0,2.0,heterogeneity,dynasurv,3,ET alone,factual,14,0.1232209819180611,1.1165950747654363,-0.2737468029190956
legacy_reused_holdout,1,bestCI,0,0,2.0,heterogeneity,dynasurv,3,ET+ANTI-CDK wo CT,factual,57,0.132263570535398,0.7724932174571663,0.0736895915530512
legacy_reused_holdout,1,bestCI,0,0,2.0,heterogeneity,dynasurv,3,MONOCT std alone,factual,274,0.1123739729509411,0.9408903559979824,-0.0055659777184254
legacy_reused_holdout,1,bestCI,0,0,2.0,heterogeneity,dynasurv,3,POLYCT alone,factual,93,0.1091071311171373,0.7660887352715198,-0.2041017676171218
legacy_reused_holdout,1,bestCI,0,0,2.0,heterogeneity,dynasurv,3,ET alone,counterfactual,424,0.1426429939589646,1.1759846676714216,0.0108576040653121
legacy_reused_holdout,1,bestCI,0,0,2.0,heterogeneity,dynasurv,3,ET+ANTI-CDK wo CT,counterfactual,381,0.1450689407636436,1.102200573693617,0.5375197080158142
legacy_reused_holdout,1,bestCI,0,0,2.0,heterogeneity,dynasurv,3,MONOCT std alone,counterfactual,164,0.1050802667214297,0.8232435624385048,-0.0355999048852448
legacy_reused_holdout,1,bestCI,0,0,2.0,heterogeneity,dynasurv,3,POLYCT alone,counterfactual,345,0.1512027110056823,1.1440943565205428,0.3884829296651575
legacy_reused_holdout,1,bestCI,0,0,2.0,heterogeneity,dynasurv,4,MONOCT std alone,factual,117,0.1217194797516786,0.9731381116765834,-0.0524833981980515
legacy_reused_holdout,1,bestCI,0,0,2.0,heterogeneity,dynasurv,4,POLYCT alone,factual,65,0.1456249758735435,1.2563402942382136,-0.2603139752705694
legacy_reused_holdout,1,bestCI,0,0,2.0,heterogeneity,dynasurv,4,MONOCT std alone,counterfactual,81,0.1187312465304782,1.0286214414963648,0.1567872557615601
legacy_reused_holdout,1,bestCI,0,0,2.0,heterogeneity,dynasurv,4,POLYCT alone,counterfactual,133,0.1723778132327428,1.4213927322571591,0.3600358643360409
legacy_reused_holdout,1,bestCI,0,0,2.0,heterogeneity,dynasurv,all,ET alone,factual,422,0.1448741801732513,1.984901147405209,1.4418049494311302
legacy_reused_holdout,1,bestCI,0,0,2.0,heterogeneity,dynasurv,all,ET+ANTI-CDK wo CT,factual,1837,0.1202518155823058,1.6322243670848215,1.3286667598600248
legacy_reused_holdout,1,bestCI,0,0,2.0,heterogeneity,dynasurv,all,MONOCT std alone,factual,799,0.1115106616965861,1.2011055152362973,0.1936573635041091
legacy_reused_holdout,1,bestCI,0,0,2.0,heterogeneity,dynasurv,all,POLYCT alone,factual,379,0.1156662256891285,1.2485836617445654,-0.1545466850924378
legacy_reused_holdout,1,bestCI,0,0,2.0,heterogeneity,dynasurv,all,ET alone,counterfactual,2833,0.1371819720800114,1.7745118461791096,1.126519928821034
legacy_reused_holdout,1,bestCI,0,0,2.0,heterogeneity,dynasurv,all,ET+ANTI-CDK wo CT,counterfactual,1418,0.1648051741959954,2.016327079196581,1.5095753217307917
legacy_reused_holdout,1,bestCI,0,0,2.0,heterogeneity,dynasurv,all,MONOCT std alone,counterfactual,2654,0.1070320129977221,1.4486131854793916,0.26162244727912
legacy_reused_holdout,1,bestCI,0,0,2.0,heterogeneity,dynasurv,all,POLYCT alone,counterfactual,3074,0.1204509146116143,1.4504756940863988,0.1051990144007405
legacy_reused_holdout,1,bestCI,0,0,2.0,heterogeneity,oracle,1,ET alone,factual,287,0.0,9.493855014550628e-06,-8.934947860459622e-06
legacy_reused_holdout,1,bestCI,0,0,2.0,heterogeneity,oracle,1,ET+ANTI-CDK wo CT,factual,1415,0.0,7.643335090647703e-06,-7.595064817483039e-06
legacy_reused_holdout,1,bestCI,0,0,2.0,heterogeneity,oracle,1,MONOCT std alone,factual,139,0.0,1.1970493496032444e-05,-1.1970493496032444e-05
legacy_reused_holdout,1,bestCI,0,0,2.0,heterogeneity,oracle,1,POLYCT alone,factual,136,0.0,8.554437416541383e-06,-8.314935760243264e-06
legacy_reused_holdout,1,bestCI,0,0,2.0,heterogeneity,oracle,1,ET alone,counterfactual,1690,0.0,8.750057324067753e-06,-8.612349066861692e-06
legacy_reused_holdout,1,bestCI,0,0,2.0,heterogeneity,oracle,1,ET+ANTI-CDK wo CT,counterfactual,562,0.0,9.657477076203576e-06,-9.374709852162136e-06
legacy_reused_holdout,1,bestCI,0,0,2.0,heterogeneity,oracle,1,MONOCT std alone,counterfactual,1838,0.0,1.03287242841963e-05,-1.0326292072996354e-05
legacy_reused_holdout,1,bestCI,0,0,2.0,heterogeneity,oracle,1,POLYCT alone,counterfactual,1841,0.0,9.153494958058716e-06,-8.833186841795392e-06
legacy_reused_holdout,1,bestCI,0,0,2.0,heterogeneity,oracle,2,ET alone,factual,121,0.0,1.4262877626462744e-05,-1.3566024951886496e-05
legacy_reused_holdout,1,bestCI,0,0,2.0,heterogeneity,oracle,2,ET+ANTI-CDK wo CT,factual,365,0.0,1.2034888583280356e-05,-1.127306717507532e-05
legacy_reused_holdout,1,bestCI,0,0,2.0,heterogeneity,oracle,2,MONOCT std alone,factual,269,0.0,1.779620977959695e-05,-1.7754391326427415e-05
legacy_reused_holdout,1,bestCI,0,0,2.0,heterogeneity,oracle,2,POLYCT alone,factual,85,0.0,1.4957301015574968e-05,-1.380357462515642e-05
legacy_reused_holdout,1,bestCI,0,0,2.0,heterogeneity,oracle,2,ET alone,counterfactual,719,0.0,1.3793188644304325e-05,-1.2454132551452527e-05
legacy_reused_holdout,1,bestCI,0,0,2.0,heterogeneity,oracle,2,ET+ANTI-CDK wo CT,counterfactual,475,0.0,1.4142610550659415e-05,-1.1249713831369648e-05
legacy_reused_holdout,1,bestCI,0,0,2.0,heterogeneity,oracle,2,MONOCT std alone,counterfactual,571,0.0,1.70409595991911e-05,-1.6956057284850012e-05
legacy_reused_holdout,1,bestCI,0,0,2.0,heterogeneity,oracle,2,POLYCT alone,counterfactual,755,0.0,1.517355502152282e-05,-1.3522948300707305e-05
legacy_reused_holdout,1,bestCI,0,0,2.0,heterogeneity,oracle,3,ET alone,factual,14,0.0,1.5456268110090677e-05,-1.1446251016218006e-05
legacy_reused_holdout,1,bestCI,0,0,2.0,heterogeneity,oracle,3,ET+ANTI-CDK wo CT,factual,57,0.0,1.0241477505791744e-05,-7.142285406954348e-06
legacy_reused_holdout,1,bestCI,0,0,2.0,heterogeneity,oracle,3,MONOCT std alone,factual,274,0.0,1.955921281322152e-05,-1.925820811723725e-05
legacy_reused_holdout,1,bestCI,0,0,2.0,heterogeneity,oracle,3,POLYCT alone,factual,93,0.0,1.712101023740816e-05,-1.542096683356916e-05
legacy_reused_holdout,1,bestCI,0,0,2.0,heterogeneity,oracle,3,ET alone,counterfactual,424,0.0,1.6935397504282003e-05,-1.3707857236151156e-05
legacy_reused_holdout,1,bestCI,0,0,2.0,heterogeneity,oracle,3,ET+ANTI-CDK wo CT,counterfactual,381,0.0,1.770843195319317e-05,-1.2643927138666796e-05
legacy_reused_holdout,1,bestCI,0,0,2.0,heterogeneity,oracle,3,MONOCT std alone,counterfactual,164,0.0,1.9167548913360716e-05,-1.8657034957324813e-05
legacy_reused_holdout,1,bestCI,0,0,2.0,heterogeneity,oracle,3,POLYCT alone,counterfactual,345,0.0,1.934613941310662e-05,-1.307289497515321e-05
legacy_reused_holdout,1,bestCI,0,0,2.0,heterogeneity,oracle,4,MONOCT std alone,factual,117,0.0,1.860824566751882e-05,-1.605274733600791e-05
legacy_reused_holdout,1,bestCI,0,0,2.0,heterogeneity,oracle,4,POLYCT alone,factual,65,0.0,1.71839596018135e-05,-1.4979106328659133e-05
legacy_reused_holdout,1,bestCI,0,0,2.0,heterogeneity,oracle,4,MONOCT std alone,counterfactual,81,0.0,1.661223402829147e-05,-1.6283798053600224e-05
legacy_reused_holdout,1,bestCI,0,0,2.0,heterogeneity,oracle,4,POLYCT alone,counterfactual,133,0.0,2.033813784484943e-05,-8.777153305838697e-06
legacy_reused_holdout,1,bestCI,0,0,2.0,heterogeneity,oracle,all,ET alone,factual,422,0.0,1.105908136378979e-05,-1.0346129311273056e-05
legacy_reused_holdout,1,bestCI,0,0,2.0,heterogeneity,oracle,all,ET+ANTI-CDK wo CT,factual,1837,0.0,8.596525696240588e-06,-8.31181083496864e-06
legacy_reused_holdout,1,bestCI,0,0,2.0,heterogeneity,oracle,all,MONOCT std alone,factual,799,0.0,1.7506217873069448e-05,-1.7014706289353463e-05
legacy_reused_holdout,1,bestCI,0,0,2.0,heterogeneity,oracle,all,POLYCT alone,factual,379,0.0,1.3572520847415136e-05,-1.2432524890280092e-05
legacy_reused_holdout,1,bestCI,0,0,2.0,heterogeneity,oracle,all,ET alone,counterfactual,2833,0.0,1.1255032846715456e-05,-1.0349990362025668e-05
legacy_reused_holdout,1,bestCI,0,0,2.0,heterogeneity,oracle,all,ET+ANTI-CDK wo CT,counterfactual,1418,0.0,1.332309922606222e-05,-1.0881196929934944e-05
legacy_reused_holdout,1,bestCI,0,0,2.0,heterogeneity,oracle,all,MONOCT std alone,counterfactual,2654,0.0,1.2510795834051876e-05,-1.2449274647761696e-05
legacy_reused_holdout,1,bestCI,0,0,2.0,heterogeneity,oracle,all,POLYCT alone,counterfactual,3074,0.0,1.2259924752739944e-05,-1.045843627159523e-05
legacy_reused_holdout,1,bestCI,0,0,2.0,heterogeneity,naive_km,1,ET alone,factual,287,0.1827507913826101,2.9005426121364626,0.4863246822070411
legacy_reused_holdout,1,bestCI,0,0,2.0,heterogeneity,naive_km,1,ET+ANTI-CDK wo CT,factual,1415,0.1376277365599912,2.092359857368479,0.2761909315932264
legacy_reused_holdout,1,bestCI,0,0,2.0,heterogeneity,naive_km,1,MONOCT std alone,factual,139,0.0988234836068515,1.6091531212551309,0.2241030616364389
legacy_reused_holdout,1,bestCI,0,0,2.0,heterogeneity,naive_km,1,POLYCT alone,factual,136,0.145147431236368,1.9972652483009283,0.6482590204733367
legacy_reused_holdout,1,bestCI,0,0,2.0,heterogeneity,naive_km,1,ET alone,counterfactual,1690,0.1608619594624679,2.7308697530875636,-0.2672164443050849
legacy_reused_holdout,1,bestCI,0,0,2.0,heterogeneity,naive_km,1,ET+ANTI-CDK wo CT,counterfactual,562,0.2124940845852174,3.1896564125540565,2.3032668634188465
legacy_reused_holdout,1,bestCI,0,0,2.0,heterogeneity,naive_km,1,MONOCT std alone,counterfactual,1838,0.0968791885441831,1.6692797860205404,-0.830398218407075
legacy_reused_holdout,1,bestCI,0,0,2.0,heterogeneity,naive_km,1,POLYCT alone,counterfactual,1841,0.1729143536461994,2.3907765970648107,1.3024524888582445
legacy_reused_holdout,1,bestCI,0,0,2.0,heterogeneity,naive_km,2,ET alone,factual,121,0.1993773547199002,2.5074468676567703,0.718299064226876
legacy_reused_holdout,1,bestCI,0,0,2.0,heterogeneity,naive_km,2,ET+ANTI-CDK wo CT,factual,365,0.1999516684398505,2.311647608656611,0.8856147565306779
legacy_reused_holdout,1,bestCI,0,0,2.0,heterogeneity,naive_km,2,MONOCT std alone,factual,269,0.119832564816856,1.5261414708444934,0.0160602696775815
legacy_reused_holdout,1,bestCI,0,0,2.0,heterogeneity,naive_km,2,POLYCT alone,factual,85,0.1786512971183264,2.052955725648685,0.6671770376923919
legacy_reused_holdout,1,bestCI,0,0,2.0,heterogeneity,naive_km,2,ET alone,counterfactual,719,0.2181786792085384,2.8053884058559664,0.884760791693892
legacy_reused_holdout,1,bestCI,0,0,2.0,heterogeneity,naive_km,2,ET+ANTI-CDK wo CT,counterfactual,475,0.313262539888567,3.953121162545515,3.551436373833045
legacy_reused_holdout,1,bestCI,0,0,2.0,heterogeneity,naive_km,2,MONOCT std alone,counterfactual,571,0.1370835912860712,1.8085879101148816,-0.7195501369683199
legacy_reused_holdout,1,bestCI,0,0,2.0,heterogeneity,naive_km,2,POLYCT alone,counterfactual,755,0.2145077571837256,2.4709422914391532,1.4900846996880128
legacy_reused_holdout,1,bestCI,0,0,2.0,heterogeneity,naive_km,3,ET alone,factual,14,0.2127422216911363,1.7265780726668625,0.5484651983476104
legacy_reused_holdout,1,bestCI,0,0,2.0,heterogeneity,naive_km,3,ET+ANTI-CDK wo CT,factual,57,0.182191194259764,1.2056874847995105,0.2340338671835193
legacy_reused_holdout,1,bestCI,0,0,2.0,heterogeneity,naive_km,3,MONOCT std alone,factual,274,0.1348982690109105,1.1030400646563978,0.2926030969700852
legacy_reused_holdout,1,bestCI,0,0,2.0,heterogeneity,naive_km,3,POLYCT alone,factual,93,0.1403957061916473,0.9992364463504742,-0.0091240344733379
legacy_reused_holdout,1,bestCI,0,0,2.0,heterogeneity,naive_km,3,ET alone,counterfactual,424,0.2150962175028379,1.7811327620541688,0.9989370332633384
legacy_reused_holdout,1,bestCI,0,0,2.0,heterogeneity,naive_km,3,ET+ANTI-CDK wo CT,counterfactual,381,0.2691137841809379,2.1225813992718945,1.8877768434953863
legacy_reused_holdout,1,bestCI,0,0,2.0,heterogeneity,naive_km,3,MONOCT std alone,counterfactual,164,0.1316814654741404,1.118346506945045,-0.0071998935610752
legacy_reused_holdout,1,bestCI,0,0,2.0,heterogeneity,naive_km,3,POLYCT alone,counterfactual,345,0.2192841956327365,1.6772266530539262,1.0484647377670049
legacy_reused_holdout,1,bestCI,0,0,2.0,heterogeneity,naive_km,4,MONOCT std alone,factual,117,0.1544905006825611,1.2794527018981872,0.2569994995512523
legacy_reused_holdout,1,bestCI,0,0,2.0,heterogeneity,naive_km,4,POLYCT alone,factual,65,0.1701972643528951,1.5040396031218732,-0.2088405841798532
legacy_reused_holdout,1,bestCI,0,0,2.0,heterogeneity,naive_km,4,MONOCT std alone,counterfactual,81,0.1508927294068656,1.3776474304829336,0.4092913694550727
legacy_reused_holdout,1,bestCI,0,0,2.0,heterogeneity,naive_km,4,POLYCT alone,counterfactual,133,0.2254425098806041,1.9378204182813044,0.767444240142463
legacy_reused_holdout,1,bestCI,0,0,2.0,heterogeneity,naive_km,all,ET alone,factual,422,0.1887143072029096,2.748883634329313,0.5549001974922734
legacy_reused_holdout,1,bestCI,0,0,2.0,heterogeneity,naive_km,all,ET+ANTI-CDK wo CT,factual,1837,0.1535056749599919,2.1084184877352383,0.3959714125027618
legacy_reused_holdout,1,bestCI,0,0,2.0,heterogeneity,naive_km,all,MONOCT std alone,factual,799,0.1275497683499925,1.35936581145128,0.1823688712491042
legacy_reused_holdout,1,bestCI,0,0,2.0,heterogeneity,naive_km,all,POLYCT alone,factual,379,0.1565970812031804,1.6802661587403176,0.344195519288961
legacy_reused_holdout,1,bestCI,0,0,2.0,heterogeneity,naive_km,all,ET alone,counterfactual,2833,0.1855855175892088,2.6076401121212105,0.2146475539908119
legacy_reused_holdout,1,bestCI,0,0,2.0,heterogeneity,naive_km,all,ET+ANTI-CDK wo CT,counterfactual,1418,0.2650047805217381,3.158690387296961,2.609739938070402
legacy_reused_holdout,1,bestCI,0,0,2.0,heterogeneity,naive_km,all,MONOCT std alone,counterfactual,2654,0.1109473001862162,1.6563067868837436,-0.7178459816349924
legacy_reused_holdout,1,bestCI,0,0,2.0,heterogeneity,naive_km,all,POLYCT alone,counterfactual,3074,0.1918425461881248,2.310785444426771,1.2968833437609115
legacy_reused_holdout,1,bestCI,1,1,2.0,heterogeneity,dynasurv,1,ET alone,factual,298,0.1029666548201397,1.57419135487466,0.6123716783578244
legacy_reused_holdout,1,bestCI,1,1,2.0,heterogeneity,dynasurv,1,ET+ANTI-CDK wo CT,factual,1423,0.0907166823280172,1.292290474236666,0.8668867719252867
legacy_reused_holdout,1,bestCI,1,1,2.0,heterogeneity,dynasurv,1,MONOCT std alone,factual,137,0.1227796976867341,1.99612727267136,-1.3034342491646156
legacy_reused_holdout,1,bestCI,1,1,2.0,heterogeneity,dynasurv,1,POLYCT alone,factual,119,0.2103012423161667,3.179941343250326,-2.9645686169716097
legacy_reused_holdout,1,bestCI,1,1,2.0,heterogeneity,dynasurv,1,ET alone,counterfactual,1679,0.0911350955915711,1.3278332780015292,0.6289697749331674
legacy_reused_holdout,1,bestCI,1,1,2.0,heterogeneity,dynasurv,1,ET+ANTI-CDK wo CT,counterfactual,554,0.116164245867318,1.8010143106414327,1.0122995841900728
legacy_reused_holdout,1,bestCI,1,1,2.0,heterogeneity,dynasurv,1,MONOCT std alone,counterfactual,1840,0.1194206448830575,1.7674321497695815,-1.0848335795078456
legacy_reused_holdout,1,bestCI,1,1,2.0,heterogeneity,dynasurv,1,POLYCT alone,counterfactual,1858,0.2191762504974086,3.5070353075092298,-3.241539685439315
legacy_reused_holdout,1,bestCI,1,1,2.0,heterogeneity,dynasurv,2,ET alone,factual,127,0.1208160901024571,1.3553655693808415,0.3909190762254531
legacy_reused_holdout,1,bestCI,1,1,2.0,heterogeneity,dynasurv,2,ET+ANTI-CDK wo CT,factual,354,0.1432675429417975,1.5143101542486912,1.223834470507461
legacy_reused_holdout,1,bestCI,1,1,2.0,heterogeneity,dynasurv,2,MONOCT std alone,factual,273,0.1159633222390931,1.4685976375826937,0.0021898171979312
legacy_reused_holdout,1,bestCI,1,1,2.0,heterogeneity,dynasurv,2,POLYCT alone,factual,86,0.1305200863891105,1.5551193334128133,-0.4618410734373404
legacy_reused_holdout,1,bestCI,1,1,2.0,heterogeneity,dynasurv,2,ET alone,counterfactual,713,0.1436292555745913,1.672011457479596,0.6504240332494998
legacy_reused_holdout,1,bestCI,1,1,2.0,heterogeneity,dynasurv,2,ET+ANTI-CDK wo CT,counterfactual,486,0.2229436498925585,2.7519176336729565,2.4522713408500714
legacy_reused_holdout,1,bestCI,1,1,2.0,heterogeneity,dynasurv,2,MONOCT std alone,counterfactual,567,0.104427815367708,1.2339090589758437,-0.0122783623406415
legacy_reused_holdout,1,bestCI,1,1,2.0,heterogeneity,dynasurv,2,POLYCT alone,counterfactual,754,0.1317804628486973,1.6056989960130337,0.0160528028322707
legacy_reused_holdout,1,bestCI,1,1,2.0,heterogeneity,dynasurv,3,ET alone,factual,26,0.1094202827597005,0.8091892083265197,-0.2449097141210512
legacy_reused_holdout,1,bestCI,1,1,2.0,heterogeneity,dynasurv,3,ET+ANTI-CDK wo CT,factual,48,0.0902583822709902,0.581409347157823,0.0150312845992401
legacy_reused_holdout,1,bestCI,1,1,2.0,heterogeneity,dynasurv,3,MONOCT std alone,factual,261,0.1092051648651639,0.9289111754138312,-0.3550008205607693
legacy_reused_holdout,1,bestCI,1,1,2.0,heterogeneity,dynasurv,3,POLYCT alone,factual,103,0.119547630835777,0.9461425411297744,-0.4444191850025163
legacy_reused_holdout,1,bestCI,1,1,2.0,heterogeneity,dynasurv,3,ET alone,counterfactual,412,0.141165417735238,1.166882141382232,0.1222814778855133
legacy_reused_holdout,1,bestCI,1,1,2.0,heterogeneity,dynasurv,3,ET+ANTI-CDK wo CT,counterfactual,390,0.1725833473832653,1.2954339139321775,0.8335620074844972
legacy_reused_holdout,1,bestCI,1,1,2.0,heterogeneity,dynasurv,3,MONOCT std alone,counterfactual,177,0.1047528782799132,0.8579000485518823,-0.3931563952872021
legacy_reused_holdout,1,bestCI,1,1,2.0,heterogeneity,dynasurv,3,POLYCT alone,counterfactual,335,0.1290321342732981,1.0336461989804746,-0.0158406009845189
legacy_reused_holdout,1,bestCI,1,1,2.0,heterogeneity,dynasurv,4,MONOCT std alone,factual,113,0.1325005693309904,1.0579104708333882,-0.2692796727298867
legacy_reused_holdout,1,bestCI,1,1,2.0,heterogeneity,dynasurv,4,POLYCT alone,factual,76,0.1405492531888998,1.1293726362669163,-0.4467277972695338
legacy_reused_holdout,1,bestCI,1,1,2.0,heterogeneity,dynasurv,4,MONOCT std alone,counterfactual,85,0.1448464151180545,1.2645698491644524,-0.5148127583053863
legacy_reused_holdout,1,bestCI,1,1,2.0,heterogeneity,dynasurv,4,POLYCT alone,counterfactual,122,0.1384019190546839,1.1515009121093798,-0.0499796948640804
legacy_reused_holdout,1,bestCI,1,1,2.0,heterogeneity,dynasurv,all,ET alone,factual,451,0.1086552258120399,1.4684686706884815,0.500589424088951
legacy_reused_holdout,1,bestCI,1,1,2.0,heterogeneity,dynasurv,all,ET+ANTI-CDK wo CT,factual,1825,0.1030166790487271,1.3166590619761027,0.9137198798192262
legacy_reused_holdout,1,bestCI,1,1,2.0,heterogeneity,dynasurv,all,MONOCT std alone,factual,784,0.1175478578199071,1.321921290055146,-0.3840006240119324
legacy_reused_holdout,1,bestCI,1,1,2.0,heterogeneity,dynasurv,all,POLYCT alone,factual,384,0.1589464731628072,1.811037199512873,-1.2297616832890017
legacy_reused_holdout,1,bestCI,1,1,2.0,heterogeneity,dynasurv,all,ET alone,counterfactual,2804,0.1146601532917577,1.391701742224322,0.5599759474709389
legacy_reused_holdout,1,bestCI,1,1,2.0,heterogeneity,dynasurv,all,ET+ANTI-CDK wo CT,counterfactual,1430,0.1739061419089305,1.9863028842615105,1.4529419749743977
legacy_reused_holdout,1,bestCI,1,1,2.0,heterogeneity,dynasurv,all,MONOCT std alone,counterfactual,2669,0.1163797552919412,1.5777588376875216,-0.7929574313088693
legacy_reused_holdout,1,bestCI,1,1,2.0,heterogeneity,dynasurv,all,POLYCT alone,counterfactual,3069,0.189547226003083,2.67628648819869,-1.96222907993286
legacy_reused_holdout,1,bestCI,1,1,2.0,heterogeneity,oracle,1,ET alone,factual,298,0.0,9.569865019113858e-06,-9.395780228802184e-06
legacy_reused_holdout,1,bestCI,1,1,2.0,heterogeneity,oracle,1,ET+ANTI-CDK wo CT,factual,1423,0.0,7.565361120227926e-06,-7.505148502240822e-06
legacy_reused_holdout,1,bestCI,1,1,2.0,heterogeneity,oracle,1,MONOCT std alone,factual,137,0.0,1.1959682453396056e-05,-1.1959682453396056e-05
legacy_reused_holdout,1,bestCI,1,1,2.0,heterogeneity,oracle,1,POLYCT alone,factual,119,0.0,8.59073997114991e-06,-8.59073997114991e-06
legacy_reused_holdout,1,bestCI,1,1,2.0,heterogeneity,oracle,1,ET alone,counterfactual,1679,0.0,8.638733533473386e-06,-8.490356100149105e-06
legacy_reused_holdout,1,bestCI,1,1,2.0,heterogeneity,oracle,1,ET+ANTI-CDK wo CT,counterfactual,554,0.0,9.697651981644412e-06,-9.540287664255252e-06
legacy_reused_holdout,1,bestCI,1,1,2.0,heterogeneity,oracle,1,MONOCT std alone,counterfactual,1840,0.0,1.027136003478156e-05,-1.027136003478156e-05
legacy_reused_holdout,1,bestCI,1,1,2.0,heterogeneity,oracle,1,POLYCT alone,counterfactual,1858,0.0,9.089083622342792e-06,-8.755127744037079e-06
legacy_reused_holdout,1,bestCI,1,1,2.0,heterogeneity,oracle,2,ET alone,factual,127,0.0,1.4456281594448507e-05,-1.3910068997812018e-05
legacy_reused_holdout,1,bestCI,1,1,2.0,heterogeneity,oracle,2,ET+ANTI-CDK wo CT,factual,354,0.0,1.197161890631397e-05,-1.1558745982640093e-05
legacy_reused_holdout,1,bestCI,1,1,2.0,heterogeneity,oracle,2,MONOCT std alone,factual,273,0.0,1.738525377792074e-05,-1.726463747389596e-05
legacy_reused_holdout,1,bestCI,1,1,2.0,heterogeneity,oracle,2,POLYCT alone,factual,86,0.0,1.4332409668798214e-05,-1.3841081915576614e-05
legacy_reused_holdout,1,bestCI,1,1,2.0,heterogeneity,oracle,2,ET alone,counterfactual,713,0.0,1.3650965009765104e-05,-1.2315367512190778e-05
legacy_reused_holdout,1,bestCI,1,1,2.0,heterogeneity,oracle,2,ET+ANTI-CDK wo CT,counterfactual,486,0.0,1.4117242548118126e-05,-1.0497518961080814e-05
legacy_reused_holdout,1,bestCI,1,1,2.0,heterogeneity,oracle,2,MONOCT std alone,counterfactual,567,0.0,1.707187386060478e-05,-1.7058514614698526e-05
legacy_reused_holdout,1,bestCI,1,1,2.0,heterogeneity,oracle,2,POLYCT alone,counterfactual,754,0.0,1.5290713296304974e-05,-1.3506866595015758e-05
legacy_reused_holdout,1,bestCI,1,1,2.0,heterogeneity,oracle,3,ET alone,factual,26,0.0,1.3742835967342706e-05,-1.284931700582184e-05
legacy_reused_holdout,1,bestCI,1,1,2.0,heterogeneity,oracle,3,ET+ANTI-CDK wo CT,factual,48,0.0,9.672676785754676e-06,-9.672676785754676e-06
legacy_reused_holdout,1,bestCI,1,1,2.0,heterogeneity,oracle,3,MONOCT std alone,factual,261,0.0,1.997241939043029e-05,-1.9523026838317653e-05
legacy_reused_holdout,1,bestCI,1,1,2.0,heterogeneity,oracle,3,POLYCT alone,factual,103,0.0,1.672115558226122e-05,-1.563822892408909e-05
legacy_reused_holdout,1,bestCI,1,1,2.0,heterogeneity,oracle,3,ET alone,counterfactual,412,0.0,1.6739810048947794e-05,-1.3501166950177968e-05
legacy_reused_holdout,1,bestCI,1,1,2.0,heterogeneity,oracle,3,ET+ANTI-CDK wo CT,counterfactual,390,0.0,1.697558568988319e-05,-1.2266475861437242e-05
legacy_reused_holdout,1,bestCI,1,1,2.0,heterogeneity,oracle,3,MONOCT std alone,counterfactual,177,0.0,1.9072233681927307e-05,-1.881956391865827e-05
legacy_reused_holdout,1,bestCI,1,1,2.0,heterogeneity,oracle,3,POLYCT alone,counterfactual,335,0.0,1.7423760056470492e-05,-1.3496280198773376e-05
legacy_reused_holdout,1,bestCI,1,1,2.0,heterogeneity,oracle,4,MONOCT std alone,factual,113,0.0,1.9016929988918244e-05,-1.6597075962245544e-05
legacy_reused_holdout,1,bestCI,1,1,2.0,heterogeneity,oracle,4,POLYCT alone,factual,76,0.0,1.846262842598648e-05,-1.4228259901622786e-05
legacy_reused_holdout,1,bestCI,1,1,2.0,heterogeneity,oracle,4,MONOCT std alone,counterfactual,85,0.0,1.915218803055589e-05,-1.8481128816899887e-05
legacy_reused_holdout,1,bestCI,1,1,2.0,heterogeneity,oracle,4,POLYCT alone,counterfactual,122,0.0,2.1273694659105443e-05,-1.1630228624516585e-05
legacy_reused_holdout,1,bestCI,1,1,2.0,heterogeneity,oracle,all,ET alone,factual,451,0.0,1.1186432978584924e-05,-1.0866083177508967e-05
legacy_reused_holdout,1,bestCI,1,1,2.0,heterogeneity,oracle,all,ET+ANTI-CDK wo CT,factual,1825,0.0,8.475479700074362e-06,-8.348444319046305e-06
legacy_reused_holdout,1,bestCI,1,1,2.0,heterogeneity,oracle,all,MONOCT std alone,factual,784,0.0,1.753362924379807e-05,-1.6993242493652438e-05
legacy_reused_holdout,1,bestCI,1,1,2.0,heterogeneity,oracle,all,POLYCT alone,factual,384,0.0,1.4011260607894175e-05,-1.2772699044299313e-05
legacy_reused_holdout,1,bestCI,1,1,2.0,heterogeneity,oracle,all,ET alone,counterfactual,2804,0.0,1.1103556845517412e-05,-1.0199231708921432e-05
legacy_reused_holdout,1,bestCI,1,1,2.0,heterogeneity,oracle,all,ET+ANTI-CDK wo CT,counterfactual,1430,0.0,1.318458566102857e-05,-1.0609118298631615e-05
legacy_reused_holdout,1,bestCI,1,1,2.0,heterogeneity,oracle,all,MONOCT std alone,counterfactual,2669,0.0,1.2582531392753602e-05,-1.2541565760049134e-05
legacy_reused_holdout,1,bestCI,1,1,2.0,heterogeneity,oracle,all,POLYCT alone,counterfactual,3069,0.0,1.2006863982748565e-05,-1.055436510910488e-05
legacy_reused_holdout,1,bestCI,1,1,2.0,heterogeneity,naive_km,1,ET alone,factual,298,0.1695796410625417,2.775842740232341,0.4888400066854087
legacy_reused_holdout,1,bestCI,1,1,2.0,heterogeneity,naive_km,1,ET+ANTI-CDK wo CT,factual,1423,0.1385260248842446,2.1189567112445205,0.2125416644849642
legacy_reused_holdout,1,bestCI,1,1,2.0,heterogeneity,naive_km,1,MONOCT std alone,factual,137,0.0978599239653183,1.6714752116563796,-0.1870671854208498
legacy_reused_holdout,1,bestCI,1,1,2.0,heterogeneity,naive_km,1,POLYCT alone,factual,119,0.1059218527670677,1.7082844078691304,-0.2758818590269269
legacy_reused_holdout,1,bestCI,1,1,2.0,heterogeneity,naive_km,1,ET alone,counterfactual,1679,0.1614509169731267,2.7244295723537157,-0.2532165569515867
legacy_reused_holdout,1,bestCI,1,1,2.0,heterogeneity,naive_km,1,ET+ANTI-CDK wo CT,counterfactual,554,0.2043873002125262,3.1397032192186924,2.2035787605499944
legacy_reused_holdout,1,bestCI,1,1,2.0,heterogeneity,naive_km,1,MONOCT std alone,counterfactual,1840,0.1049115164934738,1.933738906590901,-1.291775298428987
legacy_reused_holdout,1,bestCI,1,1,2.0,heterogeneity,naive_km,1,POLYCT alone,counterfactual,1858,0.1643196233593856,2.374955548249526,0.7440913198899496
legacy_reused_holdout,1,bestCI,1,1,2.0,heterogeneity,naive_km,2,ET alone,factual,127,0.1863292082442192,2.477787629625068,-0.0007773542564356
legacy_reused_holdout,1,bestCI,1,1,2.0,heterogeneity,naive_km,2,ET+ANTI-CDK wo CT,factual,354,0.1942866655119068,2.1827834677012508,1.0094625244110689
legacy_reused_holdout,1,bestCI,1,1,2.0,heterogeneity,naive_km,2,MONOCT std alone,factual,273,0.1347959990459261,1.7169403385540998,0.2957448173674877
legacy_reused_holdout,1,bestCI,1,1,2.0,heterogeneity,naive_km,2,POLYCT alone,factual,86,0.1710331298777959,1.9571343386505584,0.4323906369868756
legacy_reused_holdout,1,bestCI,1,1,2.0,heterogeneity,naive_km,2,ET alone,counterfactual,713,0.2175842962422043,2.9050014202294716,0.5208475802197856
legacy_reused_holdout,1,bestCI,1,1,2.0,heterogeneity,naive_km,2,ET+ANTI-CDK wo CT,counterfactual,486,0.3339488172790485,4.175385068368354,3.8382965000328535
legacy_reused_holdout,1,bestCI,1,1,2.0,heterogeneity,naive_km,2,MONOCT std alone,counterfactual,567,0.1362071137169342,1.8133369726965392,-0.7970643171334453
legacy_reused_holdout,1,bestCI,1,1,2.0,heterogeneity,naive_km,2,POLYCT alone,counterfactual,754,0.2150306933005361,2.4786931220688464,1.410966761470329
legacy_reused_holdout,1,bestCI,1,1,2.0,heterogeneity,naive_km,3,ET alone,factual,26,0.1746978070309631,1.6057672076266587,-0.8549594420452343
legacy_reused_holdout,1,bestCI,1,1,2.0,heterogeneity,naive_km,3,ET+ANTI-CDK wo CT,factual,48,0.1085647030264023,0.8159527204585757,-0.1093660672099745
legacy_reused_holdout,1,bestCI,1,1,2.0,heterogeneity,naive_km,3,MONOCT std alone,factual,261,0.1262595893166241,1.0522468788830797,0.1616308564603084
legacy_reused_holdout,1,bestCI,1,1,2.0,heterogeneity,naive_km,3,POLYCT alone,factual,103,0.1519698080779922,1.1477901409988616,0.2259008840565726
legacy_reused_holdout,1,bestCI,1,1,2.0,heterogeneity,naive_km,3,ET alone,counterfactual,412,0.2013128087902883,1.725926582745744,0.4144162488144938
legacy_reused_holdout,1,bestCI,1,1,2.0,heterogeneity,naive_km,3,ET+ANTI-CDK wo CT,counterfactual,390,0.2780930760273433,2.1786457164969177,1.942830154078685
legacy_reused_holdout,1,bestCI,1,1,2.0,heterogeneity,naive_km,3,MONOCT std alone,counterfactual,177,0.1309839268194731,1.1047171161503742,-0.0353529010544899
legacy_reused_holdout,1,bestCI,1,1,2.0,heterogeneity,naive_km,3,POLYCT alone,counterfactual,335,0.2212510568087775,1.7346475587003671,1.1168272633327243
legacy_reused_holdout,1,bestCI,1,1,2.0,heterogeneity,naive_km,4,MONOCT std alone,factual,113,0.1621223892479099,1.4256385674368317,0.197040483157499
legacy_reused_holdout,1,bestCI,1,1,2.0,heterogeneity,naive_km,4,POLYCT alone,factual,76,0.1856278865134264,1.50789077155099,0.2466432117274462
legacy_reused_holdout,1,bestCI,1,1,2.0,heterogeneity,naive_km,4,MONOCT std alone,counterfactual,85,0.1404884260488869,1.2500926725632655,0.1384266510166923
legacy_reused_holdout,1,bestCI,1,1,2.0,heterogeneity,naive_km,4,POLYCT alone,counterfactual,122,0.2320116878620551,1.8529314079213144,1.2462407438809968
legacy_reused_holdout,1,bestCI,1,1,2.0,heterogeneity,naive_km,all,ET alone,factual,451,0.1747498889681518,2.6244570131927145,0.2734959035665374
legacy_reused_holdout,1,bestCI,1,1,2.0,heterogeneity,naive_km,all,ET+ANTI-CDK wo CT,factual,1825,0.1503145383251123,2.0970665634242227,0.358655863549339
legacy_reused_holdout,1,bestCI,1,1,2.0,heterogeneity,naive_km,all,MONOCT std alone,factual,784,0.1307512180534471,1.4457275636875495,0.152501733254599
legacy_reused_holdout,1,bestCI,1,1,2.0,heterogeneity,naive_km,all,POLYCT alone,factual,384,0.1517979622365016,1.5740142729716993,0.1207508560046351
legacy_reused_holdout,1,bestCI,1,1,2.0,heterogeneity,naive_km,all,ET alone,counterfactual,2804,0.1833065788723932,2.6236323169389264,0.0417094222847947
legacy_reused_holdout,1,bestCI,1,1,2.0,heterogeneity,naive_km,all,ET+ANTI-CDK wo CT,counterfactual,1430,0.2741846606472939,3.229583605669911,2.688040903812133
legacy_reused_holdout,1,bestCI,1,1,2.0,heterogeneity,naive_km,all,MONOCT std alone,counterfactual,2669,0.115305674994277,1.8314104377567213,-1.057809372451939
legacy_reused_holdout,1,bestCI,1,1,2.0,heterogeneity,naive_km,all,POLYCT alone,counterfactual,3069,0.1875894189210643,2.3097968675850615,0.9685790532662426
legacy_reused_holdout,1,bestCI,2,2,2.0,heterogeneity,dynasurv,1,ET alone,factual,312,0.1404394629582738,2.2097348430115713,2.026974501281132
legacy_reused_holdout,1,bestCI,2,2,2.0,heterogeneity,dynasurv,1,ET+ANTI-CDK wo CT,factual,1378,0.1035424430414514,1.5341160282622994,1.4258073263611015
legacy_reused_holdout,1,bestCI,2,2,2.0,heterogeneity,dynasurv,1,MONOCT std alone,factual,142,0.0845418701948181,1.2911853998639924,0.1947434692315987
legacy_reused_holdout,1,bestCI,2,2,2.0,heterogeneity,dynasurv,1,POLYCT alone,factual,145,0.1244892675340949,1.679844454834325,-0.8842561912118385
legacy_reused_holdout,1,bestCI,2,2,2.0,heterogeneity,dynasurv,1,ET alone,counterfactual,1665,0.1104060415601116,1.6636922925279214,1.4081559986345973
legacy_reused_holdout,1,bestCI,2,2,2.0,heterogeneity,dynasurv,1,ET+ANTI-CDK wo CT,counterfactual,599,0.1367684072063809,2.196913458445528,2.045375745185133
legacy_reused_holdout,1,bestCI,2,2,2.0,heterogeneity,dynasurv,1,MONOCT std alone,counterfactual,1835,0.0775324897088327,1.2167531461639325,-0.0620037602068622
legacy_reused_holdout,1,bestCI,2,2,2.0,heterogeneity,dynasurv,1,POLYCT alone,counterfactual,1832,0.1981364979893608,2.652399890371333,-1.645903844189412
legacy_reused_holdout,1,bestCI,2,2,2.0,heterogeneity,dynasurv,2,ET alone,factual,115,0.1338396594505553,1.607750298433735,0.631415947248957
legacy_reused_holdout,1,bestCI,2,2,2.0,heterogeneity,dynasurv,2,ET+ANTI-CDK wo CT,factual,379,0.1156797746536233,1.2131081396012404,0.8441112750934577
legacy_reused_holdout,1,bestCI,2,2,2.0,heterogeneity,dynasurv,2,MONOCT std alone,factual,273,0.1117708735725178,1.387961284359216,0.3760296310551472
legacy_reused_holdout,1,bestCI,2,2,2.0,heterogeneity,dynasurv,2,POLYCT alone,factual,73,0.1330014777021236,1.6204557004507654,-1.0043177584814813
legacy_reused_holdout,1,bestCI,2,2,2.0,heterogeneity,dynasurv,2,ET alone,counterfactual,725,0.1509517237054238,1.7777697578782392,1.1975962314673143
legacy_reused_holdout,1,bestCI,2,2,2.0,heterogeneity,dynasurv,2,ET+ANTI-CDK wo CT,counterfactual,461,0.2102256836747162,2.6823602624063647,2.368536102968113
legacy_reused_holdout,1,bestCI,2,2,2.0,heterogeneity,dynasurv,2,MONOCT std alone,counterfactual,567,0.0930998879981142,1.1540824730791537,-0.0828775095378947
legacy_reused_holdout,1,bestCI,2,2,2.0,heterogeneity,dynasurv,2,POLYCT alone,counterfactual,767,0.1469646064513947,1.78931154392366,-0.3761297378262486
legacy_reused_holdout,1,bestCI,2,2,2.0,heterogeneity,dynasurv,3,ET alone,factual,23,0.1209628121109752,0.9509709365075192,-0.4483222120294839
legacy_reused_holdout,1,bestCI,2,2,2.0,heterogeneity,dynasurv,3,ET+ANTI-CDK wo CT,factual,58,0.0770190909614736,0.6126038806458045,-0.2529752622375277
legacy_reused_holdout,1,bestCI,2,2,2.0,heterogeneity,dynasurv,3,MONOCT std alone,factual,254,0.1108041964224425,0.9672379170063504,-0.1426399570511895
legacy_reused_holdout,1,bestCI,2,2,2.0,heterogeneity,dynasurv,3,POLYCT alone,factual,103,0.1077779575882721,0.8872197612597028,-0.5335066407476735
legacy_reused_holdout,1,bestCI,2,2,2.0,heterogeneity,dynasurv,3,ET alone,counterfactual,415,0.1455057401879528,1.1693716307539093,0.4399163606789696
legacy_reused_holdout,1,bestCI,2,2,2.0,heterogeneity,dynasurv,3,ET+ANTI-CDK wo CT,counterfactual,380,0.1535015318422775,1.2193419312924516,0.5744212592232815
legacy_reused_holdout,1,bestCI,2,2,2.0,heterogeneity,dynasurv,3,MONOCT std alone,counterfactual,184,0.1095861165292967,0.9184828641903512,-0.3418698953677816
legacy_reused_holdout,1,bestCI,2,2,2.0,heterogeneity,dynasurv,3,POLYCT alone,counterfactual,335,0.1507677075268499,1.2864958988853683,-0.1940317654509107
legacy_reused_holdout,1,bestCI,2,2,2.0,heterogeneity,dynasurv,4,ET alone,factual,5,0.062687036210493,0.5081529177518611,-0.4477828996704431
legacy_reused_holdout,1,bestCI,2,2,2.0,heterogeneity,dynasurv,4,MONOCT std alone,factual,114,0.1223863697808755,1.0583087177334862,-0.3889671623861792
legacy_reused_holdout,1,bestCI,2,2,2.0,heterogeneity,dynasurv,4,POLYCT alone,factual,75,0.1359408710079694,1.1757678512089036,-0.569658855550843
legacy_reused_holdout,1,bestCI,2,2,2.0,heterogeneity,dynasurv,4,ET alone,counterfactual,193,0.1479624181067912,1.2262645046502143,0.278069988126362
legacy_reused_holdout,1,bestCI,2,2,2.0,heterogeneity,dynasurv,4,MONOCT std alone,counterfactual,84,0.1266457155825284,1.0987742385784094,-0.1882365252570488
legacy_reused_holdout,1,bestCI,2,2,2.0,heterogeneity,dynasurv,4,POLYCT alone,counterfactual,123,0.1462109778781598,1.237822127123236,-0.4378272851981534
legacy_reused_holdout,1,bestCI,2,2,2.0,heterogeneity,dynasurv,all,ET alone,factual,455,0.137239962840802,1.975256376852576,1.521930885622666
legacy_reused_holdout,1,bestCI,2,2,2.0,heterogeneity,dynasurv,all,ET+ANTI-CDK wo CT,factual,1815,0.1054685161116165,1.4376368578136505,1.2506931701246513
legacy_reused_holdout,1,bestCI,2,2,2.0,heterogeneity,dynasurv,all,MONOCT std alone,factual,783,0.1086987846472221,1.1859353539616646,0.0635208892795857
legacy_reused_holdout,1,bestCI,2,2,2.0,heterogeneity,dynasurv,all,POLYCT alone,factual,396,0.1243257124014602,1.3672649907431826,-0.7555756117631018
legacy_reused_holdout,1,bestCI,2,2,2.0,heterogeneity,dynasurv,all,ET alone,counterfactual,2998,0.1289193246217443,1.5946928010944217,1.1504569055805762
legacy_reused_holdout,1,bestCI,2,2,2.0,heterogeneity,dynasurv,all,ET+ANTI-CDK wo CT,counterfactual,1440,0.1677719740276045,2.0943535947703733,1.7606633981521125
legacy_reused_holdout,1,bestCI,2,2,2.0,heterogeneity,dynasurv,all,MONOCT std alone,counterfactual,2670,0.0854645811499691,1.1791777784637854,-0.0896945231299035
legacy_reused_holdout,1,bestCI,2,2,2.0,heterogeneity,dynasurv,all,POLYCT alone,counterfactual,3057,0.179713009856891,2.2292531243416702,-1.119607703295114
legacy_reused_holdout,1,bestCI,2,2,2.0,heterogeneity,oracle,1,ET alone,factual,312,0.0,9.523149492042562e-06,-9.186867226652372e-06
legacy_reused_holdout,1,bestCI,2,2,2.0,heterogeneity,oracle,1,ET+ANTI-CDK wo CT,factual,1378,0.0,7.60474202825471e-06,-7.564668472379026e-06
legacy_reused_holdout,1,bestCI,2,2,2.0,heterogeneity,oracle,1,MONOCT std alone,factual,142,0.0,1.1417680691734851e-05,-1.1417680691734851e-05
legacy_reused_holdout,1,bestCI,2,2,2.0,heterogeneity,oracle,1,POLYCT alone,factual,145,0.0,8.484924951654523e-06,-8.407584743081473e-06
legacy_reused_holdout,1,bestCI,2,2,2.0,heterogeneity,oracle,1,ET alone,counterfactual,1665,0.0,8.731642198190249e-06,-8.551044858370324e-06
legacy_reused_holdout,1,bestCI,2,2,2.0,heterogeneity,oracle,1,ET+ANTI-CDK wo CT,counterfactual,599,0.0,9.629694924378343e-06,-9.32472263759217e-06
legacy_reused_holdout,1,bestCI,2,2,2.0,heterogeneity,oracle,1,MONOCT std alone,counterfactual,1835,0.0,1.035896017623775e-05,-1.035896017623775e-05
legacy_reused_holdout,1,bestCI,2,2,2.0,heterogeneity,oracle,1,POLYCT alone,counterfactual,1832,0.0,9.16655813230558e-06,-8.806958058496165e-06
legacy_reused_holdout,1,bestCI,2,2,2.0,heterogeneity,oracle,2,ET alone,factual,115,0.0,1.3765938246989646e-05,-1.3144602910355174e-05
legacy_reused_holdout,1,bestCI,2,2,2.0,heterogeneity,oracle,2,ET+ANTI-CDK wo CT,factual,379,0.0,1.235995835599985e-05,-1.197461770031546e-05
legacy_reused_holdout,1,bestCI,2,2,2.0,heterogeneity,oracle,2,MONOCT std alone,factual,273,0.0,1.7393661008967198e-05,-1.7185285151270264e-05
legacy_reused_holdout,1,bestCI,2,2,2.0,heterogeneity,oracle,2,POLYCT alone,factual,73,0.0,1.4914200473750047e-05,-1.4480068907814893e-05
legacy_reused_holdout,1,bestCI,2,2,2.0,heterogeneity,oracle,2,ET alone,counterfactual,725,0.0,1.4026877850700491e-05,-1.2632419077269291e-05
legacy_reused_holdout,1,bestCI,2,2,2.0,heterogeneity,oracle,2,ET+ANTI-CDK wo CT,counterfactual,461,0.0,1.373239540292139e-05,-1.0274042507242525e-05
legacy_reused_holdout,1,bestCI,2,2,2.0,heterogeneity,oracle,2,MONOCT std alone,counterfactual,567,0.0,1.7250013782925036e-05,-1.7172106851942975e-05
legacy_reused_holdout,1,bestCI,2,2,2.0,heterogeneity,oracle,2,POLYCT alone,counterfactual,767,0.0,1.5361022182906737e-05,-1.3500372025864612e-05
legacy_reused_holdout,1,bestCI,2,2,2.0,heterogeneity,oracle,3,ET alone,factual,23,0.0,1.4339353799270968e-05,-1.3726341806181322e-05
legacy_reused_holdout,1,bestCI,2,2,2.0,heterogeneity,oracle,3,ET+ANTI-CDK wo CT,factual,58,0.0,1.1497235044776904e-05,-1.1497235044776904e-05
legacy_reused_holdout,1,bestCI,2,2,2.0,heterogeneity,oracle,3,MONOCT std alone,factual,254,0.0,1.984295148766863e-05,-1.9576164305443417e-05
legacy_reused_holdout,1,bestCI,2,2,2.0,heterogeneity,oracle,3,POLYCT alone,factual,103,0.0,1.671834783491484e-05,-1.600364865314536e-05
legacy_reused_holdout,1,bestCI,2,2,2.0,heterogeneity,oracle,3,ET alone,counterfactual,415,0.0,1.7014578879876366e-05,-1.3289901630688446e-05
legacy_reused_holdout,1,bestCI,2,2,2.0,heterogeneity,oracle,3,ET+ANTI-CDK wo CT,counterfactual,380,0.0,1.7044097901558766e-05,-1.2068906302966758e-05
legacy_reused_holdout,1,bestCI,2,2,2.0,heterogeneity,oracle,3,MONOCT std alone,counterfactual,184,0.0,1.9432804520054827e-05,-1.898955822962019e-05
legacy_reused_holdout,1,bestCI,2,2,2.0,heterogeneity,oracle,3,POLYCT alone,counterfactual,335,0.0,1.844299384109775e-05,-1.3766055588776664e-05
legacy_reused_holdout,1,bestCI,2,2,2.0,heterogeneity,oracle,4,ET alone,factual,5,0.0,1.303624396307157e-05,-1.303624396307157e-05
legacy_reused_holdout,1,bestCI,2,2,2.0,heterogeneity,oracle,4,MONOCT std alone,factual,114,0.0,1.924705356862713e-05,-1.7815269168502274e-05
legacy_reused_holdout,1,bestCI,2,2,2.0,heterogeneity,oracle,4,POLYCT alone,factual,75,0.0,1.778113883210845e-05,-1.3112919658565169e-05
legacy_reused_holdout,1,bestCI,2,2,2.0,heterogeneity,oracle,4,ET alone,counterfactual,193,0.0,1.7386362251126684e-05,-1.0629369087759832e-05
legacy_reused_holdout,1,bestCI,2,2,2.0,heterogeneity,oracle,4,MONOCT std alone,counterfactual,84,0.0,1.8219207683232255e-05,-1.6839701372419113e-05
legacy_reused_holdout,1,bestCI,2,2,2.0,heterogeneity,oracle,4,POLYCT alone,counterfactual,123,0.0,2.0562995919041846e-05,-1.163209603148348e-05
legacy_reused_holdout,1,bestCI,2,2,2.0,heterogeneity,oracle,all,ET alone,factual,455,0.0,1.087756460905424e-05,-1.0458942836843763e-05
legacy_reused_holdout,1,bestCI,2,2,2.0,heterogeneity,oracle,all,ET+ANTI-CDK wo CT,factual,1815,0.0,8.722092762785672e-06,-8.611202697495822e-06
legacy_reused_holdout,1,bestCI,2,2,2.0,heterogeneity,oracle,all,MONOCT std alone,factual,783,0.0,1.737427062371101e-05,-1.7006615483160944e-05
legacy_reused_holdout,1,bestCI,2,2,2.0,heterogeneity,oracle,all,POLYCT alone,factual,396,0.0,1.3572287858530356e-05,-1.2393913140615303e-05
legacy_reused_holdout,1,bestCI,2,2,2.0,heterogeneity,oracle,all,ET alone,counterfactual,2998,0.0,1.1715906888379174e-05,-1.032780884952641e-05
legacy_reused_holdout,1,bestCI,2,2,2.0,heterogeneity,oracle,all,ET+ANTI-CDK wo CT,counterfactual,1440,0.0,1.289970746044564e-05,-1.0352796424224918e-05
legacy_reused_holdout,1,bestCI,2,2,2.0,heterogeneity,oracle,all,MONOCT std alone,counterfactual,2670,0.0,1.269494352636568e-05,-1.2604453235198971e-05
legacy_reused_holdout,1,bestCI,2,2,2.0,heterogeneity,oracle,all,POLYCT alone,counterfactual,3057,0.0,1.2195842311901598e-05,-1.064164505761066e-05
legacy_reused_holdout,1,bestCI,2,2,2.0,heterogeneity,naive_km,1,ET alone,factual,312,0.1858648279989162,2.9399646801019066,0.8540521875871698
legacy_reused_holdout,1,bestCI,2,2,2.0,heterogeneity,naive_km,1,ET+ANTI-CDK wo CT,factual,1378,0.1346335901189876,2.1010963820666424,0.1749403832755549
legacy_reused_holdout,1,bestCI,2,2,2.0,heterogeneity,naive_km,1,MONOCT std alone,factual,142,0.0982120726728552,1.6014048470623348,-0.1055298778664525
legacy_reused_holdout,1,bestCI,2,2,2.0,heterogeneity,naive_km,1,POLYCT alone,factual,145,0.1338317030366159,1.843546527339882,0.3822675576201882
legacy_reused_holdout,1,bestCI,2,2,2.0,heterogeneity,naive_km,1,ET alone,counterfactual,1665,0.1575642867304743,2.66524006778656,-0.2558741400156427
legacy_reused_holdout,1,bestCI,2,2,2.0,heterogeneity,naive_km,1,ET+ANTI-CDK wo CT,counterfactual,599,0.2068151152804408,3.115641631166033,2.186156463542499
legacy_reused_holdout,1,bestCI,2,2,2.0,heterogeneity,naive_km,1,MONOCT std alone,counterfactual,1835,0.096831850683538,1.6668058256212075,-0.8451363848379857
legacy_reused_holdout,1,bestCI,2,2,2.0,heterogeneity,naive_km,1,POLYCT alone,counterfactual,1832,0.1693439092296018,2.347683429073431,1.1328066017541385
legacy_reused_holdout,1,bestCI,2,2,2.0,heterogeneity,naive_km,2,ET alone,factual,115,0.2035042244356189,2.7286492142769556,0.5996483704606166
legacy_reused_holdout,1,bestCI,2,2,2.0,heterogeneity,naive_km,2,ET+ANTI-CDK wo CT,factual,379,0.1814592449096404,2.0157935785633647,0.8658324277129698
legacy_reused_holdout,1,bestCI,2,2,2.0,heterogeneity,naive_km,2,MONOCT std alone,factual,273,0.1404997191120068,1.7656489413945506,0.6341740202333472
legacy_reused_holdout,1,bestCI,2,2,2.0,heterogeneity,naive_km,2,POLYCT alone,factual,73,0.1478239137512955,1.813739903329336,-0.2692474014533368
legacy_reused_holdout,1,bestCI,2,2,2.0,heterogeneity,naive_km,2,ET alone,counterfactual,725,0.2183914177815157,2.8140448160006177,0.9309848347905172
legacy_reused_holdout,1,bestCI,2,2,2.0,heterogeneity,naive_km,2,ET+ANTI-CDK wo CT,counterfactual,461,0.3468110483038762,4.5152410389630395,4.176307950546876
legacy_reused_holdout,1,bestCI,2,2,2.0,heterogeneity,naive_km,2,MONOCT std alone,counterfactual,567,0.1316302314419027,1.7576059534452266,-0.6798219163426175
legacy_reused_holdout,1,bestCI,2,2,2.0,heterogeneity,naive_km,2,POLYCT alone,counterfactual,767,0.2098467464941727,2.475339411399915,1.1821334678694897
legacy_reused_holdout,1,bestCI,2,2,2.0,heterogeneity,naive_km,3,ET alone,factual,23,0.1549237767900012,1.2901692817969264,0.0462558472560896
legacy_reused_holdout,1,bestCI,2,2,2.0,heterogeneity,naive_km,3,ET+ANTI-CDK wo CT,factual,58,0.1327630544428396,1.035129637164228,0.0459755706441652
legacy_reused_holdout,1,bestCI,2,2,2.0,heterogeneity,naive_km,3,MONOCT std alone,factual,254,0.1396732943623694,1.204379004801075,0.1956545605816355
legacy_reused_holdout,1,bestCI,2,2,2.0,heterogeneity,naive_km,3,POLYCT alone,factual,103,0.1491488152626864,1.1772622613069756,0.0681137999142645
legacy_reused_holdout,1,bestCI,2,2,2.0,heterogeneity,naive_km,3,ET alone,counterfactual,415,0.2398003161866799,1.9738131227187272,1.350936769310019
legacy_reused_holdout,1,bestCI,2,2,2.0,heterogeneity,naive_km,3,ET+ANTI-CDK wo CT,counterfactual,380,0.2780014527183297,2.1947287714021924,1.8473323821293457
legacy_reused_holdout,1,bestCI,2,2,2.0,heterogeneity,naive_km,3,MONOCT std alone,counterfactual,184,0.1375966551404738,1.1706530076306954,-0.197022513565078
legacy_reused_holdout,1,bestCI,2,2,2.0,heterogeneity,naive_km,3,POLYCT alone,counterfactual,335,0.225223983958212,1.7876999400258422,1.109675082063065
legacy_reused_holdout,1,bestCI,2,2,2.0,heterogeneity,naive_km,4,ET alone,factual,5,0.164162528906004,1.535480353953513,-0.8036054813093017
legacy_reused_holdout,1,bestCI,2,2,2.0,heterogeneity,naive_km,4,MONOCT std alone,factual,114,0.1411302934481501,1.1994790210198845,0.1842019740227637
legacy_reused_holdout,1,bestCI,2,2,2.0,heterogeneity,naive_km,4,POLYCT alone,factual,75,0.1889910524610767,1.522449131984974,0.1552243779593972
legacy_reused_holdout,1,bestCI,2,2,2.0,heterogeneity,naive_km,4,ET alone,counterfactual,193,0.2331412925442767,2.0277226104383232,1.056893365620197
legacy_reused_holdout,1,bestCI,2,2,2.0,heterogeneity,naive_km,4,MONOCT std alone,counterfactual,84,0.152835950215918,1.3349386104182006,0.283228883099884
legacy_reused_holdout,1,bestCI,2,2,2.0,heterogeneity,naive_km,4,POLYCT alone,counterfactual,123,0.2203148143376792,1.758847831121421,1.0988870656474603
legacy_reused_holdout,1,bestCI,2,2,2.0,heterogeneity,naive_km,all,ET alone,factual,455,0.1888522529430185,2.7877251320543768,0.7307026422209044
legacy_reused_holdout,1,bestCI,2,2,2.0,heterogeneity,naive_km,all,ET+ANTI-CDK wo CT,factual,1815,0.1456054607651548,2.049219889652272,0.3150881109390037
legacy_reused_holdout,1,bestCI,2,2,2.0,heterogeneity,naive_km,all,MONOCT std alone,factual,783,0.1336421706303807,1.4713595464869775,0.2922599595057445
legacy_reused_holdout,1,bestCI,2,2,2.0,heterogeneity,naive_km,all,POLYCT alone,factual,396,0.1521094754513991,1.6039367606586266,0.1374527406236306
legacy_reused_holdout,1,bestCI,2,2,2.0,heterogeneity,naive_km,all,ET alone,counterfactual,2998,0.1917838698550474,2.564473020082701,0.3380762978403721
legacy_reused_holdout,1,bestCI,2,2,2.0,heterogeneity,naive_km,all,ET+ANTI-CDK wo CT,counterfactual,1440,0.2769339358785629,3.3206891591411445,2.733869438939735
legacy_reused_holdout,1,bestCI,2,2,2.0,heterogeneity,naive_km,all,MONOCT std alone,counterfactual,2670,0.1102866999416552,1.641455528950388,-0.7298671194979595
legacy_reused_holdout,1,bestCI,2,2,2.0,heterogeneity,naive_km,all,POLYCT alone,counterfactual,3057,0.1890662618475563,2.294654607047057,1.141283063734133
legacy_reused_holdout,1,bestCI,0,0,0.5,strength,dynasurv,1,ET alone,factual,286,0.1252918851106443,2.049605140449502,1.4174784638111229
legacy_reused_holdout,1,bestCI,0,0,0.5,strength,dynasurv,1,ET+ANTI-CDK wo CT,factual,1412,0.1010849891693797,1.5390426323024864,1.1196459391428435
legacy_reused_holdout,1,bestCI,0,0,0.5,strength,dynasurv,1,MONOCT std alone,factual,143,0.1009827990747959,1.7200954115120208,0.2896760086923324
legacy_reused_holdout,1,bestCI,0,0,0.5,strength,dynasurv,1,POLYCT alone,factual,136,0.1379900653317537,2.205330507373289,-1.1508334638471107
legacy_reused_holdout,1,bestCI,0,0,0.5,strength,dynasurv,1,ET alone,counterfactual,1691,0.1148642083193373,1.7479567190493874,1.147620564285501
legacy_reused_holdout,1,bestCI,0,0,0.5,strength,dynasurv,1,ET+ANTI-CDK wo CT,counterfactual,565,0.140139930415188,2.3151671665587115,1.6516327211659918
legacy_reused_holdout,1,bestCI,0,0,0.5,strength,dynasurv,1,MONOCT std alone,counterfactual,1834,0.0855005610974628,1.3115363644619251,0.0318072412008214
legacy_reused_holdout,1,bestCI,0,0,0.5,strength,dynasurv,1,POLYCT alone,counterfactual,1841,0.20098934055463,3.2630937574923,-2.8994113802189636
legacy_reused_holdout,1,bestCI,0,0,0.5,strength,dynasurv,2,ET alone,factual,124,0.1463224022515564,1.7200684532907062,1.0948064568301208
legacy_reused_holdout,1,bestCI,0,0,0.5,strength,dynasurv,2,ET+ANTI-CDK wo CT,factual,352,0.1119582076441596,1.2839087666655231,0.9109801104082348
legacy_reused_holdout,1,bestCI,0,0,0.5,strength,dynasurv,2,MONOCT std alone,factual,277,0.1198754274720133,1.5083463268215136,0.2613716713048774
legacy_reused_holdout,1,bestCI,0,0,0.5,strength,dynasurv,2,POLYCT alone,factual,87,0.1245933081363237,1.5321591338697504,-0.5119712063856022
legacy_reused_holdout,1,bestCI,0,0,0.5,strength,dynasurv,2,ET alone,counterfactual,716,0.1421658705349107,1.6465790276598715,1.0834964673382963
legacy_reused_holdout,1,bestCI,0,0,0.5,strength,dynasurv,2,ET+ANTI-CDK wo CT,counterfactual,488,0.1758506000819376,2.195304120458285,1.7939540914015348
legacy_reused_holdout,1,bestCI,0,0,0.5,strength,dynasurv,2,MONOCT std alone,counterfactual,563,0.1076141965459919,1.2657097411909564,0.1873274416431814
legacy_reused_holdout,1,bestCI,0,0,0.5,strength,dynasurv,2,POLYCT alone,counterfactual,753,0.129469998767439,1.5919232067412408,-0.8028752474473732
legacy_reused_holdout,1,bestCI,0,0,0.5,strength,dynasurv,3,ET alone,factual,13,0.115665075345509,0.9168952817458712,-0.066909845004527
legacy_reused_holdout,1,bestCI,0,0,0.5,strength,dynasurv,3,ET+ANTI-CDK wo CT,factual,58,0.0681961586803509,0.4653422893788074,0.0127688405529155
legacy_reused_holdout,1,bestCI,0,0,0.5,strength,dynasurv,3,MONOCT std alone,factual,273,0.1136495530394267,0.9399538734707152,-0.1360976172203848
legacy_reused_holdout,1,bestCI,0,0,0.5,strength,dynasurv,3,POLYCT alone,factual,94,0.1163645059739606,0.9484108718155672,-0.676481949715404
legacy_reused_holdout,1,bestCI,0,0,0.5,strength,dynasurv,3,ET alone,counterfactual,425,0.1166374208706952,0.8753417857501777,0.216203489776034
legacy_reused_holdout,1,bestCI,0,0,0.5,strength,dynasurv,3,ET+ANTI-CDK wo CT,counterfactual,380,0.1323012448615144,1.0229238415432582,0.4536386394589928
legacy_reused_holdout,1,bestCI,0,0,0.5,strength,dynasurv,3,MONOCT std alone,counterfactual,165,0.0952859460074793,0.743581422787052,-0.1613440086737768
legacy_reused_holdout,1,bestCI,0,0,0.5,strength,dynasurv,3,POLYCT alone,counterfactual,344,0.1266401538653603,1.0510511713337576,-0.4937526580222382
legacy_reused_holdout,1,bestCI,0,0,0.5,strength,dynasurv,4,MONOCT std alone,factual,123,0.11406732349427,0.9091616039587234,-0.2744469782453023
legacy_reused_holdout,1,bestCI,0,0,0.5,strength,dynasurv,4,POLYCT alone,factual,62,0.1446127776299259,1.268978507551888,-0.8027285374585145
legacy_reused_holdout,1,bestCI,0,0,0.5,strength,dynasurv,4,MONOCT std alone,counterfactual,75,0.105677016482977,0.9145571148449364,-0.0106911958598929
legacy_reused_holdout,1,bestCI,0,0,0.5,strength,dynasurv,4,POLYCT alone,counterfactual,136,0.1382297749645926,1.189186611528262,-0.6978978913463917
legacy_reused_holdout,1,bestCI,0,0,0.5,strength,dynasurv,all,ET alone,factual,423,0.1315342624235505,1.9181919551756537,1.277269535016211
legacy_reused_holdout,1,bestCI,0,0,0.5,strength,dynasurv,all,ET+ANTI-CDK wo CT,factual,1822,0.1024132468740397,1.4555729612850414,1.0440975069623837
legacy_reused_holdout,1,bestCI,0,0,0.5,strength,dynasurv,all,MONOCT std alone,factual,816,0.1137878022632169,1.2649753200002531,0.0525882283935261
legacy_reused_holdout,1,bestCI,0,0,0.5,strength,dynasurv,all,POLYCT alone,factual,379,0.1310559672286269,1.585884124190807,-0.8295865927029824
legacy_reused_holdout,1,bestCI,0,0,0.5,strength,dynasurv,all,ET alone,counterfactual,2832,0.1225950680016195,1.591372053199438,0.9916300593134948
legacy_reused_holdout,1,bestCI,0,0,0.5,strength,dynasurv,all,ET+ANTI-CDK wo CT,counterfactual,1433,0.1513792347434564,1.9316740542049913,1.38241784163095
legacy_reused_holdout,1,bestCI,0,0,0.5,strength,dynasurv,all,MONOCT std alone,counterfactual,2637,0.0918830288989008,1.2549241543750145,0.0517164311288405
legacy_reused_holdout,1,bestCI,0,0,0.5,strength,dynasurv,all,POLYCT alone,counterfactual,3074,0.1758963427085714,2.514432259052093,-2.019240871793671
legacy_reused_holdout,1,bestCI,0,0,0.5,strength,oracle,1,ET alone,factual,286,0.0,8.896571257652565e-06,-8.403438377456198e-06
legacy_reused_holdout,1,bestCI,0,0,0.5,strength,oracle,1,ET+ANTI-CDK wo CT,factual,1412,0.0,6.778105865774454e-06,-6.749174712438669e-06
legacy_reused_holdout,1,bestCI,0,0,0.5,strength,oracle,1,MONOCT std alone,factual,143,0.0,1.059167906467431e-05,-1.050394683357201e-05
legacy_reused_holdout,1,bestCI,0,0,0.5,strength,oracle,1,POLYCT alone,factual,136,0.0,9.358985578561732e-06,-9.146986297529668e-06
legacy_reused_holdout,1,bestCI,0,0,0.5,strength,oracle,1,ET alone,counterfactual,1691,0.0,7.883298470660409e-06,-7.731246839282386e-06
legacy_reused_holdout,1,bestCI,0,0,0.5,strength,oracle,1,ET+ANTI-CDK wo CT,counterfactual,565,0.0,8.968455639687194e-06,-8.678522246743213e-06
legacy_reused_holdout,1,bestCI,0,0,0.5,strength,oracle,1,MONOCT std alone,counterfactual,1834,0.0,8.79036809644973e-06,-8.764040608837945e-06
legacy_reused_holdout,1,bestCI,0,0,0.5,strength,oracle,1,POLYCT alone,counterfactual,1841,0.0,8.053205919888047e-06,-7.964095110196615e-06
legacy_reused_holdout,1,bestCI,0,0,0.5,strength,oracle,2,ET alone,factual,124,0.0,1.375321328903504e-05,-1.313926594983098e-05
legacy_reused_holdout,1,bestCI,0,0,0.5,strength,oracle,2,ET+ANTI-CDK wo CT,factual,352,0.0,1.1513449302995936e-05,-1.1225022411966033e-05
legacy_reused_holdout,1,bestCI,0,0,0.5,strength,oracle,2,MONOCT std alone,factual,277,0.0,1.481205232378232e-05,-1.4376371824752556e-05
legacy_reused_holdout,1,bestCI,0,0,0.5,strength,oracle,2,POLYCT alone,factual,87,0.0,1.493398090964073e-05,-1.36832730968095e-05
legacy_reused_holdout,1,bestCI,0,0,0.5,strength,oracle,2,ET alone,counterfactual,716,0.0,1.302079203786716e-05,-1.18924531052442e-05
legacy_reused_holdout,1,bestCI,0,0,0.5,strength,oracle,2,ET+ANTI-CDK wo CT,counterfactual,488,0.0,1.3623214027815454e-05,-1.2038085352503943e-05
legacy_reused_holdout,1,bestCI,0,0,0.5,strength,oracle,2,MONOCT std alone,counterfactual,563,0.0,1.449263198287126e-05,-1.4279975433623464e-05
legacy_reused_holdout,1,bestCI,0,0,0.5,strength,oracle,2,POLYCT alone,counterfactual,753,0.0,1.389823947020847e-05,-1.286315307505341e-05
legacy_reused_holdout,1,bestCI,0,0,0.5,strength,oracle,3,ET alone,factual,13,0.0,1.3545704981141262e-05,-1.3024178372575624e-05
legacy_reused_holdout,1,bestCI,0,0,0.5,strength,oracle,3,ET+ANTI-CDK wo CT,factual,58,0.0,9.611562426174006e-06,-9.611562426174006e-06
legacy_reused_holdout,1,bestCI,0,0,0.5,strength,oracle,3,MONOCT std alone,factual,273,0.0,1.8416409302814e-05,-1.7425874116801626e-05
legacy_reused_holdout,1,bestCI,0,0,0.5,strength,oracle,3,POLYCT alone,factual,94,0.0,1.746024636115948e-05,-1.7059202196379144e-05
legacy_reused_holdout,1,bestCI,0,0,0.5,strength,oracle,3,ET alone,counterfactual,425,0.0,1.669200122548819e-05,-1.4877626678151924e-05
legacy_reused_holdout,1,bestCI,0,0,0.5,strength,oracle,3,ET+ANTI-CDK wo CT,counterfactual,380,0.0,1.6840210596909924e-05,-1.4975830911272063e-05
legacy_reused_holdout,1,bestCI,0,0,0.5,strength,oracle,3,MONOCT std alone,counterfactual,165,0.0,1.7091299530055696e-05,-1.7091299530055696e-05
legacy_reused_holdout,1,bestCI,0,0,0.5,strength,oracle,3,POLYCT alone,counterfactual,344,0.0,1.748866263069282e-05,-1.4834943289415315e-05
legacy_reused_holdout,1,bestCI,0,0,0.5,strength,oracle,4,MONOCT std alone,factual,123,0.0,1.84490849606653e-05,-1.4338625089464752e-05
legacy_reused_holdout,1,bestCI,0,0,0.5,strength,oracle,4,POLYCT alone,factual,62,0.0,1.779638273101358e-05,-1.6551144280538188e-05
legacy_reused_holdout,1,bestCI,0,0,0.5,strength,oracle,4,MONOCT std alone,counterfactual,75,0.0,1.6306639627027646e-05,-1.616965575439148e-05
legacy_reused_holdout,1,bestCI,0,0,0.5,strength,oracle,4,POLYCT alone,counterfactual,136,0.0,1.8835916017038092e-05,-1.1885216751168362e-05
legacy_reused_holdout,1,bestCI,0,0,0.5,strength,oracle,all,ET alone,factual,423,0.0,1.046314891792864e-05,-9.933727358333326e-06
legacy_reused_holdout,1,bestCI,0,0,0.5,strength,oracle,all,ET+ANTI-CDK wo CT,factual,1822,0.0,7.783145037237206e-06,-7.705001758338934e-06
legacy_reused_holdout,1,bestCI,0,0,0.5,strength,oracle,all,MONOCT std alone,factual,816,0.0,1.5826551212948753e-05,-1.4712296461456205e-05
legacy_reused_holdout,1,bestCI,0,0,0.5,strength,oracle,all,POLYCT alone,factual,379,0.0,1.4028277744313912e-05,-1.3361928358151632e-05
legacy_reused_holdout,1,bestCI,0,0,0.5,strength,oracle,all,ET alone,counterfactual,2832,0.0,1.050411205290682e-05,-9.855764889405345e-06
legacy_reused_holdout,1,bestCI,0,0,0.5,strength,oracle,all,ET+ANTI-CDK wo CT,counterfactual,1433,0.0,1.2641022964984631e-05,-1.1492509747184383e-05
legacy_reused_holdout,1,bestCI,0,0,0.5,strength,oracle,all,MONOCT std alone,counterfactual,2637,0.0,1.0740974322992638e-05,-1.067336566165239e-05
legacy_reused_holdout,1,bestCI,0,0,0.5,strength,oracle,all,POLYCT alone,counterfactual,3074,0.0,1.1017928088112031e-05,-1.0106526783703628e-05
legacy_reused_holdout,1,bestCI,0,0,0.5,strength,naive_km,1,ET alone,factual,286,0.1525906361510761,2.3670634181615635,0.5399521626708078
legacy_reused_holdout,1,bestCI,0,0,0.5,strength,naive_km,1,ET+ANTI-CDK wo CT,factual,1412,0.1064356159444337,1.547904306890007,0.3263742248288596
legacy_reused_holdout,1,bestCI,0,0,0.5,strength,naive_km,1,MONOCT std alone,factual,143,0.1188341064797131,2.0069642391943545,0.3267120776049224
legacy_reused_holdout,1,bestCI,0,0,0.5,strength,naive_km,1,POLYCT alone,factual,136,0.1329291365551061,2.0400330816275583,0.6907592692878964
legacy_reused_holdout,1,bestCI,0,0,0.5,strength,naive_km,1,ET alone,counterfactual,1691,0.1375672422045224,2.328660204376793,-0.3227218438063836
legacy_reused_holdout,1,bestCI,0,0,0.5,strength,naive_km,1,ET+ANTI-CDK wo CT,counterfactual,565,0.1947748167150557,2.9575688163408445,2.534544725183303
legacy_reused_holdout,1,bestCI,0,0,0.5,strength,naive_km,1,MONOCT std alone,counterfactual,1834,0.1287124405396602,2.3805333457056093,-1.762887713966748
legacy_reused_holdout,1,bestCI,0,0,0.5,strength,naive_km,1,POLYCT alone,counterfactual,1841,0.1308686658153182,2.106317425144682,-0.1396136366512148
legacy_reused_holdout,1,bestCI,0,0,0.5,strength,naive_km,2,ET alone,factual,124,0.1689544933054386,2.035644576571987,0.7945407344906412
legacy_reused_holdout,1,bestCI,0,0,0.5,strength,naive_km,2,ET+ANTI-CDK wo CT,factual,352,0.1404092945639663,1.549746985721409,0.6070697639837781
legacy_reused_holdout,1,bestCI,0,0,0.5,strength,naive_km,2,MONOCT std alone,factual,277,0.1343636971614635,1.7217748203929992,0.1532105254331509
legacy_reused_holdout,1,bestCI,0,0,0.5,strength,naive_km,2,POLYCT alone,factual,87,0.151875816533906,1.89859711266418,0.2754137407006
legacy_reused_holdout,1,bestCI,0,0,0.5,strength,naive_km,2,ET alone,counterfactual,716,0.1908399145424873,2.36128498753308,0.901913222146058
legacy_reused_holdout,1,bestCI,0,0,0.5,strength,naive_km,2,ET+ANTI-CDK wo CT,counterfactual,488,0.2653772527869072,3.328034324473826,3.117024220381124
legacy_reused_holdout,1,bestCI,0,0,0.5,strength,naive_km,2,MONOCT std alone,counterfactual,563,0.1538385659859708,2.120867793106513,-1.2861317246043205
legacy_reused_holdout,1,bestCI,0,0,0.5,strength,naive_km,2,POLYCT alone,counterfactual,753,0.1629449611965372,2.035147303228547,0.0732065946952589
legacy_reused_holdout,1,bestCI,0,0,0.5,strength,naive_km,3,ET alone,factual,13,0.188348294263924,1.354305051250655,0.77570533681783
legacy_reused_holdout,1,bestCI,0,0,0.5,strength,naive_km,3,ET+ANTI-CDK wo CT,factual,58,0.1002942396815653,0.6395713898742512,0.1188083022297534
legacy_reused_holdout,1,bestCI,0,0,0.5,strength,naive_km,3,MONOCT std alone,factual,273,0.1463818944498824,1.1847537523073024,0.3393248091061288
legacy_reused_holdout,1,bestCI,0,0,0.5,strength,naive_km,3,POLYCT alone,factual,94,0.1216536452457524,0.9586003365769632,0.0148844094414359
legacy_reused_holdout,1,bestCI,0,0,0.5,strength,naive_km,3,ET alone,counterfactual,425,0.2029963375359747,1.5920333049299868,1.2223380280541292
legacy_reused_holdout,1,bestCI,0,0,0.5,strength,naive_km,3,ET+ANTI-CDK wo CT,counterfactual,380,0.2348447552416853,1.8499292789636992,1.7640953415175042
legacy_reused_holdout,1,bestCI,0,0,0.5,strength,naive_km,3,MONOCT std alone,counterfactual,165,0.1300733896590317,1.1707297899858604,-0.298446624888442
legacy_reused_holdout,1,bestCI,0,0,0.5,strength,naive_km,3,POLYCT alone,counterfactual,344,0.1737647132133207,1.3674122924683365,0.5045626597233336
legacy_reused_holdout,1,bestCI,0,0,0.5,strength,naive_km,4,MONOCT std alone,factual,123,0.1682448000677128,1.3732988580003582,0.1591774159171408
legacy_reused_holdout,1,bestCI,0,0,0.5,strength,naive_km,4,POLYCT alone,factual,62,0.1459376804201571,1.2944077120526467,-0.0504154333115018
legacy_reused_holdout,1,bestCI,0,0,0.5,strength,naive_km,4,MONOCT std alone,counterfactual,75,0.1481436012604282,1.3335921461957807,0.2655752263047853
legacy_reused_holdout,1,bestCI,0,0,0.5,strength,naive_km,4,POLYCT alone,counterfactual,136,0.1932467569440801,1.6356870949049298,0.0407681837196961
legacy_reused_holdout,1,bestCI,0,0,0.5,strength,naive_km,all,ET alone,factual,423,0.158748273462847,2.2387849426841417,0.6218286973506437
legacy_reused_holdout,1,bestCI,0,0,0.5,strength,naive_km,all,ET+ANTI-CDK wo CT,factual,1822,0.1136146843041127,1.5193452035759234,0.3739955235510237
legacy_reused_holdout,1,bestCI,0,0,0.5,strength,naive_km,all,MONOCT std alone,factual,816,0.1415584492652805,1.5395601046171457,0.2467814187331718
legacy_reused_holdout,1,bestCI,0,0,0.5,strength,naive_km,all,POLYCT alone,factual,379,0.1370778081070317,1.6173724477272564,0.3065372920482532
legacy_reused_holdout,1,bestCI,0,0,0.5,strength,naive_km,all,ET alone,counterfactual,2832,0.1633766745416471,2.2263625039795505,0.2187644389487951
legacy_reused_holdout,1,bestCI,0,0,0.5,strength,naive_km,all,ET+ANTI-CDK wo CT,counterfactual,1433,0.2314428167800835,2.790007158117243,2.5285986176212187
legacy_reused_holdout,1,bestCI,0,0,0.5,strength,naive_km,all,MONOCT std alone,counterfactual,2637,0.135120907861003,2.2196194728310217,-1.511776177285166
legacy_reused_holdout,1,bestCI,0,0,0.5,strength,naive_km,all,POLYCT alone,counterfactual,3074,0.1476211892033435,1.9853739663430816,-0.0074138293229183
legacy_reused_holdout,1,bestCI,1,1,0.5,strength,dynasurv,1,ET alone,factual,300,0.102651875258744,1.5943112581831158,0.8782941569699904
legacy_reused_holdout,1,bestCI,1,1,0.5,strength,dynasurv,1,ET+ANTI-CDK wo CT,factual,1395,0.0910191683747703,1.3733909340292585,1.2354010806755042
legacy_reused_holdout,1,bestCI,1,1,0.5,strength,dynasurv,1,MONOCT std alone,factual,159,0.1100365780811441,1.8422728316926695,0.5911188204583008
legacy_reused_holdout,1,bestCI,1,1,0.5,strength,dynasurv,1,POLYCT alone,factual,123,0.1003887708640396,1.5760929606166294,-0.3947812965891299
legacy_reused_holdout,1,bestCI,1,1,0.5,strength,dynasurv,1,ET alone,counterfactual,1677,0.0965289319429461,1.4359195848813833,0.8863121405122273
legacy_reused_holdout,1,bestCI,1,1,0.5,strength,dynasurv,1,ET+ANTI-CDK wo CT,counterfactual,582,0.1540315080923952,2.554525351709916,2.4478959254119252
legacy_reused_holdout,1,bestCI,1,1,0.5,strength,dynasurv,1,MONOCT std alone,counterfactual,1818,0.0927214292413506,1.4459590477075837,-0.4393166749496438
legacy_reused_holdout,1,bestCI,1,1,0.5,strength,dynasurv,1,POLYCT alone,counterfactual,1854,0.1291766486338423,2.127698874547193,-1.6666954628396695
legacy_reused_holdout,1,bestCI,1,1,0.5,strength,dynasurv,2,ET alone,factual,125,0.1056483360158744,1.2998931495769437,0.0580426684796923
legacy_reused_holdout,1,bestCI,1,1,0.5,strength,dynasurv,2,ET+ANTI-CDK wo CT,factual,362,0.1030923875060718,1.1385373165516808,0.7750417863910024
legacy_reused_holdout,1,bestCI,1,1,0.5,strength,dynasurv,2,MONOCT std alone,factual,266,0.1195605142582727,1.4963811262907585,0.368910668031705
legacy_reused_holdout,1,bestCI,1,1,0.5,strength,dynasurv,2,POLYCT alone,factual,87,0.1144083043542533,1.4170771759255911,0.0332605822092938
legacy_reused_holdout,1,bestCI,1,1,0.5,strength,dynasurv,2,ET alone,counterfactual,715,0.1294086369458229,1.546634999283362,0.5290337453784315
legacy_reused_holdout,1,bestCI,1,1,0.5,strength,dynasurv,2,ET+ANTI-CDK wo CT,counterfactual,478,0.194952074950823,2.4301995279181012,2.2769744922639337
legacy_reused_holdout,1,bestCI,1,1,0.5,strength,dynasurv,2,MONOCT std alone,counterfactual,574,0.1045922957130279,1.2660868619013723,-0.179241666277582
legacy_reused_holdout,1,bestCI,1,1,0.5,strength,dynasurv,2,POLYCT alone,counterfactual,753,0.1213900019687543,1.531880287401137,-0.7617411836147774
legacy_reused_holdout,1,bestCI,1,1,0.5,strength,dynasurv,3,ET alone,factual,31,0.1004933412540894,0.7664826566184348,-0.1492976160634169
legacy_reused_holdout,1,bestCI,1,1,0.5,strength,dynasurv,3,ET+ANTI-CDK wo CT,factual,44,0.0451428224982658,0.3387746954147435,-0.0472164073033931
legacy_reused_holdout,1,bestCI,1,1,0.5,strength,dynasurv,3,MONOCT std alone,factual,257,0.1094298789026237,0.9632479622656136,-0.2597967858965352
legacy_reused_holdout,1,bestCI,1,1,0.5,strength,dynasurv,3,POLYCT alone,factual,106,0.1106800865804862,0.9227876118513756,-0.4216087944286187
legacy_reused_holdout,1,bestCI,1,1,0.5,strength,dynasurv,3,ET alone,counterfactual,407,0.1167639249899258,0.9646878637363704,0.1620466323160693
legacy_reused_holdout,1,bestCI,1,1,0.5,strength,dynasurv,3,ET+ANTI-CDK wo CT,counterfactual,394,0.1369318977597082,1.064475774848333,0.7814611871777729
legacy_reused_holdout,1,bestCI,1,1,0.5,strength,dynasurv,3,MONOCT std alone,counterfactual,181,0.1063802403569845,0.8728219801889475,-0.1835085675271394
legacy_reused_holdout,1,bestCI,1,1,0.5,strength,dynasurv,3,POLYCT alone,counterfactual,332,0.1219858981791698,1.0537084308904914,-0.606874551961647
legacy_reused_holdout,1,bestCI,1,1,0.5,strength,dynasurv,4,MONOCT std alone,factual,118,0.1350314157610945,1.1924320367661194,-0.2157801335086678
legacy_reused_holdout,1,bestCI,1,1,0.5,strength,dynasurv,4,POLYCT alone,factual,71,0.1469461816941457,1.3082337765280692,-0.9210868635472024
legacy_reused_holdout,1,bestCI,1,1,0.5,strength,dynasurv,4,MONOCT std alone,counterfactual,80,0.1317890701862256,1.1706959731125024,-0.325282771458071
legacy_reused_holdout,1,bestCI,1,1,0.5,strength,dynasurv,4,POLYCT alone,counterfactual,127,0.1604064566855895,1.423931663624603,-0.7862694263444575
legacy_reused_holdout,1,bestCI,1,1,0.5,strength,dynasurv,all,ET alone,factual,456,0.1033377708990054,1.4573267182175969,0.5835863038442822
legacy_reused_holdout,1,bestCI,1,1,0.5,strength,dynasurv,all,ET+ANTI-CDK wo CT,factual,1801,0.0927519880754033,1.300908910694488,1.1115336547998458
legacy_reused_holdout,1,bestCI,1,1,0.5,strength,dynasurv,all,MONOCT std alone,factual,800,0.1170292390393322,1.3490255830914264,0.1248603755248387
legacy_reused_holdout,1,bestCI,1,1,0.5,strength,dynasurv,all,POLYCT alone,factual,387,0.1160278460656511,1.3122615851449888,-0.4024602799729699
legacy_reused_holdout,1,bestCI,1,1,0.5,strength,dynasurv,all,ET alone,counterfactual,2799,0.1088259257112972,1.3956802889869189,0.6897311778982579
legacy_reused_holdout,1,bestCI,1,1,0.5,strength,dynasurv,all,ET+ANTI-CDK wo CT,counterfactual,1454,0.1645363902514601,2.109884858549014,1.9401409516093144
legacy_reused_holdout,1,bestCI,1,1,0.5,strength,dynasurv,all,MONOCT std alone,counterfactual,2653,0.0977448834918485,1.3596396018571333,-0.3621560889336006
legacy_reused_holdout,1,bestCI,1,1,0.5,strength,dynasurv,all,POLYCT alone,counterfactual,3066,0.1280096387049952,1.8359197945725765,-1.2932103939216204
legacy_reused_holdout,1,bestCI,1,1,0.5,strength,oracle,1,ET alone,factual,300,0.0,8.719597774398124e-06,-8.532714947756166e-06
legacy_reused_holdout,1,bestCI,1,1,0.5,strength,oracle,1,ET+ANTI-CDK wo CT,factual,1395,0.0,6.6691227941255325e-06,-6.643858668281046e-06
legacy_reused_holdout,1,bestCI,1,1,0.5,strength,oracle,1,MONOCT std alone,factual,159,0.0,1.0378337036881547e-05,-1.0327275650349558e-05
legacy_reused_holdout,1,bestCI,1,1,0.5,strength,oracle,1,POLYCT alone,factual,123,0.0,9.287937702741207e-06,-9.287937702741207e-06
legacy_reused_holdout,1,bestCI,1,1,0.5,strength,oracle,1,ET alone,counterfactual,1677,0.0,7.768152236502434e-06,-7.621036316370496e-06
legacy_reused_holdout,1,bestCI,1,1,0.5,strength,oracle,1,ET+ANTI-CDK wo CT,counterfactual,582,0.0,8.861166892378634e-06,-8.655028121690185e-06
legacy_reused_holdout,1,bestCI,1,1,0.5,strength,oracle,1,MONOCT std alone,counterfactual,1818,0.0,8.679079729253094e-06,-8.672435161207579e-06
legacy_reused_holdout,1,bestCI,1,1,0.5,strength,oracle,1,POLYCT alone,counterfactual,1854,0.0,8.003840765927138e-06,-7.869577270617115e-06
legacy_reused_holdout,1,bestCI,1,1,0.5,strength,oracle,2,ET alone,factual,125,0.0,1.4219312678491748e-05,-1.3727694708791205e-05
legacy_reused_holdout,1,bestCI,1,1,0.5,strength,oracle,2,ET+ANTI-CDK wo CT,factual,362,0.0,1.1604385466274848e-05,-1.1491125017039446e-05
legacy_reused_holdout,1,bestCI,1,1,0.5,strength,oracle,2,MONOCT std alone,factual,266,0.0,1.4943003557066014e-05,-1.4403385147934774e-05
legacy_reused_holdout,1,bestCI,1,1,0.5,strength,oracle,2,POLYCT alone,factual,87,0.0,1.4713025955016722e-05,-1.427348304385028e-05
legacy_reused_holdout,1,bestCI,1,1,0.5,strength,oracle,2,ET alone,counterfactual,715,0.0,1.3101472224726043e-05,-1.2076816440736257e-05
legacy_reused_holdout,1,bestCI,1,1,0.5,strength,oracle,2,ET+ANTI-CDK wo CT,counterfactual,478,0.0,1.367515472835874e-05,-1.1966079939680564e-05
legacy_reused_holdout,1,bestCI,1,1,0.5,strength,oracle,2,MONOCT std alone,counterfactual,574,0.0,1.4700465045108587e-05,-1.460687976253291e-05
legacy_reused_holdout,1,bestCI,1,1,0.5,strength,oracle,2,POLYCT alone,counterfactual,753,0.0,1.406890277903092e-05,-1.3046179635409797e-05
legacy_reused_holdout,1,bestCI,1,1,0.5,strength,oracle,3,ET alone,factual,31,0.0,1.3456942043784778e-05,-1.3456942043784778e-05
legacy_reused_holdout,1,bestCI,1,1,0.5,strength,oracle,3,ET+ANTI-CDK wo CT,factual,44,0.0,8.640607902873656e-06,-8.640607902873656e-06
legacy_reused_holdout,1,bestCI,1,1,0.5,strength,oracle,3,MONOCT std alone,factual,257,0.0,1.862963977036791e-05,-1.8116537359698385e-05
legacy_reused_holdout,1,bestCI,1,1,0.5,strength,oracle,3,POLYCT alone,factual,106,0.0,1.706017344954883e-05,-1.6394101708206086e-05
legacy_reused_holdout,1,bestCI,1,1,0.5,strength,oracle,3,ET alone,counterfactual,407,0.0,1.6677351804307386e-05,-1.487437261521847e-05
legacy_reused_holdout,1,bestCI,1,1,0.5,strength,oracle,3,ET+ANTI-CDK wo CT,counterfactual,394,0.0,1.6467880540360014e-05,-1.5003380285076307e-05
legacy_reused_holdout,1,bestCI,1,1,0.5,strength,oracle,3,MONOCT std alone,counterfactual,181,0.0,1.7279611905834045e-05,-1.6486595501683288e-05
legacy_reused_holdout,1,bestCI,1,1,0.5,strength,oracle,3,POLYCT alone,counterfactual,332,0.0,1.667518082279462e-05,-1.540666265445367e-05
legacy_reused_holdout,1,bestCI,1,1,0.5,strength,oracle,4,MONOCT std alone,factual,118,0.0,1.8923997378706248e-05,-1.4711565569438384e-05
legacy_reused_holdout,1,bestCI,1,1,0.5,strength,oracle,4,POLYCT alone,factual,71,0.0,1.7863713425575077e-05,-1.6374372700862098e-05
legacy_reused_holdout,1,bestCI,1,1,0.5,strength,oracle,4,MONOCT std alone,counterfactual,80,0.0,1.7850579120293197e-05,-1.6864899471724648e-05
legacy_reused_holdout,1,bestCI,1,1,0.5,strength,oracle,4,POLYCT alone,counterfactual,127,0.0,2.014681950151693e-05,-1.2823802142235353e-05
legacy_reused_holdout,1,bestCI,1,1,0.5,strength,oracle,all,ET alone,factual,456,0.0,1.054925136071981e-05,-1.0291538434831313e-05
legacy_reused_holdout,1,bestCI,1,1,0.5,strength,oracle,all,ET+ANTI-CDK wo CT,factual,1801,0.0,7.709272950762383e-06,-7.666938837394104e-06
legacy_reused_holdout,1,bestCI,1,1,0.5,strength,oracle,all,MONOCT std alone,factual,800,0.0,1.580730455839452e-05,-1.4831565145490556e-05
legacy_reused_holdout,1,bestCI,1,1,0.5,strength,oracle,all,POLYCT alone,factual,387,0.0,1.4209694145714808e-05,-1.3655205697889398e-05
legacy_reused_holdout,1,bestCI,1,1,0.5,strength,oracle,all,ET alone,counterfactual,2799,0.0,1.0426018622953489e-05,-9.81395902539252e-06
legacy_reused_holdout,1,bestCI,1,1,0.5,strength,oracle,all,ET+ANTI-CDK wo CT,counterfactual,1454,0.0,1.250499864128039e-05,-1.1463785701727004e-05
legacy_reused_holdout,1,bestCI,1,1,0.5,strength,oracle,all,MONOCT std alone,counterfactual,2653,0.0,1.0845190338580426e-05,-1.0736563079650176e-05
legacy_reused_holdout,1,bestCI,1,1,0.5,strength,oracle,all,POLYCT alone,counterfactual,3066,0.0,1.0935358996249074e-05,-1.016229758595245e-05
legacy_reused_holdout,1,bestCI,1,1,0.5,strength,naive_km,1,ET alone,factual,300,0.1456313204866369,2.3895353706334377,0.472456561578958
legacy_reused_holdout,1,bestCI,1,1,0.5,strength,naive_km,1,ET+ANTI-CDK wo CT,factual,1395,0.1008814434423153,1.510617740245502,0.1229957763412866
legacy_reused_holdout,1,bestCI,1,1,0.5,strength,naive_km,1,MONOCT std alone,factual,159,0.1211795988101898,2.0763913672767416,0.2261457343735951
legacy_reused_holdout,1,bestCI,1,1,0.5,strength,naive_km,1,POLYCT alone,factual,123,0.1177090086904236,1.951017550923278,-0.0460977387497317
legacy_reused_holdout,1,bestCI,1,1,0.5,strength,naive_km,1,ET alone,counterfactual,1677,0.1376930524534307,2.3260498783996844,-0.4123884741066446
legacy_reused_holdout,1,bestCI,1,1,0.5,strength,naive_km,1,ET+ANTI-CDK wo CT,counterfactual,582,0.1896601950212686,2.9364547112786363,2.422156095443216
legacy_reused_holdout,1,bestCI,1,1,0.5,strength,naive_km,1,MONOCT std alone,counterfactual,1818,0.1385690772380112,2.5882066694124535,-2.1018845928623664
legacy_reused_holdout,1,bestCI,1,1,0.5,strength,naive_km,1,POLYCT alone,counterfactual,1854,0.1341996685238587,2.3135943084982835,-0.7785449842093871
legacy_reused_holdout,1,bestCI,1,1,0.5,strength,naive_km,2,ET alone,factual,125,0.1533729306113547,1.9623454871795445,0.0984671054293219
legacy_reused_holdout,1,bestCI,1,1,0.5,strength,naive_km,2,ET+ANTI-CDK wo CT,factual,362,0.1364397624878325,1.5180802661871406,0.7120990712302174
legacy_reused_holdout,1,bestCI,1,1,0.5,strength,naive_km,2,MONOCT std alone,factual,266,0.142035078186521,1.850340758431612,0.4093431398506124
legacy_reused_holdout,1,bestCI,1,1,0.5,strength,naive_km,2,POLYCT alone,factual,87,0.147164635455569,1.8422650326497896,0.1171326205567848
legacy_reused_holdout,1,bestCI,1,1,0.5,strength,naive_km,2,ET alone,counterfactual,715,0.1882653083630841,2.4466785410726968,0.4725903721254159
legacy_reused_holdout,1,bestCI,1,1,0.5,strength,naive_km,2,ET+ANTI-CDK wo CT,counterfactual,478,0.2845574401999022,3.555319237217468,3.4237765822171244
legacy_reused_holdout,1,bestCI,1,1,0.5,strength,naive_km,2,MONOCT std alone,counterfactual,574,0.1589479209532993,2.1809038708234323,-1.454152840265602
legacy_reused_holdout,1,bestCI,1,1,0.5,strength,naive_km,2,POLYCT alone,counterfactual,753,0.1668721673619344,2.10911765020044,0.0096286614826787
legacy_reused_holdout,1,bestCI,1,1,0.5,strength,naive_km,3,ET alone,factual,31,0.1306162329275038,1.1576815152133553,-0.5751208056261283
legacy_reused_holdout,1,bestCI,1,1,0.5,strength,naive_km,3,ET+ANTI-CDK wo CT,factual,44,0.0684016930437678,0.5854665979622852,-0.2779813964115918
legacy_reused_holdout,1,bestCI,1,1,0.5,strength,naive_km,3,MONOCT std alone,factual,257,0.1335455535320348,1.0976982450083566,0.3279541399317354
legacy_reused_holdout,1,bestCI,1,1,0.5,strength,naive_km,3,POLYCT alone,factual,106,0.1410114201426888,1.1296836330539144,0.0759549862720044
legacy_reused_holdout,1,bestCI,1,1,0.5,strength,naive_km,3,ET alone,counterfactual,407,0.1807789613279858,1.4465513863398811,0.6425376405225169
legacy_reused_holdout,1,bestCI,1,1,0.5,strength,naive_km,3,ET+ANTI-CDK wo CT,counterfactual,394,0.2234556603283678,1.7249648485985822,1.5844850073859869
legacy_reused_holdout,1,bestCI,1,1,0.5,strength,naive_km,3,MONOCT std alone,counterfactual,181,0.1401771015843949,1.1762268844579349,-0.1349805575935643
legacy_reused_holdout,1,bestCI,1,1,0.5,strength,naive_km,3,POLYCT alone,counterfactual,332,0.1627887522733798,1.3592670222691046,0.3071284299263752
legacy_reused_holdout,1,bestCI,1,1,0.5,strength,naive_km,4,MONOCT std alone,factual,118,0.1734771976095023,1.4918813427988906,0.2649323569026662
legacy_reused_holdout,1,bestCI,1,1,0.5,strength,naive_km,4,POLYCT alone,factual,71,0.1559596799135127,1.35580799948787,0.0137559762501748
legacy_reused_holdout,1,bestCI,1,1,0.5,strength,naive_km,4,MONOCT std alone,counterfactual,80,0.1518694105558014,1.3688253464500073,0.0677403256996134
legacy_reused_holdout,1,bestCI,1,1,0.5,strength,naive_km,4,POLYCT alone,counterfactual,127,0.1965138485602477,1.55949510065964,0.5358390812101467
legacy_reused_holdout,1,bestCI,1,1,0.5,strength,naive_km,all,ET alone,factual,456,0.1468367487851761,2.188688429954141,0.298720639644611
legacy_reused_holdout,1,bestCI,1,1,0.5,strength,naive_km,all,ET+ANTI-CDK wo CT,factual,1801,0.1083462998563586,1.4895154549209109,0.2316089896387137
legacy_reused_holdout,1,bestCI,1,1,0.5,strength,naive_km,all,MONOCT std alone,factual,800,0.1406933079489936,1.6006091456965346,0.3254858488032939
legacy_reused_holdout,1,bestCI,1,1,0.5,strength,naive_km,all,POLYCT alone,factual,387,0.1384960027297384,1.5924058131045182,0.0350088345757575
legacy_reused_holdout,1,bestCI,1,1,0.5,strength,naive_km,all,ET alone,counterfactual,2799,0.1586365527970154,2.2289772122842373,-0.0329262362681337
legacy_reused_holdout,1,bestCI,1,1,0.5,strength,naive_km,all,ET+ANTI-CDK wo CT,counterfactual,1454,0.2335562604651942,2.811619936521291,2.5244478313327483
legacy_reused_holdout,1,bestCI,1,1,0.5,strength,naive_km,all,MONOCT std alone,counterfactual,2653,0.1437367363336238,2.3669813948915857,-1.7621267150413509
legacy_reused_holdout,1,bestCI,1,1,0.5,strength,naive_km,all,POLYCT alone,counterfactual,3066,0.1489914920448193,2.128800380865579,-0.4129660197581544
legacy_reused_holdout,1,bestCI,2,2,0.5,strength,dynasurv,1,ET alone,factual,309,0.1261554729644738,2.088010154937677,1.6933905712180048
legacy_reused_holdout,1,bestCI,2,2,0.5,strength,dynasurv,1,ET+ANTI-CDK wo CT,factual,1382,0.092169421905835,1.5057471618697278,1.405423884406824
legacy_reused_holdout,1,bestCI,2,2,0.5,strength,dynasurv,1,MONOCT std alone,factual,144,0.0925087041475401,1.4966855020321994,0.2745164000543991
legacy_reused_holdout,1,bestCI,2,2,0.5,strength,dynasurv,1,POLYCT alone,factual,142,0.112310900902098,1.8894354470190151,-0.3073046515675983
legacy_reused_holdout,1,bestCI,2,2,0.5,strength,dynasurv,1,ET alone,counterfactual,1668,0.0970283371630568,1.544337764275247,1.0071601207101286
legacy_reused_holdout,1,bestCI,2,2,0.5,strength,dynasurv,1,ET+ANTI-CDK wo CT,counterfactual,595,0.151830528460691,2.583692871749138,2.410655817062348
legacy_reused_holdout,1,bestCI,2,2,0.5,strength,dynasurv,1,MONOCT std alone,counterfactual,1833,0.0986671017360198,1.492390173654162,-0.6375608362960186
legacy_reused_holdout,1,bestCI,2,2,0.5,strength,dynasurv,1,POLYCT alone,counterfactual,1835,0.1230234484110625,1.8264620285594064,-0.8005791209130003
legacy_reused_holdout,1,bestCI,2,2,0.5,strength,dynasurv,2,ET alone,factual,114,0.1093252739103289,1.3287588184898644,0.5744204792525289
legacy_reused_holdout,1,bestCI,2,2,0.5,strength,dynasurv,2,ET+ANTI-CDK wo CT,factual,374,0.1082967775453849,1.2235629516251894,1.093081758918537
legacy_reused_holdout,1,bestCI,2,2,0.5,strength,dynasurv,2,MONOCT std alone,factual,281,0.1226770598313162,1.5457488363457763,0.7964952699726752
legacy_reused_holdout,1,bestCI,2,2,0.5,strength,dynasurv,2,POLYCT alone,factual,71,0.1088529255739567,1.3621105230433248,-0.1768534136878502
legacy_reused_holdout,1,bestCI,2,2,0.5,strength,dynasurv,2,ET alone,counterfactual,726,0.1374803562554526,1.6553934945800737,1.1485019130436382
legacy_reused_holdout,1,bestCI,2,2,0.5,strength,dynasurv,2,ET+ANTI-CDK wo CT,counterfactual,466,0.2038619653162009,2.6209774371520274,2.4920648098314264
legacy_reused_holdout,1,bestCI,2,2,0.5,strength,dynasurv,2,MONOCT std alone,counterfactual,559,0.0940640421963018,1.132022302752386,0.1074635026078816
legacy_reused_holdout,1,bestCI,2,2,0.5,strength,dynasurv,2,POLYCT alone,counterfactual,769,0.1214985378027514,1.507569662200425,-0.0117910309001172
legacy_reused_holdout,1,bestCI,2,2,0.5,strength,dynasurv,3,ET alone,factual,23,0.1066890310972537,0.779572850093244,-0.4811463739173378
legacy_reused_holdout,1,bestCI,2,2,0.5,strength,dynasurv,3,ET+ANTI-CDK wo CT,factual,59,0.0553084957863534,0.3961666903942766,-0.078163476939836
legacy_reused_holdout,1,bestCI,2,2,0.5,strength,dynasurv,3,MONOCT std alone,factual,253,0.1099413536866177,0.9150982491538352,0.04869100205786
legacy_reused_holdout,1,bestCI,2,2,0.5,strength,dynasurv,3,POLYCT alone,factual,103,0.1168742273168279,0.9763861947670006,-0.3205242975369713
legacy_reused_holdout,1,bestCI,2,2,0.5,strength,dynasurv,3,ET alone,counterfactual,415,0.1266955865182022,0.9994992709116518,0.3909378854967751
legacy_reused_holdout,1,bestCI,2,2,0.5,strength,dynasurv,3,ET+ANTI-CDK wo CT,counterfactual,379,0.1394175610191238,1.053030999867192,0.7865536298980096
legacy_reused_holdout,1,bestCI,2,2,0.5,strength,dynasurv,3,MONOCT std alone,counterfactual,185,0.1126944304256529,0.9255231623607956,-0.21620848099113
legacy_reused_holdout,1,bestCI,2,2,0.5,strength,dynasurv,3,POLYCT alone,counterfactual,335,0.132860167238292,1.1097838315225252,-0.2189716415806204
legacy_reused_holdout,1,bestCI,2,2,0.5,strength,dynasurv,4,ET alone,factual,4,0.0379724727557971,0.2834320355836017,-0.1414568368268693
legacy_reused_holdout,1,bestCI,2,2,0.5,strength,dynasurv,4,MONOCT std alone,factual,111,0.1171571234097263,0.9820259554769304,-0.1588574038715075
legacy_reused_holdout,1,bestCI,2,2,0.5,strength,dynasurv,4,POLYCT alone,factual,76,0.1323998275029196,1.1271283823951557,-0.4250793176651133
legacy_reused_holdout,1,bestCI,2,2,0.5,strength,dynasurv,4,ET alone,counterfactual,194,0.1427436560890918,1.126269816763838,0.2113923412477929
legacy_reused_holdout,1,bestCI,2,2,0.5,strength,dynasurv,4,MONOCT std alone,counterfactual,87,0.1227791470292224,0.9578422372335844,0.1354606549615944
legacy_reused_holdout,1,bestCI,2,2,0.5,strength,dynasurv,4,POLYCT alone,counterfactual,122,0.1502951560040024,1.2626465037476642,-0.4356213018637626
legacy_reused_holdout,1,bestCI,2,2,0.5,strength,dynasurv,all,ET alone,factual,450,0.1206270089216196,1.8127501041734797,1.282465393763879
legacy_reused_holdout,1,bestCI,2,2,0.5,strength,dynasurv,all,ET+ANTI-CDK wo CT,factual,1815,0.0947875577288757,1.411531105424268,1.2928356699428725
legacy_reused_holdout,1,bestCI,2,2,0.5,strength,dynasurv,all,MONOCT std alone,factual,789,0.1128212136624406,1.2552634643848664,0.3270357213701602
legacy_reused_holdout,1,bestCI,2,2,0.5,strength,dynasurv,all,POLYCT alone,factual,392,0.1170603207055779,1.406222489121962,-0.3099843971512576
legacy_reused_holdout,1,bestCI,2,2,0.5,strength,dynasurv,all,ET alone,counterfactual,3003,0.1154697364963502,1.468884318933322,0.9047635054603428
legacy_reused_holdout,1,bestCI,2,2,0.5,strength,dynasurv,all,ET+ANTI-CDK wo CT,counterfactual,1440,0.1676010968598298,2.1928968703841996,2.009545998795061
legacy_reused_holdout,1,bestCI,2,2,0.5,strength,dynasurv,all,MONOCT std alone,counterfactual,2664,0.0996459189481523,1.359949592801326,-0.4267231257411774
legacy_reused_holdout,1,bestCI,2,2,0.5,strength,dynasurv,all,POLYCT alone,counterfactual,3061,0.1249545781732499,1.6454424533341714,-0.5242179968619511
legacy_reused_holdout,1,bestCI,2,2,0.5,strength,oracle,1,ET alone,factual,309,0.0,8.752973658058391e-06,-8.450284612530785e-06
legacy_reused_holdout,1,bestCI,2,2,0.5,strength,oracle,1,ET+ANTI-CDK wo CT,factual,1382,0.0,6.746097368845649e-06,-6.740751276070553e-06
legacy_reused_holdout,1,bestCI,2,2,0.5,strength,oracle,1,MONOCT std alone,factual,144,0.0,1.038493474051864e-05,-1.0240968603901657e-05
legacy_reused_holdout,1,bestCI,2,2,0.5,strength,oracle,1,POLYCT alone,factual,142,0.0,8.939182413171875e-06,-8.687378259230848e-06
legacy_reused_holdout,1,bestCI,2,2,0.5,strength,oracle,1,ET alone,counterfactual,1668,0.0,7.865293139546662e-06,-7.682811398038084e-06
legacy_reused_holdout,1,bestCI,2,2,0.5,strength,oracle,1,ET+ANTI-CDK wo CT,counterfactual,595,0.0,8.856628519188553e-06,-8.530878219042644e-06
legacy_reused_holdout,1,bestCI,2,2,0.5,strength,oracle,1,MONOCT std alone,counterfactual,1833,0.0,8.759514123438218e-06,-8.74436585480469e-06
legacy_reused_holdout,1,bestCI,2,2,0.5,strength,oracle,1,POLYCT alone,counterfactual,1835,0.0,8.125320477862233e-06,-7.965475277610182e-06
legacy_reused_holdout,1,bestCI,2,2,0.5,strength,oracle,2,ET alone,factual,114,0.0,1.3433428970836752e-05,-1.2980977697633048e-05
legacy_reused_holdout,1,bestCI,2,2,0.5,strength,oracle,2,ET+ANTI-CDK wo CT,factual,374,0.0,1.169610920975516e-05,-1.1655122959458912e-05
legacy_reused_holdout,1,bestCI,2,2,0.5,strength,oracle,2,MONOCT std alone,factual,281,0.0,1.4765734870997405e-05,-1.3905436561968169e-05
legacy_reused_holdout,1,bestCI,2,2,0.5,strength,oracle,2,POLYCT alone,factual,71,0.0,1.5293919479110168e-05,-1.4097138319853308e-05
legacy_reused_holdout,1,bestCI,2,2,0.5,strength,oracle,2,ET alone,counterfactual,726,0.0,1.3422852621711374e-05,-1.2179338129063448e-05
legacy_reused_holdout,1,bestCI,2,2,0.5,strength,oracle,2,ET+ANTI-CDK wo CT,counterfactual,466,0.0,1.3809775381302618e-05,-1.1812021713722312e-05
legacy_reused_holdout,1,bestCI,2,2,0.5,strength,oracle,2,MONOCT std alone,counterfactual,559,0.0,1.4846090725639764e-05,-1.4700856801489796e-05
legacy_reused_holdout,1,bestCI,2,2,0.5,strength,oracle,2,POLYCT alone,counterfactual,769,0.0,1.4023495901659264e-05,-1.2981526232667229e-05
legacy_reused_holdout,1,bestCI,2,2,0.5,strength,oracle,3,ET alone,factual,23,0.0,1.552414305542364e-05,-1.552414305542364e-05
legacy_reused_holdout,1,bestCI,2,2,0.5,strength,oracle,3,ET+ANTI-CDK wo CT,factual,59,0.0,1.0608249250346812e-05,-1.0608249250346812e-05
legacy_reused_holdout,1,bestCI,2,2,0.5,strength,oracle,3,MONOCT std alone,factual,253,0.0,1.8907257520233003e-05,-1.8514522301250334e-05
legacy_reused_holdout,1,bestCI,2,2,0.5,strength,oracle,3,POLYCT alone,factual,103,0.0,1.7056554352593147e-05,-1.647297416709689e-05
legacy_reused_holdout,1,bestCI,2,2,0.5,strength,oracle,3,ET alone,counterfactual,415,0.0,1.6797808127703968e-05,-1.5080953999324496e-05
legacy_reused_holdout,1,bestCI,2,2,0.5,strength,oracle,3,ET+ANTI-CDK wo CT,counterfactual,379,0.0,1.6814973456490877e-05,-1.543713849269005e-05
legacy_reused_holdout,1,bestCI,2,2,0.5,strength,oracle,3,MONOCT std alone,counterfactual,185,0.0,1.761765491020845e-05,-1.694781928489477e-05
legacy_reused_holdout,1,bestCI,2,2,0.5,strength,oracle,3,POLYCT alone,counterfactual,335,0.0,1.72789369231467e-05,-1.607132204944458e-05
legacy_reused_holdout,1,bestCI,2,2,0.5,strength,oracle,4,ET alone,factual,4,0.0,1.144534518360274e-05,-1.144534518360274e-05
legacy_reused_holdout,1,bestCI,2,2,0.5,strength,oracle,4,MONOCT std alone,factual,111,0.0,1.8657751575271488e-05,-1.681994573876533e-05
legacy_reused_holdout,1,bestCI,2,2,0.5,strength,oracle,4,POLYCT alone,factual,76,0.0,1.7308928431015784e-05,-1.4592646133004233e-05
legacy_reused_holdout,1,bestCI,2,2,0.5,strength,oracle,4,ET alone,counterfactual,194,0.0,1.7602099882735253e-05,-1.3318600518947134e-05
legacy_reused_holdout,1,bestCI,2,2,0.5,strength,oracle,4,MONOCT std alone,counterfactual,87,0.0,1.762289285522911e-05,-1.5418294378877717e-05
legacy_reused_holdout,1,bestCI,2,2,0.5,strength,oracle,4,POLYCT alone,counterfactual,122,0.0,1.9032122330094937e-05,-1.4298751118585382e-05
legacy_reused_holdout,1,bestCI,2,2,0.5,strength,oracle,all,ET alone,factual,450,0.0,1.0308703186721303e-05,-9.986235719580743e-06
legacy_reused_holdout,1,bestCI,2,2,0.5,strength,oracle,all,ET+ANTI-CDK wo CT,factual,1815,0.0,7.891646343781586e-06,-7.879130003381597e-06
legacy_reused_holdout,1,bestCI,2,2,0.5,strength,oracle,all,MONOCT std alone,factual,789,0.0,1.5841760049251e-05,-1.5124607442451433e-05
legacy_reused_holdout,1,bestCI,2,2,0.5,strength,oracle,all,POLYCT alone,factual,392,0.0,1.384575470602429e-05,-1.2857811170509353e-05
legacy_reused_holdout,1,bestCI,2,2,0.5,strength,oracle,all,ET alone,counterfactual,3003,0.0,1.1072326909881476e-05,-1.0156354746594403e-05
legacy_reused_holdout,1,bestCI,2,2,0.5,strength,oracle,all,ET+ANTI-CDK wo CT,counterfactual,1440,0.0,1.255411405320434e-05,-1.1410382046982293e-05
legacy_reused_holdout,1,bestCI,2,2,0.5,strength,oracle,all,MONOCT std alone,counterfactual,2664,0.0,1.0941295773531673e-05,-1.078188428774688e-05
legacy_reused_holdout,1,bestCI,2,2,0.5,strength,oracle,all,POLYCT alone,counterfactual,3061,0.0,1.1043578640568082e-05,-1.0365168680289818e-05
legacy_reused_holdout,1,bestCI,2,2,0.5,strength,naive_km,1,ET alone,factual,309,0.1604554814842891,2.492767378323949,0.9678959962848772
legacy_reused_holdout,1,bestCI,2,2,0.5,strength,naive_km,1,ET+ANTI-CDK wo CT,factual,1382,0.0991892788136911,1.5330341332608832,0.1383639082452102
legacy_reused_holdout,1,bestCI,2,2,0.5,strength,naive_km,1,MONOCT std alone,factual,144,0.1180877365049683,2.013402159166459,-0.522403927399608
legacy_reused_holdout,1,bestCI,2,2,0.5,strength,naive_km,1,POLYCT alone,factual,142,0.1364976109248889,2.0337957891270566,0.3202118631614604
legacy_reused_holdout,1,bestCI,2,2,0.5,strength,naive_km,1,ET alone,counterfactual,1668,0.1325804118054573,2.214060359301261,-0.2579878389371025
legacy_reused_holdout,1,bestCI,2,2,0.5,strength,naive_km,1,ET+ANTI-CDK wo CT,counterfactual,595,0.19025558792372,2.87266574615696,2.4041011614406647
legacy_reused_holdout,1,bestCI,2,2,0.5,strength,naive_km,1,MONOCT std alone,counterfactual,1833,0.1493981494217983,2.7911815289733255,-2.3499914543282534
legacy_reused_holdout,1,bestCI,2,2,0.5,strength,naive_km,1,POLYCT alone,counterfactual,1835,0.1286112047756632,2.1396684446089327,-0.4385849315655146
legacy_reused_holdout,1,bestCI,2,2,0.5,strength,naive_km,2,ET alone,factual,114,0.1699712661292807,2.195664985305689,0.5496530607592811
legacy_reused_holdout,1,bestCI,2,2,0.5,strength,naive_km,2,ET+ANTI-CDK wo CT,factual,374,0.1297704415358728,1.388935692140727,0.7102993436802577
legacy_reused_holdout,1,bestCI,2,2,0.5,strength,naive_km,2,MONOCT std alone,factual,281,0.151480682245688,1.8946604037084496,0.6622741992077711
legacy_reused_holdout,1,bestCI,2,2,0.5,strength,naive_km,2,POLYCT alone,factual,71,0.1470642726530491,1.748696046569853,-0.1818724551189265
legacy_reused_holdout,1,bestCI,2,2,0.5,strength,naive_km,2,ET alone,counterfactual,726,0.1898070866580715,2.3666002492497964,0.8386087627161788
legacy_reused_holdout,1,bestCI,2,2,0.5,strength,naive_km,2,ET+ANTI-CDK wo CT,counterfactual,466,0.2933258977591643,3.777974332805017,3.6259170810786534
legacy_reused_holdout,1,bestCI,2,2,0.5,strength,naive_km,2,MONOCT std alone,counterfactual,559,0.1486221950581137,2.064928202397108,-1.3324494399692353
legacy_reused_holdout,1,bestCI,2,2,0.5,strength,naive_km,2,POLYCT alone,counterfactual,769,0.1699339205240856,2.1202988473301403,0.0115459003115367
legacy_reused_holdout,1,bestCI,2,2,0.5,strength,naive_km,3,ET alone,factual,23,0.0865366015555551,0.7672167062970633,-0.0377242925415049
legacy_reused_holdout,1,bestCI,2,2,0.5,strength,naive_km,3,ET+ANTI-CDK wo CT,factual,59,0.107473501892683,0.7316861060923153,0.1511772459416508
legacy_reused_holdout,1,bestCI,2,2,0.5,strength,naive_km,3,MONOCT std alone,factual,253,0.1464414106229381,1.2598168190927233,0.3169605065175305
legacy_reused_holdout,1,bestCI,2,2,0.5,strength,naive_km,3,POLYCT alone,factual,103,0.1497227390804417,1.2566238505924172,-0.0528833770695163
legacy_reused_holdout,1,bestCI,2,2,0.5,strength,naive_km,3,ET alone,counterfactual,415,0.2159135448925198,1.7142025945812716,1.2869110528627663
legacy_reused_holdout,1,bestCI,2,2,0.5,strength,naive_km,3,ET+ANTI-CDK wo CT,counterfactual,379,0.2450331133641599,1.8966032486995097,1.7796396488027884
legacy_reused_holdout,1,bestCI,2,2,0.5,strength,naive_km,3,MONOCT std alone,counterfactual,185,0.1481576660275291,1.2930582927130727,-0.3562646529294052
legacy_reused_holdout,1,bestCI,2,2,0.5,strength,naive_km,3,POLYCT alone,counterfactual,335,0.1709526282244142,1.4335310128401282,0.350570326981348
legacy_reused_holdout,1,bestCI,2,2,0.5,strength,naive_km,4,ET alone,factual,4,0.132376823217194,1.1591188406584192,-1.0785175605003752
legacy_reused_holdout,1,bestCI,2,2,0.5,strength,naive_km,4,MONOCT std alone,factual,111,0.1489301383339628,1.2382706272573272,0.2140121811687546
legacy_reused_holdout,1,bestCI,2,2,0.5,strength,naive_km,4,POLYCT alone,factual,76,0.1724226409416831,1.4368267099213696,0.0946130379982505
legacy_reused_holdout,1,bestCI,2,2,0.5,strength,naive_km,4,ET alone,counterfactual,194,0.2116724041913582,1.756885317249674,1.120530177610622
legacy_reused_holdout,1,bestCI,2,2,0.5,strength,naive_km,4,MONOCT std alone,counterfactual,87,0.1655457014233661,1.4259860366811847,0.2263866445813532
legacy_reused_holdout,1,bestCI,2,2,0.5,strength,naive_km,4,POLYCT alone,counterfactual,122,0.1787520696320335,1.4363238250481791,0.4117417034836219
legacy_reused_holdout,1,bestCI,2,2,0.5,strength,naive_km,all,ET alone,factual,450,0.1598007119741295,2.317451972965367,0.7923524062402867
legacy_reused_holdout,1,bestCI,2,2,0.5,strength,naive_km,all,ET+ANTI-CDK wo CT,factual,1815,0.106475220196222,1.47729179134249,0.2566337924197545
legacy_reused_holdout,1,bestCI,2,2,0.5,strength,naive_km,all,MONOCT std alone,factual,789,0.1439246384851356,1.620419745523532,0.2722677372503259
legacy_reused_holdout,1,bestCI,2,2,0.5,strength,naive_km,all,POLYCT alone,factual,392,0.1494006347012294,1.66221303042741,0.0875018961867103
legacy_reused_holdout,1,bestCI,2,2,0.5,strength,naive_km,all,ET alone,counterfactual,3003,0.1667636138549962,2.1523257704187544,0.3096760532065826
legacy_reused_holdout,1,bestCI,2,2,0.5,strength,naive_km,all,ET+ANTI-CDK wo CT,counterfactual,1440,0.2420795761993404,2.908739437019196,2.635139567872295
legacy_reused_holdout,1,bestCI,2,2,0.5,strength,naive_km,all,MONOCT std alone,counterfactual,2664,0.1497054866448103,2.490167859268495,-1.9138839697597043
legacy_reused_holdout,1,bestCI,2,2,0.5,strength,naive_km,all,POLYCT alone,counterfactual,3061,0.1471139769939084,2.0294889922938872,-0.2052437127472701
legacy_reused_holdout,1,bestCI,0,0,1.0,strength,dynasurv,1,ET alone,factual,281,0.1545159445081791,2.4963154692672553,2.423316016297892
legacy_reused_holdout,1,bestCI,0,0,1.0,strength,dynasurv,1,ET+ANTI-CDK wo CT,factual,1395,0.105294009317572,1.6516140438383946,1.6354572117655723
legacy_reused_holdout,1,bestCI,0,0,1.0,strength,dynasurv,1,MONOCT std alone,factual,153,0.1428577476036134,2.217078175283269,2.004346743903053
legacy_reused_holdout,1,bestCI,0,0,1.0,strength,dynasurv,1,POLYCT alone,factual,148,0.0961680599481225,1.5285953383359103,-0.2242225850528586
legacy_reused_holdout,1,bestCI,0,0,1.0,strength,dynasurv,1,ET alone,counterfactual,1696,0.129264914171824,1.9162325731427152,1.8121543549489971
legacy_reused_holdout,1,bestCI,0,0,1.0,strength,dynasurv,1,ET+ANTI-CDK wo CT,counterfactual,582,0.2008395005494191,3.4837346526964557,3.480105333472592
legacy_reused_holdout,1,bestCI,0,0,1.0,strength,dynasurv,1,MONOCT std alone,counterfactual,1824,0.0881762320431303,1.3306582591316705,0.0114764727961313
legacy_reused_holdout,1,bestCI,0,0,1.0,strength,dynasurv,1,POLYCT alone,counterfactual,1829,0.1704923361580563,2.9893981324545797,-2.634737638157126
legacy_reused_holdout,1,bestCI,0,0,1.0,strength,dynasurv,2,ET alone,factual,125,0.1454476279639881,1.6871074669769808,1.3055069513842306
legacy_reused_holdout,1,bestCI,0,0,1.0,strength,dynasurv,2,ET+ANTI-CDK wo CT,factual,352,0.0991060145474884,1.1267315765075263,0.9875746537998896
legacy_reused_holdout,1,bestCI,0,0,1.0,strength,dynasurv,2,MONOCT std alone,factual,273,0.1257559752505305,1.5036867201138753,1.0280733896750986
legacy_reused_holdout,1,bestCI,0,0,1.0,strength,dynasurv,2,POLYCT alone,factual,90,0.100543983165723,1.1542730812967252,0.2246430597413812
legacy_reused_holdout,1,bestCI,0,0,1.0,strength,dynasurv,2,ET alone,counterfactual,715,0.1490030567708306,1.7063633074713789,1.304835073707061
legacy_reused_holdout,1,bestCI,0,0,1.0,strength,dynasurv,2,ET+ANTI-CDK wo CT,counterfactual,488,0.2223463554005043,2.9103298112333404,2.853256912962776
legacy_reused_holdout,1,bestCI,0,0,1.0,strength,dynasurv,2,MONOCT std alone,counterfactual,567,0.1012030304255924,1.1989698775264306,0.3455682435295533
legacy_reused_holdout,1,bestCI,0,0,1.0,strength,dynasurv,2,POLYCT alone,counterfactual,750,0.1194749408040563,1.481402818276683,-0.5008188126632163
legacy_reused_holdout,1,bestCI,0,0,1.0,strength,dynasurv,3,ET alone,factual,16,0.0934838411507184,0.7846259927620001,0.05159249663527
legacy_reused_holdout,1,bestCI,0,0,1.0,strength,dynasurv,3,ET+ANTI-CDK wo CT,factual,52,0.0503188388857762,0.390789602241662,-0.1309099921849149
legacy_reused_holdout,1,bestCI,0,0,1.0,strength,dynasurv,3,MONOCT std alone,factual,271,0.1114088356134953,0.8893906961695307,0.290661017728284
legacy_reused_holdout,1,bestCI,0,0,1.0,strength,dynasurv,3,POLYCT alone,factual,99,0.0863436782550154,0.709617509746741,-0.0606984371367759
legacy_reused_holdout,1,bestCI,0,0,1.0,strength,dynasurv,3,ET alone,counterfactual,422,0.1300711785879804,0.9744547255120458,0.5233892113076116
legacy_reused_holdout,1,bestCI,0,0,1.0,strength,dynasurv,3,ET+ANTI-CDK wo CT,counterfactual,386,0.1608707192142863,1.1973938857488946,1.0515313117312064
legacy_reused_holdout,1,bestCI,0,0,1.0,strength,dynasurv,3,MONOCT std alone,counterfactual,167,0.0961908295708129,0.7386161725725794,0.0778063630045643
legacy_reused_holdout,1,bestCI,0,0,1.0,strength,dynasurv,3,POLYCT alone,counterfactual,339,0.1222151793592318,0.9656679602380686,0.0823241237771727
legacy_reused_holdout,1,bestCI,0,0,1.0,strength,dynasurv,4,MONOCT std alone,factual,121,0.0996791957267214,0.7948612018780428,-0.1475947473458727
legacy_reused_holdout,1,bestCI,0,0,1.0,strength,dynasurv,4,POLYCT alone,factual,63,0.1328566710247088,1.048142980395365,0.1731825023309104
legacy_reused_holdout,1,bestCI,0,0,1.0,strength,dynasurv,4,MONOCT std alone,counterfactual,77,0.1175532734929098,0.9902564671224416,0.2479805125971724
legacy_reused_holdout,1,bestCI,0,0,1.0,strength,dynasurv,4,POLYCT alone,counterfactual,135,0.1087444364286651,0.9003637997740734,-0.0855860930164684
legacy_reused_holdout,1,bestCI,0,0,1.0,strength,dynasurv,all,ET alone,factual,422,0.1499852203151801,2.1917229765886574,2.0022882688362578
legacy_reused_holdout,1,bestCI,0,0,1.0,strength,dynasurv,all,ET+ANTI-CDK wo CT,factual,1799,0.1029177818556623,1.5124692414684693,1.4576330010877816
legacy_reused_holdout,1,bestCI,0,0,1.0,strength,dynasurv,all,MONOCT std alone,factual,818,0.121148403607787,1.3287561363063745,0.7924685312640383
legacy_reused_holdout,1,bestCI,0,0,1.0,strength,dynasurv,all,POLYCT alone,factual,400,0.1015952796040917,1.1660045715506384,-0.0201642871019805
legacy_reused_holdout,1,bestCI,0,0,1.0,strength,dynasurv,all,ET alone,counterfactual,2833,0.1346357090282741,1.7229792103982229,1.4921429971287892
legacy_reused_holdout,1,bestCI,0,0,1.0,strength,dynasurv,all,ET+ANTI-CDK wo CT,counterfactual,1456,0.1988824992745067,2.6854179640455227,2.6261687939114897
legacy_reused_holdout,1,bestCI,0,0,1.0,strength,dynasurv,all,MONOCT std alone,counterfactual,2635,0.0926075433446125,1.2548520812150672,0.09448138237311
legacy_reused_holdout,1,bestCI,0,0,1.0,strength,dynasurv,all,POLYCT alone,counterfactual,3053,0.1519933246539094,2.3018577954330635,-1.696100718730284
legacy_reused_holdout,1,bestCI,0,0,1.0,strength,oracle,1,ET alone,factual,281,0.0,8.933770465994302e-06,-8.650602875866986e-06
legacy_reused_holdout,1,bestCI,0,0,1.0,strength,oracle,1,ET+ANTI-CDK wo CT,factual,1395,0.0,6.6047955631099525e-06,-6.594024085923051e-06
legacy_reused_holdout,1,bestCI,0,0,1.0,strength,oracle,1,MONOCT std alone,factual,153,0.0,1.0866267968165892e-05,-1.0484766104270944e-05
legacy_reused_holdout,1,bestCI,0,0,1.0,strength,oracle,1,POLYCT alone,factual,148,0.0,9.611998033713692e-06,-9.275363848585675e-06
legacy_reused_holdout,1,bestCI,0,0,1.0,strength,oracle,1,ET alone,counterfactual,1696,0.0,7.815790298835399e-06,-7.617400488527156e-06
legacy_reused_holdout,1,bestCI,0,0,1.0,strength,oracle,1,ET+ANTI-CDK wo CT,counterfactual,582,0.0,9.14690886491476e-06,-8.805747356301175e-06
legacy_reused_holdout,1,bestCI,0,0,1.0,strength,oracle,1,MONOCT std alone,counterfactual,1824,0.0,8.69122448744447e-06,-8.688140616856726e-06
legacy_reused_holdout,1,bestCI,0,0,1.0,strength,oracle,1,POLYCT alone,counterfactual,1829,0.0,7.962238315952527e-06,-7.877946242748522e-06
legacy_reused_holdout,1,bestCI,0,0,1.0,strength,oracle,2,ET alone,factual,125,0.0,1.3916706467824725e-05,-1.3512957878390353e-05
legacy_reused_holdout,1,bestCI,0,0,1.0,strength,oracle,2,ET+ANTI-CDK wo CT,factual,352,0.0,1.145026354285796e-05,-1.1412027250150157e-05
legacy_reused_holdout,1,bestCI,0,0,1.0,strength,oracle,2,MONOCT std alone,factual,273,0.0,1.4909083500396328e-05,-1.4274549297866774e-05
legacy_reused_holdout,1,bestCI,0,0,1.0,strength,oracle,2,POLYCT alone,factual,90,0.0,1.512005175033298e-05,-1.3906821356041773e-05
legacy_reused_holdout,1,bestCI,0,0,1.0,strength,oracle,2,ET alone,counterfactual,715,0.0,1.2988953628357037e-05,-1.1816780506230588e-05
legacy_reused_holdout,1,bestCI,0,0,1.0,strength,oracle,2,ET+ANTI-CDK wo CT,counterfactual,488,0.0,1.366740987836667e-05,-1.1893236187635548e-05
legacy_reused_holdout,1,bestCI,0,0,1.0,strength,oracle,2,MONOCT std alone,counterfactual,567,0.0,1.4442870506198644e-05,-1.4321470787141265e-05
legacy_reused_holdout,1,bestCI,0,0,1.0,strength,oracle,2,POLYCT alone,counterfactual,750,0.0,1.387165915676706e-05,-1.2827661761965814e-05
legacy_reused_holdout,1,bestCI,0,0,1.0,strength,oracle,3,ET alone,factual,16,0.0,1.2833866525840952e-05,-1.2309933038578968e-05
legacy_reused_holdout,1,bestCI,0,0,1.0,strength,oracle,3,ET+ANTI-CDK wo CT,factual,52,0.0,9.41307474073155e-06,-9.41307474073155e-06
legacy_reused_holdout,1,bestCI,0,0,1.0,strength,oracle,3,MONOCT std alone,factual,271,0.0,1.807342079026319e-05,-1.7012998814741384e-05
legacy_reused_holdout,1,bestCI,0,0,1.0,strength,oracle,3,POLYCT alone,factual,99,0.0,1.7752211358125113e-05,-1.7335710292228428e-05
legacy_reused_holdout,1,bestCI,0,0,1.0,strength,oracle,3,ET alone,counterfactual,422,0.0,1.6508246651997002e-05,-1.456900602218126e-05
legacy_reused_holdout,1,bestCI,0,0,1.0,strength,oracle,3,ET+ANTI-CDK wo CT,counterfactual,386,0.0,1.6498760131004564e-05,-1.4572760735979363e-05
legacy_reused_holdout,1,bestCI,0,0,1.0,strength,oracle,3,MONOCT std alone,counterfactual,167,0.0,1.6892767044028314e-05,-1.6892767044028314e-05
legacy_reused_holdout,1,bestCI,0,0,1.0,strength,oracle,3,POLYCT alone,counterfactual,339,0.0,1.7104961718799816e-05,-1.429217239592217e-05
legacy_reused_holdout,1,bestCI,0,0,1.0,strength,oracle,4,MONOCT std alone,factual,121,0.0,1.8354151181488397e-05,-1.5748190572972464e-05
legacy_reused_holdout,1,bestCI,0,0,1.0,strength,oracle,4,POLYCT alone,factual,63,0.0,1.8338311343743135e-05,-1.4158482174879834e-05
legacy_reused_holdout,1,bestCI,0,0,1.0,strength,oracle,4,MONOCT std alone,counterfactual,77,0.0,1.6208623040665475e-05,-1.3478042110906784e-05
legacy_reused_holdout,1,bestCI,0,0,1.0,strength,oracle,4,POLYCT alone,counterfactual,135,0.0,1.846113214197192e-05,-1.2722829476770388e-05
legacy_reused_holdout,1,bestCI,0,0,1.0,strength,oracle,all,ET alone,factual,422,0.0,1.055762955885295e-05,-1.0229616283257536e-05
legacy_reused_holdout,1,bestCI,0,0,1.0,strength,oracle,all,ET+ANTI-CDK wo CT,factual,1799,0.0,7.634053620979671e-06,-7.618219610024208e-06
legacy_reused_holdout,1,bestCI,0,0,1.0,strength,oracle,all,MONOCT std alone,factual,818,0.0,1.5710841224766502e-05,-1.4690922873344336e-05
legacy_reused_holdout,1,bestCI,0,0,1.0,strength,oracle,all,POLYCT alone,factual,400,0.0,1.4240407264074494e-05,-1.3081468668956207e-05
legacy_reused_holdout,1,bestCI,0,0,1.0,strength,oracle,all,ET alone,counterfactual,2833,0.0,1.0416223889249154e-05,-9.712753205738588e-06
legacy_reused_holdout,1,bestCI,0,0,1.0,strength,oracle,all,ET+ANTI-CDK wo CT,counterfactual,1456,0.0,1.2611070323208164e-05,-1.136945732487738e-05
legacy_reused_holdout,1,bestCI,0,0,1.0,strength,oracle,all,MONOCT std alone,counterfactual,2635,0.0,1.0668332870055908e-05,-1.056028226199177e-05
legacy_reused_holdout,1,bestCI,0,0,1.0,strength,oracle,all,POLYCT alone,counterfactual,3053,0.0,1.0893387851061843e-05,-1.0020353233227323e-05
legacy_reused_holdout,1,bestCI,0,0,1.0,strength,naive_km,1,ET alone,factual,281,0.1438200992217895,2.2656300629749255,0.4967233913423663
legacy_reused_holdout,1,bestCI,0,0,1.0,strength,naive_km,1,ET+ANTI-CDK wo CT,factual,1395,0.099866406221604,1.4357274594946972,0.3354787649949491
legacy_reused_holdout,1,bestCI,0,0,1.0,strength,naive_km,1,MONOCT std alone,factual,153,0.1240021669180236,1.9736388208848945,0.627203871245477
legacy_reused_holdout,1,bestCI,0,0,1.0,strength,naive_km,1,POLYCT alone,factual,148,0.1368777585178774,2.151726639526745,0.4870723016555566
legacy_reused_holdout,1,bestCI,0,0,1.0,strength,naive_km,1,ET alone,counterfactual,1696,0.1393883688131647,2.358434507333176,-0.3452328355399324
legacy_reused_holdout,1,bestCI,0,0,1.0,strength,naive_km,1,ET+ANTI-CDK wo CT,counterfactual,582,0.2067133273557811,3.2126935276305284,2.9171932396750404
legacy_reused_holdout,1,bestCI,0,0,1.0,strength,naive_km,1,MONOCT std alone,counterfactual,1824,0.1328784664811015,2.4963917456538094,-1.9776301936557177
legacy_reused_holdout,1,bestCI,0,0,1.0,strength,naive_km,1,POLYCT alone,counterfactual,1829,0.1357653239451399,2.3269030311488694,-0.7852679422640755
legacy_reused_holdout,1,bestCI,0,0,1.0,strength,naive_km,2,ET alone,factual,125,0.1589993710858047,1.9253390002349229,0.6783432743008817
legacy_reused_holdout,1,bestCI,0,0,1.0,strength,naive_km,2,ET+ANTI-CDK wo CT,factual,352,0.1167848298545509,1.332815391364635,0.4518424489351944
legacy_reused_holdout,1,bestCI,0,0,1.0,strength,naive_km,2,MONOCT std alone,factual,273,0.134556872998279,1.6877018980584804,0.3884371778497403
legacy_reused_holdout,1,bestCI,0,0,1.0,strength,naive_km,2,POLYCT alone,factual,90,0.1491441006778674,1.88926223682801,-0.0124808523974986
legacy_reused_holdout,1,bestCI,0,0,1.0,strength,naive_km,2,ET alone,counterfactual,715,0.1911173023640791,2.380100390164481,0.8772391168368484
legacy_reused_holdout,1,bestCI,0,0,1.0,strength,naive_km,2,ET+ANTI-CDK wo CT,counterfactual,488,0.2788707551224625,3.554153245465493,3.3955907854867817
legacy_reused_holdout,1,bestCI,0,0,1.0,strength,naive_km,2,MONOCT std alone,counterfactual,567,0.152076284926641,2.1128297331576107,-1.3220914809429083
legacy_reused_holdout,1,bestCI,0,0,1.0,strength,naive_km,2,POLYCT alone,counterfactual,750,0.1679751187270579,2.2012052276169487,-0.5681377300070386
legacy_reused_holdout,1,bestCI,0,0,1.0,strength,naive_km,3,ET alone,factual,16,0.1733409791120594,1.2436950433283864,0.4967090209515054
legacy_reused_holdout,1,bestCI,0,0,1.0,strength,naive_km,3,ET+ANTI-CDK wo CT,factual,52,0.0638862469153169,0.4421075034851831,0.2977776539696002
legacy_reused_holdout,1,bestCI,0,0,1.0,strength,naive_km,3,MONOCT std alone,factual,271,0.1462528988633052,1.178663935433051,0.3086491826149441
legacy_reused_holdout,1,bestCI,0,0,1.0,strength,naive_km,3,POLYCT alone,factual,99,0.1184448844962097,0.9388689406513292,-0.0602521169681111
legacy_reused_holdout,1,bestCI,0,0,1.0,strength,naive_km,3,ET alone,counterfactual,422,0.2016713229587888,1.5860909579715583,1.2010231409089365
legacy_reused_holdout,1,bestCI,0,0,1.0,strength,naive_km,3,ET+ANTI-CDK wo CT,counterfactual,386,0.2588552339869564,2.127201449724351,2.1138108686512527
legacy_reused_holdout,1,bestCI,0,0,1.0,strength,naive_km,3,MONOCT std alone,counterfactual,167,0.1307177201399149,1.185363786675086,-0.2610085314522869
legacy_reused_holdout,1,bestCI,0,0,1.0,strength,naive_km,3,POLYCT alone,counterfactual,339,0.172041987046311,1.3939567291705233,0.3314516093363499
legacy_reused_holdout,1,bestCI,0,0,1.0,strength,naive_km,4,MONOCT std alone,factual,121,0.1529030280022925,1.2589843133940324,-0.0528666237738663
legacy_reused_holdout,1,bestCI,0,0,1.0,strength,naive_km,4,POLYCT alone,factual,63,0.1665757732337023,1.4264809383764636,0.2741290544772787
legacy_reused_holdout,1,bestCI,0,0,1.0,strength,naive_km,4,MONOCT std alone,counterfactual,77,0.1720451887624396,1.510635993141995,0.5223061496224947
legacy_reused_holdout,1,bestCI,0,0,1.0,strength,naive_km,4,POLYCT alone,counterfactual,135,0.1856229193035725,1.589800419429435,-0.180734220828706
legacy_reused_holdout,1,bestCI,0,0,1.0,strength,naive_km,all,ET alone,factual,422,0.149668825608654,2.1260865957786104,0.5505202051896664
legacy_reused_holdout,1,bestCI,0,0,1.0,strength,naive_km,all,ET+ANTI-CDK wo CT,factual,1799,0.1025679425508498,1.3868707136946548,0.357157230238778
legacy_reused_holdout,1,bestCI,0,0,1.0,strength,naive_km,all,MONOCT std alone,factual,818,0.1395109836783654,1.5091251664894727,0.3413846074150966
legacy_reused_holdout,1,bestCI,0,0,1.0,strength,naive_km,all,POLYCT alone,factual,400,0.140639569094789,1.6782636705166951,0.2056714869536826
legacy_reused_holdout,1,bestCI,0,0,1.0,strength,naive_km,all,ET alone,counterfactual,2833,0.164037313746153,2.248855308036946,0.1936261365782536
legacy_reused_holdout,1,bestCI,0,0,1.0,strength,naive_km,all,ET+ANTI-CDK wo CT,counterfactual,1456,0.2467990731043748,3.0393641321852525,2.864550662161955
legacy_reused_holdout,1,bestCI,0,0,1.0,strength,naive_km,all,MONOCT std alone,counterfactual,2635,0.1383717070723779,2.301961186572898,-1.6547226543279914
legacy_reused_holdout,1,bestCI,0,0,1.0,strength,naive_km,all,POLYCT alone,counterfactual,3053,0.1509438388939883,2.15983752128915,-0.5811973102368574
legacy_reused_holdout,1,bestCI,1,1,1.0,strength,dynasurv,1,ET alone,factual,282,0.1309262339552226,2.034219624601727,1.053970435662165
legacy_reused_holdout,1,bestCI,1,1,1.0,strength,dynasurv,1,ET+ANTI-CDK wo CT,factual,1405,0.0979093231330446,1.4573836312384083,1.1248473820230902
legacy_reused_holdout,1,bestCI,1,1,1.0,strength,dynasurv,1,MONOCT std alone,factual,141,0.1568333654608438,2.381382299171426,-0.763015676333075
legacy_reused_holdout,1,bestCI,1,1,1.0,strength,dynasurv,1,POLYCT alone,factual,149,0.1742268751062564,2.954443471424728,-2.388751086122617
legacy_reused_holdout,1,bestCI,1,1,1.0,strength,dynasurv,1,ET alone,counterfactual,1695,0.1165676543707912,1.689191875645621,0.8095258460805016
legacy_reused_holdout,1,bestCI,1,1,1.0,strength,dynasurv,1,ET+ANTI-CDK wo CT,counterfactual,572,0.1791320736323515,3.031876288333722,2.2951505939501295
legacy_reused_holdout,1,bestCI,1,1,1.0,strength,dynasurv,1,MONOCT std alone,counterfactual,1836,0.1130866287415409,1.685406665789792,-1.0498544623847907
legacy_reused_holdout,1,bestCI,1,1,1.0,strength,dynasurv,1,POLYCT alone,counterfactual,1828,0.2089847938010981,3.8341942941025686,-3.675119185022079
legacy_reused_holdout,1,bestCI,1,1,1.0,strength,dynasurv,2,ET alone,factual,124,0.1137020072074672,1.2920817277792955,0.8066645994701036
legacy_reused_holdout,1,bestCI,1,1,1.0,strength,dynasurv,2,ET+ANTI-CDK wo CT,factual,360,0.1153954156986776,1.278644795079671,1.1958241236509457
legacy_reused_holdout,1,bestCI,1,1,1.0,strength,dynasurv,2,MONOCT std alone,factual,263,0.1109526456292297,1.4095284053397676,0.2967920610681074
legacy_reused_holdout,1,bestCI,1,1,1.0,strength,dynasurv,2,POLYCT alone,factual,93,0.1185190843277824,1.4453904074217243,-0.4234077716327064
legacy_reused_holdout,1,bestCI,1,1,1.0,strength,dynasurv,2,ET alone,counterfactual,716,0.1443627627748135,1.6802948039904837,1.1889760753645873
legacy_reused_holdout,1,bestCI,1,1,1.0,strength,dynasurv,2,ET+ANTI-CDK wo CT,counterfactual,480,0.2352020355901251,3.12939825061185,3.056653945599308
legacy_reused_holdout,1,bestCI,1,1,1.0,strength,dynasurv,2,MONOCT std alone,counterfactual,577,0.10363349079994,1.2721957557309649,-0.1981654841525115
legacy_reused_holdout,1,bestCI,1,1,1.0,strength,dynasurv,2,POLYCT alone,counterfactual,747,0.1355334354894005,1.7427232184745096,-0.9828745880204912
legacy_reused_holdout,1,bestCI,1,1,1.0,strength,dynasurv,3,ET alone,factual,29,0.0712972916563462,0.5298935068744451,-0.1427881339507698
legacy_reused_holdout,1,bestCI,1,1,1.0,strength,dynasurv,3,ET+ANTI-CDK wo CT,factual,48,0.0551275265276103,0.3123845390035344,0.0834001244476744
legacy_reused_holdout,1,bestCI,1,1,1.0,strength,dynasurv,3,MONOCT std alone,factual,255,0.1045546637520474,0.8977069409451824,-0.2635638773996644
legacy_reused_holdout,1,bestCI,1,1,1.0,strength,dynasurv,3,POLYCT alone,factual,106,0.1198872360739682,1.001890631630791,-0.5620120801538708
legacy_reused_holdout,1,bestCI,1,1,1.0,strength,dynasurv,3,ET alone,counterfactual,409,0.1144905248017879,0.8973120473570082,0.4446792254349294
legacy_reused_holdout,1,bestCI,1,1,1.0,strength,dynasurv,3,ET+ANTI-CDK wo CT,counterfactual,390,0.1568496842822977,1.234314235908304,1.1636592583461172
legacy_reused_holdout,1,bestCI,1,1,1.0,strength,dynasurv,3,MONOCT std alone,counterfactual,183,0.0966472498818142,0.7995068865472269,-0.1703880357917654
legacy_reused_holdout,1,bestCI,1,1,1.0,strength,dynasurv,3,POLYCT alone,counterfactual,332,0.1333336652613612,1.1428896848525512,-0.6791056183123217
legacy_reused_holdout,1,bestCI,1,1,1.0,strength,dynasurv,4,MONOCT std alone,factual,125,0.1177452339823676,1.0211965384086263,-0.201499774996868
legacy_reused_holdout,1,bestCI,1,1,1.0,strength,dynasurv,4,POLYCT alone,factual,66,0.1489916389083767,1.295194693540056,-0.8798669398448894
legacy_reused_holdout,1,bestCI,1,1,1.0,strength,dynasurv,4,MONOCT std alone,counterfactual,73,0.1135168245775445,0.9694230101068292,-0.0862133465288396
legacy_reused_holdout,1,bestCI,1,1,1.0,strength,dynasurv,4,POLYCT alone,counterfactual,132,0.149008310453008,1.3182182218905811,-0.7610778345301845
legacy_reused_holdout,1,bestCI,1,1,1.0,strength,dynasurv,all,ET alone,factual,435,0.1230312489329623,1.7223792645555829,0.903690154727474
legacy_reused_holdout,1,bestCI,1,1,1.0,strength,dynasurv,all,ET+ANTI-CDK wo CT,factual,1813,0.1007646764175302,1.3915778190793249,1.1113681534640212
legacy_reused_holdout,1,bestCI,1,1,1.0,strength,dynasurv,all,MONOCT std alone,factual,784,0.1196634546628668,1.355925653099018,-0.1555167843285385
legacy_reused_holdout,1,bestCI,1,1,1.0,strength,dynasurv,all,POLYCT alone,factual,414,0.1459425447067947,1.8510063813019624,-1.2389983891791898
legacy_reused_holdout,1,bestCI,1,1,1.0,strength,dynasurv,all,ET alone,counterfactual,2820,0.1239348522337328,1.572082246895578,0.8529528305923335
legacy_reused_holdout,1,bestCI,1,1,1.0,strength,dynasurv,all,ET+ANTI-CDK wo CT,counterfactual,1442,0.1944136913833925,2.5781740285886374,2.242612444093014
legacy_reused_holdout,1,bestCI,1,1,1.0,strength,dynasurv,all,MONOCT std alone,counterfactual,2669,0.1100543058985242,1.5157516783150118,-0.7790741334361084
legacy_reused_holdout,1,bestCI,1,1,1.0,strength,dynasurv,all,POLYCT alone,counterfactual,3039,0.1835558217906978,2.9168034203621445,-2.5594769749619424
legacy_reused_holdout,1,bestCI,1,1,1.0,strength,oracle,1,ET alone,factual,282,0.0,8.871662585074408e-06,-8.729621811245984e-06
legacy_reused_holdout,1,bestCI,1,1,1.0,strength,oracle,1,ET+ANTI-CDK wo CT,factual,1405,0.0,6.59175069935266e-06,-6.559346610339334e-06
legacy_reused_holdout,1,bestCI,1,1,1.0,strength,oracle,1,MONOCT std alone,factual,141,0.0,1.0462915375679795e-05,-1.039563600680467e-05
legacy_reused_holdout,1,bestCI,1,1,1.0,strength,oracle,1,POLYCT alone,factual,149,0.0,9.472072402371128e-06,-9.472072402371128e-06
legacy_reused_holdout,1,bestCI,1,1,1.0,strength,oracle,1,ET alone,counterfactual,1695,0.0,7.710337861365505e-06,-7.545562758763992e-06
legacy_reused_holdout,1,bestCI,1,1,1.0,strength,oracle,1,ET+ANTI-CDK wo CT,counterfactual,572,0.0,8.98337818631103e-06,-8.776556239786326e-06
legacy_reused_holdout,1,bestCI,1,1,1.0,strength,oracle,1,MONOCT std alone,counterfactual,1836,0.0,8.650513117530819e-06,-8.64351921781437e-06
legacy_reused_holdout,1,bestCI,1,1,1.0,strength,oracle,1,POLYCT alone,counterfactual,1828,0.0,7.93461540211838e-06,-7.78950683933827e-06
legacy_reused_holdout,1,bestCI,1,1,1.0,strength,oracle,2,ET alone,factual,124,0.0,1.4332822741833855e-05,-1.3868947445981202e-05
legacy_reused_holdout,1,bestCI,1,1,1.0,strength,oracle,2,ET+ANTI-CDK wo CT,factual,360,0.0,1.1466668562324735e-05,-1.1466668562324735e-05
legacy_reused_holdout,1,bestCI,1,1,1.0,strength,oracle,2,MONOCT std alone,factual,263,0.0,1.4945257057609087e-05,-1.4371191104933665e-05
legacy_reused_holdout,1,bestCI,1,1,1.0,strength,oracle,2,POLYCT alone,factual,93,0.0,1.4943017366215632e-05,-1.453011772390117e-05
legacy_reused_holdout,1,bestCI,1,1,1.0,strength,oracle,2,ET alone,counterfactual,716,0.0,1.3055014921388016e-05,-1.2021115587660968e-05
legacy_reused_holdout,1,bestCI,1,1,1.0,strength,oracle,2,ET+ANTI-CDK wo CT,counterfactual,480,0.0,1.3728729879726915e-05,-1.1933470089499817e-05
legacy_reused_holdout,1,bestCI,1,1,1.0,strength,oracle,2,MONOCT std alone,counterfactual,577,0.0,1.4658853752017624e-05,-1.4576855694336606e-05
legacy_reused_holdout,1,bestCI,1,1,1.0,strength,oracle,2,POLYCT alone,counterfactual,747,0.0,1.4005696507124212e-05,-1.2970382487234948e-05
legacy_reused_holdout,1,bestCI,1,1,1.0,strength,oracle,3,ET alone,factual,29,0.0,1.3039300805807595e-05,-1.3039300805807595e-05
legacy_reused_holdout,1,bestCI,1,1,1.0,strength,oracle,3,ET+ANTI-CDK wo CT,factual,48,0.0,8.623907028530256e-06,-8.623907028530256e-06
legacy_reused_holdout,1,bestCI,1,1,1.0,strength,oracle,3,MONOCT std alone,factual,255,0.0,1.8516440871029456e-05,-1.798081518519082e-05
legacy_reused_holdout,1,bestCI,1,1,1.0,strength,oracle,3,POLYCT alone,factual,106,0.0,1.742809284476714e-05,-1.6289704578832953e-05
legacy_reused_holdout,1,bestCI,1,1,1.0,strength,oracle,3,ET alone,counterfactual,409,0.0,1.6544677024087457e-05,-1.4703191527125365e-05
legacy_reused_holdout,1,bestCI,1,1,1.0,strength,oracle,3,ET+ANTI-CDK wo CT,counterfactual,390,0.0,1.640379360643543e-05,-1.4883603817642902e-05
legacy_reused_holdout,1,bestCI,1,1,1.0,strength,oracle,3,MONOCT std alone,counterfactual,183,0.0,1.7060329943351157e-05,-1.6253254235752742e-05
legacy_reused_holdout,1,bestCI,1,1,1.0,strength,oracle,3,POLYCT alone,counterfactual,332,0.0,1.636374444552513e-05,-1.5204366284884871e-05
legacy_reused_holdout,1,bestCI,1,1,1.0,strength,oracle,4,MONOCT std alone,factual,125,0.0,1.8930895613994636e-05,-1.489316311667821e-05
legacy_reused_holdout,1,bestCI,1,1,1.0,strength,oracle,4,POLYCT alone,factual,66,0.0,1.8117310274120523e-05,-1.6485621001414017e-05
legacy_reused_holdout,1,bestCI,1,1,1.0,strength,oracle,4,MONOCT std alone,counterfactual,73,0.0,1.7489749677954326e-05,-1.6380078777374285e-05
legacy_reused_holdout,1,bestCI,1,1,1.0,strength,oracle,4,POLYCT alone,counterfactual,132,0.0,1.982435293962527e-05,-1.2692812596136175e-05
legacy_reused_holdout,1,bestCI,1,1,1.0,strength,oracle,all,ET alone,factual,435,0.0,1.0706249637578852e-05,-1.048193691365852e-05
legacy_reused_holdout,1,bestCI,1,1,1.0,strength,oracle,all,ET+ANTI-CDK wo CT,factual,1813,0.0,7.613545478431795e-06,-7.588433649935533e-06
legacy_reused_holdout,1,bestCI,1,1,1.0,strength,oracle,all,MONOCT std alone,factual,784,0.0,1.5936132714265157e-05,-1.491347091755797e-05
legacy_reused_holdout,1,bestCI,1,1,1.0,strength,oracle,all,POLYCT alone,factual,414,0.0,1.4116327832484595e-05,-1.3471979245714312e-05
legacy_reused_holdout,1,bestCI,1,1,1.0,strength,oracle,all,ET alone,counterfactual,2820,0.0,1.0348647610489405e-05,-9.720018784207268e-06
legacy_reused_holdout,1,bestCI,1,1,1.0,strength,oracle,all,ET+ANTI-CDK wo CT,counterfactual,1442,0.0,1.2569876679159947e-05,-1.147909937655924e-05
legacy_reused_holdout,1,bestCI,1,1,1.0,strength,oracle,all,MONOCT std alone,counterfactual,2669,0.0,1.0767812965464474e-05,-1.0659587221967208e-05
legacy_reused_holdout,1,bestCI,1,1,1.0,strength,oracle,all,POLYCT alone,counterfactual,3039,0.0,1.0864202036801271e-05,-1.0086013520745844e-05
legacy_reused_holdout,1,bestCI,1,1,1.0,strength,naive_km,1,ET alone,factual,282,0.1417483732110267,2.328775765535487,0.5039354493357837
legacy_reused_holdout,1,bestCI,1,1,1.0,strength,naive_km,1,ET+ANTI-CDK wo CT,factual,1405,0.0983949348221078,1.441194774337112,0.2092369211858818
legacy_reused_holdout,1,bestCI,1,1,1.0,strength,naive_km,1,MONOCT std alone,factual,141,0.1180908844298402,2.0629799050539672,-0.1371956836049179
legacy_reused_holdout,1,bestCI,1,1,1.0,strength,naive_km,1,POLYCT alone,factual,149,0.1232017750856527,2.03942337335591,0.1587733780087662
legacy_reused_holdout,1,bestCI,1,1,1.0,strength,naive_km,1,ET alone,counterfactual,1695,0.1391785949931778,2.3660201050251137,-0.4651790147564023
legacy_reused_holdout,1,bestCI,1,1,1.0,strength,naive_km,1,ET+ANTI-CDK wo CT,counterfactual,572,0.2000927998289654,3.1579277581108776,2.7798685689889133
legacy_reused_holdout,1,bestCI,1,1,1.0,strength,naive_km,1,MONOCT std alone,counterfactual,1836,0.1581965231300337,3.020395515386411,-2.666833625732805
legacy_reused_holdout,1,bestCI,1,1,1.0,strength,naive_km,1,POLYCT alone,counterfactual,1828,0.1375089835358263,2.40051418613058,-0.9836646046591756
legacy_reused_holdout,1,bestCI,1,1,1.0,strength,naive_km,2,ET alone,factual,124,0.1464023389833179,1.8590047798336429,0.0462850819561701
legacy_reused_holdout,1,bestCI,1,1,1.0,strength,naive_km,2,ET+ANTI-CDK wo CT,factual,360,0.1309353468987446,1.4388441477621123,0.8223136557602027
legacy_reused_holdout,1,bestCI,1,1,1.0,strength,naive_km,2,MONOCT std alone,factual,263,0.1385842004297994,1.8226657997726856,0.2207879638521166
legacy_reused_holdout,1,bestCI,1,1,1.0,strength,naive_km,2,POLYCT alone,factual,93,0.1436478213899928,1.883212611059783,-0.1138235588506973
legacy_reused_holdout,1,bestCI,1,1,1.0,strength,naive_km,2,ET alone,counterfactual,716,0.1903557429786499,2.458681739893074,0.6011351100334945
legacy_reused_holdout,1,bestCI,1,1,1.0,strength,naive_km,2,ET+ANTI-CDK wo CT,counterfactual,480,0.2969934441459691,3.775897024813689,3.7073046208128
legacy_reused_holdout,1,bestCI,1,1,1.0,strength,naive_km,2,MONOCT std alone,counterfactual,577,0.1694066807836032,2.3485673500774005,-1.752373126781695
legacy_reused_holdout,1,bestCI,1,1,1.0,strength,naive_km,2,POLYCT alone,counterfactual,747,0.1689733528094561,2.219978331541178,-0.4058195495743427
legacy_reused_holdout,1,bestCI,1,1,1.0,strength,naive_km,3,ET alone,factual,29,0.1196796104028692,1.0252596898651,-0.4620455860636906
legacy_reused_holdout,1,bestCI,1,1,1.0,strength,naive_km,3,ET+ANTI-CDK wo CT,factual,48,0.0798358348284852,0.6019203137664496,-0.0718492409791066
legacy_reused_holdout,1,bestCI,1,1,1.0,strength,naive_km,3,MONOCT std alone,factual,255,0.1318374471959919,1.0834167705778373,0.2927948897715613
legacy_reused_holdout,1,bestCI,1,1,1.0,strength,naive_km,3,POLYCT alone,factual,106,0.1449480173800109,1.155533233413765,0.1654933170148868
legacy_reused_holdout,1,bestCI,1,1,1.0,strength,naive_km,3,ET alone,counterfactual,409,0.1873056943036187,1.4852798421448212,0.8586915062376632
legacy_reused_holdout,1,bestCI,1,1,1.0,strength,naive_km,3,ET+ANTI-CDK wo CT,counterfactual,390,0.2328836325724772,1.8272916937023052,1.7436271175539466
legacy_reused_holdout,1,bestCI,1,1,1.0,strength,naive_km,3,MONOCT std alone,counterfactual,183,0.1417620384435914,1.1992823965765036,-0.1370810591663547
legacy_reused_holdout,1,bestCI,1,1,1.0,strength,naive_km,3,POLYCT alone,counterfactual,332,0.1608175291422554,1.3569143872412786,0.2191258991251465
legacy_reused_holdout,1,bestCI,1,1,1.0,strength,naive_km,4,MONOCT std alone,factual,125,0.17071187974754,1.4712843561960811,0.1680103998173031
legacy_reused_holdout,1,bestCI,1,1,1.0,strength,naive_km,4,POLYCT alone,factual,66,0.154760783421353,1.331570869006228,0.0876717519438373
legacy_reused_holdout,1,bestCI,1,1,1.0,strength,naive_km,4,MONOCT std alone,counterfactual,73,0.1556633329630148,1.387494472679514,0.2684456214927875
legacy_reused_holdout,1,bestCI,1,1,1.0,strength,naive_km,4,POLYCT alone,counterfactual,132,0.1940154943265586,1.5749986397580535,0.3624565170144802
legacy_reused_holdout,1,bestCI,1,1,1.0,strength,naive_km,all,ET alone,factual,435,0.1417400777747375,2.1079629645665903,0.3090800571940438
legacy_reused_holdout,1,bestCI,1,1,1.0,strength,naive_km,all,ET+ANTI-CDK wo CT,factual,1813,0.1052415607701739,1.418507846772638,0.3235311785840263
legacy_reused_holdout,1,bestCI,1,1,1.0,strength,naive_km,all,MONOCT std alone,factual,784,0.1387461116118244,1.5694172104268935,0.17141153057873
legacy_reused_holdout,1,bestCI,1,1,1.0,strength,naive_km,all,POLYCT alone,factual,414,0.1389093251970105,1.6651764626928995,0.087923356478412
legacy_reused_holdout,1,bestCI,1,1,1.0,strength,naive_km,all,ET alone,counterfactual,2820,0.1610326891045281,2.2618083897937025,-0.0024329309137998
legacy_reused_holdout,1,bestCI,1,1,1.0,strength,naive_km,all,ET+ANTI-CDK wo CT,counterfactual,1442,0.2447666598173055,3.003751047221839,2.808325669415979
legacy_reused_holdout,1,bestCI,1,1,1.0,strength,naive_km,all,MONOCT std alone,counterfactual,2669,0.1595629357818069,2.705629562504015,-2.2154046963120786
legacy_reused_holdout,1,bestCI,1,1,1.0,strength,naive_km,all,POLYCT alone,counterfactual,3039,0.151170166900829,2.2062715179072483,-0.651757828921865
legacy_reused_holdout,1,bestCI,2,2,1.0,strength,dynasurv,1,ET alone,factual,314,0.1154635877611916,1.896295475828555,1.562289229713539
legacy_reused_holdout,1,bestCI,2,2,1.0,strength,dynasurv,1,ET+ANTI-CDK wo CT,factual,1369,0.0831567675280455,1.2867846936845824,1.1767432707621803
legacy_reused_holdout,1,bestCI,2,2,1.0,strength,dynasurv,1,MONOCT std alone,factual,140,0.0991676969357314,1.638773127650837,-0.4208191812888424
legacy_reused_holdout,1,bestCI,2,2,1.0,strength,dynasurv,1,POLYCT alone,factual,154,0.1456874515768186,2.2056526216885795,-1.5432431694417106
legacy_reused_holdout,1,bestCI,2,2,1.0,strength,dynasurv,1,ET alone,counterfactual,1663,0.0913330377347802,1.3664030991214449,0.8897766709291913
legacy_reused_holdout,1,bestCI,2,2,1.0,strength,dynasurv,1,ET+ANTI-CDK wo CT,counterfactual,608,0.1515719802634423,2.5518103431192865,2.483396249334767
legacy_reused_holdout,1,bestCI,2,2,1.0,strength,dynasurv,1,MONOCT std alone,counterfactual,1837,0.11841957260896,2.002012779947264,-1.5757284290172189
legacy_reused_holdout,1,bestCI,2,2,1.0,strength,dynasurv,1,POLYCT alone,counterfactual,1823,0.1898043228423501,3.239673632278194,-3.074884034597296
legacy_reused_holdout,1,bestCI,2,2,1.0,strength,dynasurv,2,ET alone,factual,114,0.1102149925578455,1.3167489037681317,0.5180041311214393
legacy_reused_holdout,1,bestCI,2,2,1.0,strength,dynasurv,2,ET+ANTI-CDK wo CT,factual,361,0.0957399122367692,1.0553470096550357,0.9012745782652948
legacy_reused_holdout,1,bestCI,2,2,1.0,strength,dynasurv,2,MONOCT std alone,factual,291,0.1052032160157114,1.343573356403918,-0.0161417520445769
legacy_reused_holdout,1,bestCI,2,2,1.0,strength,dynasurv,2,POLYCT alone,factual,74,0.1158847112367847,1.4826732003059029,-0.2367449083768902
legacy_reused_holdout,1,bestCI,2,2,1.0,strength,dynasurv,2,ET alone,counterfactual,726,0.1336652233246278,1.5691262318710386,1.0184340610052207
legacy_reused_holdout,1,bestCI,2,2,1.0,strength,dynasurv,2,ET+ANTI-CDK wo CT,counterfactual,479,0.2142331330732936,2.805563816971594,2.724355096886089
legacy_reused_holdout,1,bestCI,2,2,1.0,strength,dynasurv,2,MONOCT std alone,counterfactual,549,0.1075763778291096,1.387944904176659,-0.7019457241547611
legacy_reused_holdout,1,bestCI,2,2,1.0,strength,dynasurv,2,POLYCT alone,counterfactual,766,0.1291897619913391,1.6695922899165787,-1.0725563305350807
legacy_reused_holdout,1,bestCI,2,2,1.0,strength,dynasurv,3,ET alone,factual,24,0.0869841595419019,0.6500111730819614,-0.4796002695816685
legacy_reused_holdout,1,bestCI,2,2,1.0,strength,dynasurv,3,ET+ANTI-CDK wo CT,factual,53,0.043289281192025,0.3414331094319275,-0.193481289580198
legacy_reused_holdout,1,bestCI,2,2,1.0,strength,dynasurv,3,MONOCT std alone,factual,258,0.1153199312716954,0.983300040321704,-0.5591079244770206
legacy_reused_holdout,1,bestCI,2,2,1.0,strength,dynasurv,3,POLYCT alone,factual,103,0.1161179787779555,0.990344478142838,-0.6463055366779645
legacy_reused_holdout,1,bestCI,2,2,1.0,strength,dynasurv,3,ET alone,counterfactual,414,0.121348511043862,0.9726697038990668,0.2286220616885435
legacy_reused_holdout,1,bestCI,2,2,1.0,strength,dynasurv,3,ET+ANTI-CDK wo CT,counterfactual,385,0.1424648952845345,1.0958038237964114,0.8362339659652125
legacy_reused_holdout,1,bestCI,2,2,1.0,strength,dynasurv,3,MONOCT std alone,counterfactual,180,0.1204882327600042,1.093527467570265,-0.6400228942382707
legacy_reused_holdout,1,bestCI,2,2,1.0,strength,dynasurv,3,POLYCT alone,counterfactual,335,0.1350861726791019,1.2105441310916074,-0.808098740581813
legacy_reused_holdout,1,bestCI,2,2,1.0,strength,dynasurv,4,ET alone,factual,5,0.0938138442747153,0.862501323616495,-0.862501323616495
legacy_reused_holdout,1,bestCI,2,2,1.0,strength,dynasurv,4,MONOCT std alone,factual,111,0.1429743425255361,1.2335855960765096,-1.0400877216027824
legacy_reused_holdout,1,bestCI,2,2,1.0,strength,dynasurv,4,POLYCT alone,factual,75,0.151373803429987,1.378276609281044,-1.0445635294457198
legacy_reused_holdout,1,bestCI,2,2,1.0,strength,dynasurv,4,ET alone,counterfactual,193,0.1372667208374011,1.1150680732272962,-0.1361218664802652
legacy_reused_holdout,1,bestCI,2,2,1.0,strength,dynasurv,4,MONOCT std alone,counterfactual,87,0.1355705233738616,1.1973204173357666,-0.6997314438147072
legacy_reused_holdout,1,bestCI,2,2,1.0,strength,dynasurv,4,POLYCT alone,counterfactual,123,0.1720595333265104,1.5529941231141544,-1.2873457413633496
legacy_reused_holdout,1,bestCI,2,2,1.0,strength,dynasurv,all,ET alone,factual,457,0.1126232863661194,1.6749648341614505,1.1680270809405968
legacy_reused_holdout,1,bestCI,2,2,1.0,strength,dynasurv,all,ET+ANTI-CDK wo CT,factual,1783,0.0849763052599056,1.2118252781489365,1.0802395693098408
legacy_reused_holdout,1,bestCI,2,2,1.0,strength,dynasurv,all,MONOCT std alone,factual,800,0.1134547471717916,1.263784370190187,-0.4041393960479874
legacy_reused_holdout,1,bestCI,2,2,1.0,strength,dynasurv,all,POLYCT alone,factual,406,0.1347295306862888,1.6127205603632233,-0.9854441041876172
legacy_reused_holdout,1,bestCI,2,2,1.0,strength,dynasurv,all,ET alone,counterfactual,2996,0.1104913222644337,1.3449290366236375,0.7635045879016693
legacy_reused_holdout,1,bestCI,2,2,1.0,strength,dynasurv,all,ET+ANTI-CDK wo CT,counterfactual,1472,0.1724314443432742,2.253566731730664,2.130992586888982
legacy_reused_holdout,1,bestCI,2,2,1.0,strength,dynasurv,all,MONOCT std alone,counterfactual,2653,0.1170148696965749,1.7869133243976516,-1.3026996167509848
legacy_reused_holdout,1,bestCI,2,2,1.0,strength,dynasurv,all,POLYCT alone,counterfactual,3047,0.1701501060212492,2.5537851285782662,-2.250130734671264
legacy_reused_holdout,1,bestCI,2,2,1.0,strength,oracle,1,ET alone,factual,314,0.0,8.847683887845937e-06,-8.541007352836937e-06
legacy_reused_holdout,1,bestCI,2,2,1.0,strength,oracle,1,ET+ANTI-CDK wo CT,factual,1369,0.0,6.651109205864259e-06,-6.651109205864259e-06
legacy_reused_holdout,1,bestCI,2,2,1.0,strength,oracle,1,MONOCT std alone,factual,140,0.0,1.0427422163531272e-05,-1.037211910846888e-05
legacy_reused_holdout,1,bestCI,2,2,1.0,strength,oracle,1,POLYCT alone,factual,154,0.0,9.27757299823201e-06,-9.038265640751994e-06
legacy_reused_holdout,1,bestCI,2,2,1.0,strength,oracle,1,ET alone,counterfactual,1663,0.0,7.792969716663872e-06,-7.602539662822767e-06
legacy_reused_holdout,1,bestCI,2,2,1.0,strength,oracle,1,ET+ANTI-CDK wo CT,counterfactual,608,0.0,8.897613133294536e-06,-8.552638120031352e-06
legacy_reused_holdout,1,bestCI,2,2,1.0,strength,oracle,1,MONOCT std alone,counterfactual,1837,0.0,8.708204040170912e-06,-8.68471797355252e-06
legacy_reused_holdout,1,bestCI,2,2,1.0,strength,oracle,1,POLYCT alone,counterfactual,1823,0.0,8.043617389343006e-06,-7.877005297673722e-06
legacy_reused_holdout,1,bestCI,2,2,1.0,strength,oracle,2,ET alone,factual,114,0.0,1.371529314057995e-05,-1.3249451174844826e-05
legacy_reused_holdout,1,bestCI,2,2,1.0,strength,oracle,2,ET+ANTI-CDK wo CT,factual,361,0.0,1.125011847755745e-05,-1.1206349714706394e-05
legacy_reused_holdout,1,bestCI,2,2,1.0,strength,oracle,2,MONOCT std alone,factual,291,0.0,1.503370684282417e-05,-1.4185568353411e-05
legacy_reused_holdout,1,bestCI,2,2,1.0,strength,oracle,2,POLYCT alone,factual,74,0.0,1.5091890794795397e-05,-1.3281160323106264e-05
legacy_reused_holdout,1,bestCI,2,2,1.0,strength,oracle,2,ET alone,counterfactual,726,0.0,1.3243959768778016e-05,-1.196552157139511e-05
legacy_reused_holdout,1,bestCI,2,2,1.0,strength,oracle,2,ET+ANTI-CDK wo CT,counterfactual,479,0.0,1.3892472003942118e-05,-1.1896309682674994e-05
legacy_reused_holdout,1,bestCI,2,2,1.0,strength,oracle,2,MONOCT std alone,counterfactual,549,0.0,1.449005474513675e-05,-1.4333187047204836e-05
legacy_reused_holdout,1,bestCI,2,2,1.0,strength,oracle,2,POLYCT alone,counterfactual,766,0.0,1.3901813403504346e-05,-1.2888424901501847e-05
legacy_reused_holdout,1,bestCI,2,2,1.0,strength,oracle,3,ET alone,factual,24,0.0,1.4931042104926462e-05,-1.4931042104926462e-05
legacy_reused_holdout,1,bestCI,2,2,1.0,strength,oracle,3,ET+ANTI-CDK wo CT,factual,53,0.0,9.315663942583609e-06,-9.315663942583609e-06
legacy_reused_holdout,1,bestCI,2,2,1.0,strength,oracle,3,MONOCT std alone,factual,258,0.0,1.867753340187144e-05,-1.825034022017763e-05
legacy_reused_holdout,1,bestCI,2,2,1.0,strength,oracle,3,POLYCT alone,factual,103,0.0,1.735889176438963e-05,-1.6714649648458743e-05
legacy_reused_holdout,1,bestCI,2,2,1.0,strength,oracle,3,ET alone,counterfactual,414,0.0,1.6576768310055705e-05,-1.4750764355860445e-05
legacy_reused_holdout,1,bestCI,2,2,1.0,strength,oracle,3,ET+ANTI-CDK wo CT,counterfactual,385,0.0,1.662734014592392e-05,-1.5183789485244278e-05
legacy_reused_holdout,1,bestCI,2,2,1.0,strength,oracle,3,MONOCT std alone,counterfactual,180,0.0,1.718386786540016e-05,-1.644771086948518e-05
legacy_reused_holdout,1,bestCI,2,2,1.0,strength,oracle,3,POLYCT alone,counterfactual,335,0.0,1.6839900853050037e-05,-1.5558301011832965e-05
legacy_reused_holdout,1,bestCI,2,2,1.0,strength,oracle,4,ET alone,factual,5,0.0,1.1897222646872762e-05,-1.1897222646872762e-05
legacy_reused_holdout,1,bestCI,2,2,1.0,strength,oracle,4,MONOCT std alone,factual,111,0.0,1.8367497657045817e-05,-1.735449733971091e-05
legacy_reused_holdout,1,bestCI,2,2,1.0,strength,oracle,4,POLYCT alone,factual,75,0.0,1.78269732268177e-05,-1.4031928824872844e-05
legacy_reused_holdout,1,bestCI,2,2,1.0,strength,oracle,4,ET alone,counterfactual,193,0.0,1.757990598580984e-05,-1.3246117742066102e-05
legacy_reused_holdout,1,bestCI,2,2,1.0,strength,oracle,4,MONOCT std alone,counterfactual,87,0.0,1.7872561198143387e-05,-1.457826671599484e-05
legacy_reused_holdout,1,bestCI,2,2,1.0,strength,oracle,4,POLYCT alone,counterfactual,123,0.0,1.863761302513132e-05,-1.4531630691823167e-05
legacy_reused_holdout,1,bestCI,2,2,1.0,strength,oracle,all,ET alone,factual,457,0.0,1.0414764294447128e-05,-1.0087844346773976e-05
legacy_reused_holdout,1,bestCI,2,2,1.0,strength,oracle,all,ET+ANTI-CDK wo CT,factual,1783,0.0,7.661464645083197e-06,-7.652602882105502e-06
legacy_reused_holdout,1,bestCI,2,2,1.0,strength,oracle,all,MONOCT std alone,factual,800,0.0,1.586530456471391e-05,-1.526879255942748e-05
legacy_reused_holdout,1,bestCI,2,2,1.0,strength,oracle,all,POLYCT alone,factual,406,0.0,1.3966834985926226e-05,-1.2681532877444296e-05
legacy_reused_holdout,1,bestCI,2,2,1.0,strength,oracle,all,ET alone,counterfactual,2996,0.0,1.0958119948788124e-05,-1.0011117919777066e-05
legacy_reused_holdout,1,bestCI,2,2,1.0,strength,oracle,all,ET+ANTI-CDK wo CT,counterfactual,1472,0.0,1.2544679912440258e-05,-1.1375064719293091e-05
legacy_reused_holdout,1,bestCI,2,2,1.0,strength,oracle,all,MONOCT std alone,counterfactual,2653,0.0,1.078025628227838e-05,-1.0573555886592656e-05
legacy_reused_holdout,1,bestCI,2,2,1.0,strength,oracle,all,POLYCT alone,counterfactual,3047,0.0,1.0911091813495093e-05,-1.0249995256405613e-05
legacy_reused_holdout,1,bestCI,2,2,1.0,strength,naive_km,1,ET alone,factual,314,0.1550823993785031,2.41048239553511,0.9054000230664158
legacy_reused_holdout,1,bestCI,2,2,1.0,strength,naive_km,1,ET+ANTI-CDK wo CT,factual,1369,0.095481060372214,1.4518247631876091,0.2139504123446979
legacy_reused_holdout,1,bestCI,2,2,1.0,strength,naive_km,1,MONOCT std alone,factual,140,0.1182166203770162,2.108939062281543,-0.7821676725875485
legacy_reused_holdout,1,bestCI,2,2,1.0,strength,naive_km,1,POLYCT alone,factual,154,0.1340096845336397,2.0906287962036982,0.2293330803575483
legacy_reused_holdout,1,bestCI,2,2,1.0,strength,naive_km,1,ET alone,counterfactual,1663,0.1338292194423724,2.2392971394061605,-0.2781254632167921
legacy_reused_holdout,1,bestCI,2,2,1.0,strength,naive_km,1,ET+ANTI-CDK wo CT,counterfactual,608,0.1980580730435412,3.03405178986715,2.6651712559943137
legacy_reused_holdout,1,bestCI,2,2,1.0,strength,naive_km,1,MONOCT std alone,counterfactual,1837,0.1667261833107027,3.1961607461550576,-2.8762330962086295
legacy_reused_holdout,1,bestCI,2,2,1.0,strength,naive_km,1,POLYCT alone,counterfactual,1823,0.1337394250781743,2.3168083850735206,-0.8825272969223794
legacy_reused_holdout,1,bestCI,2,2,1.0,strength,naive_km,2,ET alone,factual,114,0.1636314847719119,2.065974317159011,0.5856757607688525
legacy_reused_holdout,1,bestCI,2,2,1.0,strength,naive_km,2,ET+ANTI-CDK wo CT,factual,361,0.1206975789520878,1.2834759677283862,0.5841929053380326
legacy_reused_holdout,1,bestCI,2,2,1.0,strength,naive_km,2,MONOCT std alone,factual,291,0.1420852064166394,1.7709452882153207,0.6103470955668203
legacy_reused_holdout,1,bestCI,2,2,1.0,strength,naive_km,2,POLYCT alone,factual,74,0.1656745974768826,2.0396612635707116,-0.0206633980226522
legacy_reused_holdout,1,bestCI,2,2,1.0,strength,naive_km,2,ET alone,counterfactual,726,0.1907474670811834,2.382452756603258,0.8478912622557992
legacy_reused_holdout,1,bestCI,2,2,1.0,strength,naive_km,2,ET+ANTI-CDK wo CT,counterfactual,479,0.295124044890644,3.820331123896199,3.7200732020843024
legacy_reused_holdout,1,bestCI,2,2,1.0,strength,naive_km,2,MONOCT std alone,counterfactual,549,0.1539896847214926,2.142865835221461,-1.384263531240831
legacy_reused_holdout,1,bestCI,2,2,1.0,strength,naive_km,2,POLYCT alone,counterfactual,766,0.1727148572974264,2.2192045258368265,-0.482964888855418
legacy_reused_holdout,1,bestCI,2,2,1.0,strength,naive_km,3,ET alone,factual,24,0.0844169070017101,0.655253066181149,0.2052633408880992
legacy_reused_holdout,1,bestCI,2,2,1.0,strength,naive_km,3,ET+ANTI-CDK wo CT,factual,53,0.0752805158826921,0.677028474516706,-0.2551545409593254
legacy_reused_holdout,1,bestCI,2,2,1.0,strength,naive_km,3,MONOCT std alone,factual,258,0.1464121774851713,1.247008185203379,0.3947048895608454
legacy_reused_holdout,1,bestCI,2,2,1.0,strength,naive_km,3,POLYCT alone,factual,103,0.1490635696036084,1.2930567547518657,-0.1511023184082336
legacy_reused_holdout,1,bestCI,2,2,1.0,strength,naive_km,3,ET alone,counterfactual,414,0.2334854810818565,1.8490202330319672,1.6017236793052665
legacy_reused_holdout,1,bestCI,2,2,1.0,strength,naive_km,3,ET+ANTI-CDK wo CT,counterfactual,385,0.2363046873510131,1.805156995957631,1.6416899014327275
legacy_reused_holdout,1,bestCI,2,2,1.0,strength,naive_km,3,MONOCT std alone,counterfactual,180,0.1490221704119305,1.2830362593045863,-0.2578348246009022
legacy_reused_holdout,1,bestCI,2,2,1.0,strength,naive_km,3,POLYCT alone,counterfactual,335,0.1692002733848015,1.4703693226577972,0.0868843212326396
legacy_reused_holdout,1,bestCI,2,2,1.0,strength,naive_km,4,ET alone,factual,5,0.1654326356267033,1.4629266174067568,-0.0058798738339902
legacy_reused_holdout,1,bestCI,2,2,1.0,strength,naive_km,4,MONOCT std alone,factual,111,0.1425547035598332,1.1920461753328198,0.2376229850452054
legacy_reused_holdout,1,bestCI,2,2,1.0,strength,naive_km,4,POLYCT alone,factual,75,0.1781500639379125,1.5108875053897122,0.0794866576369386
legacy_reused_holdout,1,bestCI,2,2,1.0,strength,naive_km,4,ET alone,counterfactual,193,0.2250012361756092,1.840122575149983,1.377739331955592
legacy_reused_holdout,1,bestCI,2,2,1.0,strength,naive_km,4,MONOCT std alone,counterfactual,87,0.1747711606503589,1.4861338359863452,0.3756813799165525
legacy_reused_holdout,1,bestCI,2,2,1.0,strength,naive_km,4,POLYCT alone,counterfactual,123,0.1723199428928747,1.442559956922029,0.1325979662916302
legacy_reused_holdout,1,bestCI,2,2,1.0,strength,naive_km,all,ET alone,factual,457,0.1545241992959501,2.2219983611149523,0.778904955760718
legacy_reused_holdout,1,bestCI,2,2,1.0,strength,naive_km,all,ET+ANTI-CDK wo CT,factual,1783,0.1005872928412566,1.3947086002822042,0.2749683469748048
legacy_reused_holdout,1,bestCI,2,2,1.0,strength,naive_km,all,MONOCT std alone,factual,800,0.1397213292703638,1.5808022310431111,0.2453969293680048
legacy_reused_holdout,1,bestCI,2,2,1.0,strength,naive_km,all,POLYCT alone,factual,406,0.1526913245337736,1.7719043762642186,0.0595718311529766
legacy_reused_holdout,1,bestCI,2,2,1.0,strength,naive_km,all,ET alone,counterfactual,2996,0.1719092077952749,2.1943424157562053,0.3611694610707592
legacy_reused_holdout,1,bestCI,2,2,1.0,strength,naive_km,all,ET+ANTI-CDK wo CT,counterfactual,1472,0.2432071971879846,2.96849697012853,2.740753939873997
legacy_reused_holdout,1,bestCI,2,2,1.0,strength,naive_km,all,MONOCT std alone,counterfactual,2653,0.1632885620102246,2.792318433708654,-2.2831989690018437
legacy_reused_holdout,1,bestCI,2,2,1.0,strength,naive_km,all,POLYCT alone,counterfactual,3047,0.1501554985059115,2.163918920437089,-0.6345200425618455
