split,evaluation_protocol,eval_kind,seed,rep,level,axis,predictor,line,arm_a,arm_b,n,pehe,ate_true,ate_bias,sign_agree
legacy_reused_holdout,1,bestCI,0,0,0.0,gamma,dynasurv,1,ET alone,ET+ANTI-CDK wo CT,1977,0.8145456978201406,-0.4960400903338258,-0.3156464850789244,0.966110268082954
legacy_reused_holdout,1,bestCI,0,0,0.0,gamma,dynasurv,1,ET alone,MONOCT std alone,1977,0.914514740206458,-0.0619052999364192,-0.2643041557921116,0.8037430450177036
legacy_reused_holdout,1,bestCI,0,0,0.0,gamma,dynasurv,1,ET alone,POLYCT alone,1977,1.4169965097283828,-0.0642551360720191,-0.1340739997035469,0.7106727364693981
legacy_reused_holdout,1,bestCI,0,0,0.0,gamma,dynasurv,1,ET+ANTI-CDK wo CT,MONOCT std alone,1977,0.7726113924170673,0.4341347903974065,0.0513423590891352,0.8259989883662114
legacy_reused_holdout,1,bestCI,0,0,0.0,gamma,dynasurv,1,ET+ANTI-CDK wo CT,POLYCT alone,1977,1.2975101460562208,0.4317849542618066,0.1815724704742163,0.7723823975720789
legacy_reused_holdout,1,bestCI,0,0,0.0,gamma,dynasurv,1,MONOCT std alone,POLYCT alone,1977,1.3381889138184755,-0.0023498361355998,0.1302301411874034,0.6479514415781487
legacy_reused_holdout,1,bestCI,0,0,0.0,gamma,dynasurv,2,ET alone,ET+ANTI-CDK wo CT,840,0.9847296247369128,-0.313791536390043,-0.3508893021948568,0.6190476190476191
legacy_reused_holdout,1,bestCI,0,0,0.0,gamma,dynasurv,2,ET alone,MONOCT std alone,840,0.9485324167412372,0.0283128301289796,-0.1163054312256097,0.7011904761904761
legacy_reused_holdout,1,bestCI,0,0,0.0,gamma,dynasurv,2,ET alone,POLYCT alone,840,1.4236519025289516,-0.1718646581126685,0.0724532301379675,0.6880952380952381
legacy_reused_holdout,1,bestCI,0,0,0.0,gamma,dynasurv,2,ET+ANTI-CDK wo CT,MONOCT std alone,840,1.0613745103927728,0.3421043665190227,0.2345839231233112,0.7
legacy_reused_holdout,1,bestCI,0,0,0.0,gamma,dynasurv,2,ET+ANTI-CDK wo CT,POLYCT alone,840,1.5722958766174138,0.1419268782773745,0.4233425919374692,0.6
legacy_reused_holdout,1,bestCI,0,0,0.0,gamma,dynasurv,2,MONOCT std alone,POLYCT alone,840,1.4015791682296752,-0.2001774882416481,0.1887586595009321,0.6297619047619047
legacy_reused_holdout,1,bestCI,0,0,0.0,gamma,dynasurv,3,ET alone,ET+ANTI-CDK wo CT,438,0.7112538481164967,-0.2573641061065591,-0.4000126004936301,0.728310502283105
legacy_reused_holdout,1,bestCI,0,0,0.0,gamma,dynasurv,3,ET alone,MONOCT std alone,438,0.7724135891147879,0.0079524963729796,-0.4120074659221587,0.6666666666666666
legacy_reused_holdout,1,bestCI,0,0,0.0,gamma,dynasurv,3,ET alone,POLYCT alone,438,0.94432777832076,-0.0848357278356936,-0.4178551238526914,0.6757990867579908
legacy_reused_holdout,1,bestCI,0,0,0.0,gamma,dynasurv,3,ET+ANTI-CDK wo CT,MONOCT std alone,438,0.6463427132796811,0.2653166024795387,-0.0119948952308509,0.6917808219178082
legacy_reused_holdout,1,bestCI,0,0,0.0,gamma,dynasurv,3,ET+ANTI-CDK wo CT,POLYCT alone,438,0.9050567401304668,0.1725283782708654,-0.0178425084579,0.6438356164383562
legacy_reused_holdout,1,bestCI,0,0,0.0,gamma,dynasurv,3,MONOCT std alone,POLYCT alone,438,0.8748337502270312,-0.0927882242086732,-0.0058476281282102,0.6095890410958904
legacy_reused_holdout,1,bestCI,0,0,0.0,gamma,dynasurv,4,MONOCT std alone,POLYCT alone,198,0.8550877174203274,-0.1923094042953779,-0.0494124940219591,0.6414141414141414
legacy_reused_holdout,1,bestCI,0,0,0.0,gamma,dynasurv,all,ET alone,ET+ANTI-CDK wo CT,3255,0.849293049485188,-0.416891437060609,-0.3360939211776111,0.8445468509984639
legacy_reused_holdout,1,bestCI,0,0,0.0,gamma,dynasurv,all,ET alone,MONOCT std alone,3255,0.905779187994576,-0.0292229822594755,-0.2459862062018281,0.7588325652841782
legacy_reused_holdout,1,bestCI,0,0,0.0,gamma,dynasurv,all,ET alone,POLYCT alone,3255,1.3647599956999308,-0.0947947052599254,-0.1189628692983326,0.7001536098310291
legacy_reused_holdout,1,bestCI,0,0,0.0,gamma,dynasurv,all,ET+ANTI-CDK wo CT,MONOCT std alone,3255,0.8423103130580528,0.3876684548011336,0.0901076851734605,0.7754224270353303
legacy_reused_holdout,1,bestCI,0,0,0.0,gamma,dynasurv,all,ET+ANTI-CDK wo CT,POLYCT alone,3255,1.330684528070488,0.3220967318006836,0.2171310518792785,0.7105990783410139
legacy_reused_holdout,1,bestCI,0,0,0.0,gamma,dynasurv,all,MONOCT std alone,POLYCT alone,3453,1.281472281153702,-0.072839044430046,0.1169062596044826,0.6382855487981466
legacy_reused_holdout,1,bestCI,0,0,0.0,gamma,oracle,1,ET alone,ET+ANTI-CDK wo CT,1977,1.1020889215233702e-06,-0.4960400903338258,-5.636046483403767e-07,1.0
legacy_reused_holdout,1,bestCI,0,0,0.0,gamma,oracle,1,ET alone,MONOCT std alone,1977,1.9643741961297898e-06,-0.0619052999364192,9.720004003135885e-07,1.0
legacy_reused_holdout,1,bestCI,0,0,0.0,gamma,oracle,1,ET alone,POLYCT alone,1977,2.4462037389745552e-06,-0.0642551360720191,1.9010179787282144e-07,1.0
legacy_reused_holdout,1,bestCI,0,0,0.0,gamma,oracle,1,ET+ANTI-CDK wo CT,MONOCT std alone,1977,2.0739860469611837e-06,0.4341347903974065,1.5356050486192707e-06,1.0
legacy_reused_holdout,1,bestCI,0,0,0.0,gamma,oracle,1,ET+ANTI-CDK wo CT,POLYCT alone,1977,2.5640041624425887e-06,0.4317849542618066,7.537064461993204e-07,1.0
legacy_reused_holdout,1,bestCI,0,0,0.0,gamma,oracle,1,MONOCT std alone,POLYCT alone,1977,2.4390484589897496e-06,-0.0023498361355998,-7.818986024672216e-07,1.0
legacy_reused_holdout,1,bestCI,0,0,0.0,gamma,oracle,2,ET alone,ET+ANTI-CDK wo CT,840,3.2101767047642803e-06,-0.313791536390043,-4.14677957083498e-07,1.0
legacy_reused_holdout,1,bestCI,0,0,0.0,gamma,oracle,2,ET alone,MONOCT std alone,840,4.010321586800079e-06,0.0283128301289796,2.1145832744332016e-06,1.0
legacy_reused_holdout,1,bestCI,0,0,0.0,gamma,oracle,2,ET alone,POLYCT alone,840,4.275265203848937e-06,-0.1718646581126685,7.302759657268343e-07,1.0
legacy_reused_holdout,1,bestCI,0,0,0.0,gamma,oracle,2,ET+ANTI-CDK wo CT,MONOCT std alone,840,4.457457350688398e-06,0.3421043665190227,2.5292612314542495e-06,1.0
legacy_reused_holdout,1,bestCI,0,0,0.0,gamma,oracle,2,ET+ANTI-CDK wo CT,POLYCT alone,840,5.057898680456403e-06,0.1419268782773745,1.1449539228103325e-06,1.0
legacy_reused_holdout,1,bestCI,0,0,0.0,gamma,oracle,2,MONOCT std alone,POLYCT alone,840,4.958143794920736e-06,-0.2001774882416481,-1.384307308727184e-06,1.0
legacy_reused_holdout,1,bestCI,0,0,0.0,gamma,oracle,3,ET alone,ET+ANTI-CDK wo CT,438,4.391725761092541e-06,-0.2573641061065591,-6.104133743467521e-07,1.0
legacy_reused_holdout,1,bestCI,0,0,0.0,gamma,oracle,3,ET alone,MONOCT std alone,438,5.1816124703632765e-06,0.0079524963729796,2.3174776028842686e-06,1.0
legacy_reused_holdout,1,bestCI,0,0,0.0,gamma,oracle,3,ET alone,POLYCT alone,438,6.843530276238073e-06,-0.0848357278356936,3.5392086586427673e-07,1.0
legacy_reused_holdout,1,bestCI,0,0,0.0,gamma,oracle,3,ET+ANTI-CDK wo CT,MONOCT std alone,438,6.04491912494275e-06,0.2653166024795387,2.9278909772778583e-06,1.0
legacy_reused_holdout,1,bestCI,0,0,0.0,gamma,oracle,3,ET+ANTI-CDK wo CT,POLYCT alone,438,7.096072880320785e-06,0.1725283782708654,9.6433424026654e-07,1.0
legacy_reused_holdout,1,bestCI,0,0,0.0,gamma,oracle,3,MONOCT std alone,POLYCT alone,438,8.17713250417748e-06,-0.0927882242086732,-1.963556737025196e-06,1.0
legacy_reused_holdout,1,bestCI,0,0,0.0,gamma,oracle,4,MONOCT std alone,POLYCT alone,198,8.011145349205658e-06,-0.1923094042953779,-1.8085766897990576e-06,1.0
legacy_reused_holdout,1,bestCI,0,0,0.0,gamma,oracle,all,ET alone,ET+ANTI-CDK wo CT,3255,2.447951518433812e-06,-0.416891437060609,-5.314706395531665e-07,1.0
legacy_reused_holdout,1,bestCI,0,0,0.0,gamma,oracle,all,ET alone,MONOCT std alone,3255,3.179143829396938e-06,-0.0292229822594755,1.4479108854104084e-06,1.0
legacy_reused_holdout,1,bestCI,0,0,0.0,gamma,oracle,all,ET alone,POLYCT alone,3255,3.827978347474289e-06,-0.0947947052599254,3.51545439272738e-07,1.0
legacy_reused_holdout,1,bestCI,0,0,0.0,gamma,oracle,all,ET+ANTI-CDK wo CT,MONOCT std alone,3255,3.557678361641021e-06,0.3876684548011336,1.9793815249080637e-06,1.0
legacy_reused_holdout,1,bestCI,0,0,0.0,gamma,oracle,all,ET+ANTI-CDK wo CT,POLYCT alone,3255,4.16780714754975e-06,0.3220967318006836,8.830160788675379e-07,1.0
legacy_reused_holdout,1,bestCI,0,0,0.0,gamma,oracle,all,MONOCT std alone,POLYCT alone,3453,4.6419868447098245e-06,-0.072839044430046,-1.1372046660323989e-06,1.0
legacy_reused_holdout,1,bestCI,0,0,0.0,gamma,naive_km,1,ET alone,ET+ANTI-CDK wo CT,1977,0.6421983694223572,-0.4960400903338258,0.5810309142106587,0.0
legacy_reused_holdout,1,bestCI,0,0,0.0,gamma,naive_km,1,ET alone,MONOCT std alone,1977,1.0373771022423537,-0.0619052999364192,-0.0550913104024929,0.3282751643904906
legacy_reused_holdout,1,bestCI,0,0,0.0,gamma,naive_km,1,ET alone,POLYCT alone,1977,1.6485489963745945,-0.0642551360720191,0.3068952629401473,0.5609509357612544
legacy_reused_holdout,1,bestCI,0,0,0.0,gamma,naive_km,1,ET+ANTI-CDK wo CT,MONOCT std alone,1977,1.064566072623505,0.4341347903974065,-0.6361222246131516,0.2028325746079919
legacy_reused_holdout,1,bestCI,0,0,0.0,gamma,naive_km,1,ET+ANTI-CDK wo CT,POLYCT alone,1977,1.59779525939236,0.4317849542618066,-0.2741356512705113,0.6944865958523014
legacy_reused_holdout,1,bestCI,0,0,0.0,gamma,naive_km,1,MONOCT std alone,POLYCT alone,1977,1.5986324971814745,-0.0023498361355998,0.3619865733426402,0.3980778958017197
legacy_reused_holdout,1,bestCI,0,0,0.0,gamma,naive_km,2,ET alone,ET+ANTI-CDK wo CT,840,0.8222584544753242,-0.313791536390043,-0.0256796196033294,0.6154761904761905
legacy_reused_holdout,1,bestCI,0,0,0.0,gamma,naive_km,2,ET alone,MONOCT std alone,840,0.98843828051068,0.0283128301289796,0.2070145657827573,0.5869047619047619
legacy_reused_holdout,1,bestCI,0,0,0.0,gamma,naive_km,2,ET alone,POLYCT alone,840,1.5684893721390232,-0.1718646581126685,0.3619881706814983,0.5083333333333333
legacy_reused_holdout,1,bestCI,0,0,0.0,gamma,naive_km,2,ET+ANTI-CDK wo CT,MONOCT std alone,840,1.0759317709947231,0.3421043665190227,0.2326941853860868,0.7130952380952381
legacy_reused_holdout,1,bestCI,0,0,0.0,gamma,naive_km,2,ET+ANTI-CDK wo CT,POLYCT alone,840,1.678339742477058,0.1419268782773745,0.3876677902848279,0.5666666666666667
legacy_reused_holdout,1,bestCI,0,0,0.0,gamma,naive_km,2,MONOCT std alone,POLYCT alone,840,1.4982355700248529,-0.2001774882416481,0.1549736048987409,0.6214285714285714
legacy_reused_holdout,1,bestCI,0,0,0.0,gamma,naive_km,3,ET alone,ET+ANTI-CDK wo CT,438,0.9791429487280444,-0.2573641061065591,-0.8456969597247623,0.728310502283105
legacy_reused_holdout,1,bestCI,0,0,0.0,gamma,naive_km,3,ET alone,MONOCT std alone,438,0.8663799913709287,0.0079524963729796,-0.6615295954118673,0.4246575342465753
legacy_reused_holdout,1,bestCI,0,0,0.0,gamma,naive_km,3,ET alone,POLYCT alone,438,1.0834556563981883,-0.0848357278356936,-0.5896413163872051,0.5251141552511416
legacy_reused_holdout,1,bestCI,0,0,0.0,gamma,naive_km,3,ET+ANTI-CDK wo CT,MONOCT std alone,438,0.6107386933126253,0.2653166024795387,0.1841673643128948,0.8013698630136986
legacy_reused_holdout,1,bestCI,0,0,0.0,gamma,naive_km,3,ET+ANTI-CDK wo CT,POLYCT alone,438,0.980482108557145,0.1725283782708654,0.2560556433375569,0.589041095890411
legacy_reused_holdout,1,bestCI,0,0,0.0,gamma,naive_km,3,MONOCT std alone,POLYCT alone,438,0.917024471552622,-0.0927882242086732,0.0718882790246622,0.6095890410958904
legacy_reused_holdout,1,bestCI,0,0,0.0,gamma,naive_km,4,MONOCT std alone,POLYCT alone,198,0.966607857615782,-0.1923094042953779,0.3755174056105752,0.3939393939393939
legacy_reused_holdout,1,bestCI,0,0,0.0,gamma,naive_km,all,ET alone,ET+ANTI-CDK wo CT,3255,0.7442979665256337,-0.416891437060609,0.2324767952590566,0.2568356374807988
legacy_reused_holdout,1,bestCI,0,0,0.0,gamma,naive_km,all,ET alone,MONOCT std alone,3255,1.0033750543302538,-0.0292229822594755,-0.0690547613513395,0.4079877112135177
legacy_reused_holdout,1,bestCI,0,0,0.0,gamma,naive_km,all,ET alone,POLYCT alone,3255,1.5631717148880735,-0.0947947052599254,0.2004728422818845,0.5425499231950844
legacy_reused_holdout,1,bestCI,0,0,0.0,gamma,naive_km,all,ET+ANTI-CDK wo CT,MONOCT std alone,3255,1.0184653374078445,0.3876684548011336,-0.3015315566103963,0.4150537634408602
legacy_reused_holdout,1,bestCI,0,0,0.0,gamma,naive_km,all,ET+ANTI-CDK wo CT,POLYCT alone,3255,1.5514111435669746,0.3220967318006836,-0.0320039529771721,0.6473118279569893
legacy_reused_holdout,1,bestCI,0,0,0.0,gamma,naive_km,all,MONOCT std alone,POLYCT alone,3453,1.4729293050794736,-0.072839044430046,0.2756052117396577,0.4790037648421662
legacy_reused_holdout,1,bestCI,1,1,0.0,gamma,dynasurv,1,ET alone,ET+ANTI-CDK wo CT,1977,1.1039105992504217,-0.4921216692647041,-0.7926852975169121,0.9914011127971676
legacy_reused_holdout,1,bestCI,1,1,0.0,gamma,dynasurv,1,ET alone,MONOCT std alone,1977,1.0810850995089851,-0.0574449803944312,0.3147700932141029,0.7597369752149722
legacy_reused_holdout,1,bestCI,1,1,0.0,gamma,dynasurv,1,ET alone,POLYCT alone,1977,1.6879612117823437,-0.0732824708837307,-0.2238519881349765,0.669195751138088
legacy_reused_holdout,1,bestCI,1,1,0.0,gamma,dynasurv,1,ET+ANTI-CDK wo CT,MONOCT std alone,1977,1.6861377969047775,0.4346766888702729,1.1074555695449493,0.8093070308548306
legacy_reused_holdout,1,bestCI,1,1,0.0,gamma,dynasurv,1,ET+ANTI-CDK wo CT,POLYCT alone,1977,1.6935494381496137,0.4188391983809734,0.5688334285912251,0.7197774405665149
legacy_reused_holdout,1,bestCI,1,1,0.0,gamma,dynasurv,1,MONOCT std alone,POLYCT alone,1977,1.7149860717784158,-0.0158374904892994,-0.5386220217444346,0.6378351036924633
legacy_reused_holdout,1,bestCI,1,1,0.0,gamma,dynasurv,2,ET alone,ET+ANTI-CDK wo CT,840,1.024946548681012,-0.3008556043247126,-0.5785814250370123,0.6166666666666667
legacy_reused_holdout,1,bestCI,1,1,0.0,gamma,dynasurv,2,ET alone,MONOCT std alone,840,0.942526763029508,0.0170592743046201,0.29523303331066,0.725
legacy_reused_holdout,1,bestCI,1,1,0.0,gamma,dynasurv,2,ET alone,POLYCT alone,840,1.4441811797361914,-0.1805348664435792,0.5496830612334657,0.6476190476190476
legacy_reused_holdout,1,bestCI,1,1,0.0,gamma,dynasurv,2,ET+ANTI-CDK wo CT,MONOCT std alone,840,1.3265637020602603,0.3179148786293326,0.8738145477546395,0.7345238095238096
legacy_reused_holdout,1,bestCI,1,1,0.0,gamma,dynasurv,2,ET+ANTI-CDK wo CT,POLYCT alone,840,1.8363222379365045,0.1203207378811333,1.1282646054797676,0.6083333333333333
legacy_reused_holdout,1,bestCI,1,1,0.0,gamma,dynasurv,2,MONOCT std alone,POLYCT alone,840,1.33434498177272,-0.1975941407481994,0.2544500390986766,0.6976190476190476
legacy_reused_holdout,1,bestCI,1,1,0.0,gamma,dynasurv,3,ET alone,ET+ANTI-CDK wo CT,438,0.5159878982751296,-0.2585709532801001,-0.2718920865949304,0.7328767123287672
legacy_reused_holdout,1,bestCI,1,1,0.0,gamma,dynasurv,3,ET alone,MONOCT std alone,438,0.6250645517642804,-0.0004924416400668,0.2457187354423282,0.7191780821917808
legacy_reused_holdout,1,bestCI,1,1,0.0,gamma,dynasurv,3,ET alone,POLYCT alone,438,0.9667389259857598,-0.0779958935191082,0.3176812352349208,0.632420091324201
legacy_reused_holdout,1,bestCI,1,1,0.0,gamma,dynasurv,3,ET+ANTI-CDK wo CT,MONOCT std alone,438,0.7930861066427835,0.2580785116400332,0.517610851839581,0.819634703196347
legacy_reused_holdout,1,bestCI,1,1,0.0,gamma,dynasurv,3,ET+ANTI-CDK wo CT,POLYCT alone,438,1.07752315564964,0.1805750597609919,0.5895732771263676,0.6255707762557078
legacy_reused_holdout,1,bestCI,1,1,0.0,gamma,dynasurv,3,MONOCT std alone,POLYCT alone,438,0.8377374138956095,-0.0775034518790413,0.0719624732498992,0.7054794520547946
legacy_reused_holdout,1,bestCI,1,1,0.0,gamma,dynasurv,4,ET alone,MONOCT std alone,198,0.7674814089693454,0.0767461876171119,0.3163440604907982,0.6666666666666666
legacy_reused_holdout,1,bestCI,1,1,0.0,gamma,dynasurv,4,ET alone,POLYCT alone,198,1.0660287791577665,-0.1092542436295924,0.3591566261226115,0.6414141414141414
legacy_reused_holdout,1,bestCI,1,1,0.0,gamma,dynasurv,4,MONOCT std alone,POLYCT alone,198,0.8554942978030584,-0.1860004312467043,0.042812550730652,0.7121212121212122
legacy_reused_holdout,1,bestCI,1,1,0.0,gamma,dynasurv,all,ET alone,ET+ANTI-CDK wo CT,3255,1.023270953532606,-0.4113355838112941,-0.6673536337561498,0.8599078341013825
legacy_reused_holdout,1,bestCI,1,1,0.0,gamma,dynasurv,all,ET alone,MONOCT std alone,3453,0.9841761433878348,-0.0244016449794586,0.3013487260684784,0.7408050970170866
legacy_reused_holdout,1,bestCI,1,1,0.0,gamma,dynasurv,all,ET alone,POLYCT alone,3453,1.5239383884107718,-0.1020339630320796,0.0664453595653304,0.6576889661164205
legacy_reused_holdout,1,bestCI,1,1,0.0,gamma,dynasurv,all,ET+ANTI-CDK wo CT,MONOCT std alone,3255,1.5051814737554934,0.3807811674480809,0.9677902522678004,0.7913978494623656
legacy_reused_holdout,1,bestCI,1,1,0.0,gamma,dynasurv,all,ET+ANTI-CDK wo CT,POLYCT alone,3255,1.6638694314727744,0.3097408267879112,0.7159934785938638,0.6783410138248848
legacy_reused_holdout,1,bestCI,1,1,0.0,gamma,dynasurv,all,MONOCT std alone,POLYCT alone,3453,1.4993586968440462,-0.0776323180526209,-0.2349033553272771,0.6652186504488851
legacy_reused_holdout,1,bestCI,1,1,0.0,gamma,oracle,1,ET alone,ET+ANTI-CDK wo CT,1977,1.082733994627313e-06,-0.4921216692647041,-5.583416871624003e-07,1.0
legacy_reused_holdout,1,bestCI,1,1,0.0,gamma,oracle,1,ET alone,MONOCT std alone,1977,1.9547661921593943e-06,-0.0574449803944312,9.578763578294014e-07,1.0
legacy_reused_holdout,1,bestCI,1,1,0.0,gamma,oracle,1,ET alone,POLYCT alone,1977,2.394162026860771e-06,-0.0732824708837307,1.6744434430671085e-07,1.0
legacy_reused_holdout,1,bestCI,1,1,0.0,gamma,oracle,1,ET+ANTI-CDK wo CT,MONOCT std alone,1977,2.055646032828635e-06,0.4346766888702729,1.5162180449501683e-06,1.0
legacy_reused_holdout,1,bestCI,1,1,0.0,gamma,oracle,1,ET+ANTI-CDK wo CT,POLYCT alone,1977,2.5745088027049267e-06,0.4188391983809734,7.257860313303333e-07,1.0
legacy_reused_holdout,1,bestCI,1,1,0.0,gamma,oracle,1,MONOCT std alone,POLYCT alone,1977,2.4959390581635927e-06,-0.0158374904892994,-7.904320135365683e-07,1.0
legacy_reused_holdout,1,bestCI,1,1,0.0,gamma,oracle,2,ET alone,ET+ANTI-CDK wo CT,840,2.8897912398499835e-06,-0.3008556043247126,-6.028565660010088e-07,1.0
legacy_reused_holdout,1,bestCI,1,1,0.0,gamma,oracle,2,ET alone,MONOCT std alone,840,3.831082556193025e-06,0.0170592743046201,2.0934508031880683e-06,1.0
legacy_reused_holdout,1,bestCI,1,1,0.0,gamma,oracle,2,ET alone,POLYCT alone,840,4.408691923809248e-06,-0.1805348664435792,7.043264889650125e-07,1.0
legacy_reused_holdout,1,bestCI,1,1,0.0,gamma,oracle,2,ET+ANTI-CDK wo CT,MONOCT std alone,840,4.383676093388316e-06,0.3179148786293326,2.696307369320916e-06,1.0
legacy_reused_holdout,1,bestCI,1,1,0.0,gamma,oracle,2,ET+ANTI-CDK wo CT,POLYCT alone,840,5.053234441847129e-06,0.1203207378811333,1.3071830550631658e-06,1.0
legacy_reused_holdout,1,bestCI,1,1,0.0,gamma,oracle,2,MONOCT std alone,POLYCT alone,840,4.972691165945876e-06,-0.1975941407481994,-1.3891243141883614e-06,1.0
legacy_reused_holdout,1,bestCI,1,1,0.0,gamma,oracle,3,ET alone,ET+ANTI-CDK wo CT,438,4.4039319944333904e-06,-0.2585709532801001,-4.713485942109408e-07,1.0
legacy_reused_holdout,1,bestCI,1,1,0.0,gamma,oracle,3,ET alone,MONOCT std alone,438,4.7520152409548406e-06,-0.0004924416400668,2.468987449070581e-06,1.0
legacy_reused_holdout,1,bestCI,1,1,0.0,gamma,oracle,3,ET alone,POLYCT alone,438,6.426752903182068e-06,-0.0779958935191082,7.619559826282929e-07,1.0
legacy_reused_holdout,1,bestCI,1,1,0.0,gamma,oracle,3,ET+ANTI-CDK wo CT,MONOCT std alone,438,5.46143408125122e-06,0.2580785116400332,2.940336043255609e-06,1.0
legacy_reused_holdout,1,bestCI,1,1,0.0,gamma,oracle,3,ET+ANTI-CDK wo CT,POLYCT alone,438,6.37935608223983e-06,0.1805750597609919,1.233304576825356e-06,1.0
legacy_reused_holdout,1,bestCI,1,1,0.0,gamma,oracle,3,MONOCT std alone,POLYCT alone,438,6.4150444855605045e-06,-0.0775034518790413,-1.7070314664580089e-06,1.0
legacy_reused_holdout,1,bestCI,1,1,0.0,gamma,oracle,4,ET alone,MONOCT std alone,198,6.110275580418668e-06,0.0767461876171119,2.9774020644662835e-06,1.0
legacy_reused_holdout,1,bestCI,1,1,0.0,gamma,oracle,4,ET alone,POLYCT alone,198,6.560601804461151e-06,-0.1092542436295924,1.344646333625854e-06,1.0
legacy_reused_holdout,1,bestCI,1,1,0.0,gamma,oracle,4,MONOCT std alone,POLYCT alone,198,8.132687990037286e-06,-0.1860004312467043,-1.6327557308404297e-06,1.0
legacy_reused_holdout,1,bestCI,1,1,0.0,gamma,oracle,all,ET alone,ET+ANTI-CDK wo CT,3255,2.3402742053736065e-06,-0.4113355838112941,-5.581234148732683e-07,1.0
legacy_reused_holdout,1,bestCI,1,1,0.0,gamma,oracle,all,ET alone,MONOCT std alone,3453,3.2807772613254898e-06,-0.0244016449794586,1.5416050812532e-06,1.0
legacy_reused_holdout,1,bestCI,1,1,0.0,gamma,oracle,all,ET alone,POLYCT alone,3453,3.964507270035913e-06,-0.1020339630320796,4.409639194624671e-07,1.0
legacy_reused_holdout,1,bestCI,1,1,0.0,gamma,oracle,all,ET+ANTI-CDK wo CT,MONOCT std alone,3255,3.396956663690569e-06,0.3807811674480809,2.0123896933843533e-06,1.0
legacy_reused_holdout,1,bestCI,1,1,0.0,gamma,oracle,all,ET+ANTI-CDK wo CT,POLYCT alone,3255,4.01143616126557e-06,0.3097408267879112,9.441167910240188e-07,1.0
legacy_reused_holdout,1,bestCI,1,1,0.0,gamma,oracle,all,MONOCT std alone,POLYCT alone,3453,4.312178704868865e-06,-0.0776323180526209,-1.1006411618080802e-06,1.0
legacy_reused_holdout,1,bestCI,1,1,0.0,gamma,naive_km,1,ET alone,ET+ANTI-CDK wo CT,1977,0.3053856481338968,-0.4921216692647041,0.1477145754618147,1.0
legacy_reused_holdout,1,bestCI,1,1,0.0,gamma,naive_km,1,ET alone,MONOCT std alone,1977,1.1486929273141058,-0.0574449803944312,0.5057054475881614,0.6717248356095094
legacy_reused_holdout,1,bestCI,1,1,0.0,gamma,naive_km,1,ET alone,POLYCT alone,1977,1.6237136009580897,-0.0732824708837307,0.3088329362708017,0.5609509357612544
legacy_reused_holdout,1,bestCI,1,1,0.0,gamma,naive_km,1,ET+ANTI-CDK wo CT,MONOCT std alone,1977,0.9195769949898032,0.4346766888702729,0.3579908721263466,0.7971674253920081
legacy_reused_holdout,1,bestCI,1,1,0.0,gamma,naive_km,1,ET+ANTI-CDK wo CT,POLYCT alone,1977,1.548091403631038,0.4188391983809734,0.1611183608089869,0.6944865958523014
legacy_reused_holdout,1,bestCI,1,1,0.0,gamma,naive_km,1,MONOCT std alone,POLYCT alone,1977,1.5477509036237052,-0.0158374904892994,-0.1968725113173597,0.6019221041982802
legacy_reused_holdout,1,bestCI,1,1,0.0,gamma,naive_km,2,ET alone,ET+ANTI-CDK wo CT,840,0.8553024978573803,-0.3008556043247126,-0.2647383346097498,0.6154761904761905
legacy_reused_holdout,1,bestCI,1,1,0.0,gamma,naive_km,2,ET alone,MONOCT std alone,840,0.9628845593318364,0.0170592743046201,-0.0875142356923431,0.413095238095238
legacy_reused_holdout,1,bestCI,1,1,0.0,gamma,naive_km,2,ET alone,POLYCT alone,840,1.5166004243841016,-0.1805348664435792,0.2766579702494004,0.5083333333333333
legacy_reused_holdout,1,bestCI,1,1,0.0,gamma,naive_km,2,ET+ANTI-CDK wo CT,MONOCT std alone,840,1.0548609021918451,0.3179148786293326,0.1772240989174067,0.7130952380952381
legacy_reused_holdout,1,bestCI,1,1,0.0,gamma,naive_km,2,ET+ANTI-CDK wo CT,POLYCT alone,840,1.729439825496838,0.1203207378811333,0.5413963048591504,0.5666666666666667
legacy_reused_holdout,1,bestCI,1,1,0.0,gamma,naive_km,2,MONOCT std alone,POLYCT alone,840,1.5202571170012569,-0.1975941407481994,0.3641722059417436,0.3785714285714285
legacy_reused_holdout,1,bestCI,1,1,0.0,gamma,naive_km,3,ET alone,ET+ANTI-CDK wo CT,438,0.8089069550315248,-0.2585709532801001,-0.6408397151489875,0.728310502283105
legacy_reused_holdout,1,bestCI,1,1,0.0,gamma,naive_km,3,ET alone,MONOCT std alone,438,1.183258998252746,-0.0004924416400668,-1.0392772098397665,0.4246575342465753
legacy_reused_holdout,1,bestCI,1,1,0.0,gamma,naive_km,3,ET alone,POLYCT alone,438,1.128019051709858,-0.0779958935191082,-0.6866197265268966,0.5251141552511416
legacy_reused_holdout,1,bestCI,1,1,0.0,gamma,naive_km,3,ET+ANTI-CDK wo CT,MONOCT std alone,438,0.7041912776017775,0.2580785116400332,-0.3984374946907789,0.1986301369863013
legacy_reused_holdout,1,bestCI,1,1,0.0,gamma,naive_km,3,ET+ANTI-CDK wo CT,POLYCT alone,438,0.9332191058338069,0.1805750597609919,-0.045780011377909,0.589041095890411
legacy_reused_holdout,1,bestCI,1,1,0.0,gamma,naive_km,3,MONOCT std alone,POLYCT alone,438,0.9715012716870186,-0.0775034518790413,0.3526574833128699,0.3904109589041096
legacy_reused_holdout,1,bestCI,1,1,0.0,gamma,naive_km,4,ET alone,MONOCT std alone,198,0.6207547383241061,0.0767461876171119,0.2557204038227133,0.5808080808080808
legacy_reused_holdout,1,bestCI,1,1,0.0,gamma,naive_km,4,ET alone,POLYCT alone,198,0.9332731363644304,-0.1092542436295924,0.2500073241319671,0.4696969696969697
legacy_reused_holdout,1,bestCI,1,1,0.0,gamma,naive_km,4,MONOCT std alone,POLYCT alone,198,0.8631182319600678,-0.1860004312467043,-0.0057130796907462,0.6060606060606061
legacy_reused_holdout,1,bestCI,1,1,0.0,gamma,naive_km,all,ET alone,ET+ANTI-CDK wo CT,3255,0.5774748054315809,-0.4113355838112941,-0.0648344948139597,0.8642089093701997
legacy_reused_holdout,1,bestCI,1,1,0.0,gamma,naive_km,all,ET alone,MONOCT std alone,3453,1.0866041767765031,-0.0244016449794586,0.1510851242245312,0.5722560092673038
legacy_reused_holdout,1,bestCI,1,1,0.0,gamma,naive_km,all,ET alone,POLYCT alone,3453,1.510087595960612,-0.1020339630320796,0.1713632840938952,0.5383724297712135
legacy_reused_holdout,1,bestCI,1,1,0.0,gamma,naive_km,all,ET+ANTI-CDK wo CT,MONOCT std alone,3255,0.931392539168352,0.3807811674480809,0.2095547080214587,0.6949308755760368
legacy_reused_holdout,1,bestCI,1,1,0.0,gamma,naive_km,all,ET+ANTI-CDK wo CT,POLYCT alone,3255,1.5312328436126914,0.3097408267879112,0.2314139018179813,0.6473118279569893
legacy_reused_holdout,1,bestCI,1,1,0.0,gamma,naive_km,all,MONOCT std alone,POLYCT alone,3453,1.447833758507605,-0.0776323180526209,0.0202781598693639,0.5209962351578338
legacy_reused_holdout,1,bestCI,2,2,0.0,gamma,dynasurv,1,ET alone,ET+ANTI-CDK wo CT,1977,1.6637813639633396,-0.5040471210041609,-0.5626275883159074,0.849772382397572
legacy_reused_holdout,1,bestCI,2,2,0.0,gamma,dynasurv,1,ET alone,MONOCT std alone,1977,1.1316279206655415,-0.0498848030020596,-0.2369588246892092,0.8259989883662114
legacy_reused_holdout,1,bestCI,2,2,0.0,gamma,dynasurv,1,ET alone,POLYCT alone,1977,1.8240752191102416,-0.0673069449983957,0.2650548311792735,0.7142134547293879
legacy_reused_holdout,1,bestCI,2,2,0.0,gamma,dynasurv,1,ET+ANTI-CDK wo CT,MONOCT std alone,1977,1.0577495123458671,0.4541623180021012,0.3256687338243758,0.8310571573090542
legacy_reused_holdout,1,bestCI,2,2,0.0,gamma,dynasurv,1,ET+ANTI-CDK wo CT,POLYCT alone,1977,1.7458536627685506,0.4367401760057651,0.8276822406812465,0.7374810318664643
legacy_reused_holdout,1,bestCI,2,2,0.0,gamma,dynasurv,1,MONOCT std alone,POLYCT alone,1977,1.7269246615517566,-0.017422141996336,0.5020136558684827,0.4688922610015174
legacy_reused_holdout,1,bestCI,2,2,0.0,gamma,dynasurv,2,ET alone,ET+ANTI-CDK wo CT,840,0.9750710473863023,-0.294654263040312,-0.034044580677263,0.5452380952380952
legacy_reused_holdout,1,bestCI,2,2,0.0,gamma,dynasurv,2,ET alone,MONOCT std alone,840,0.7445522506033194,0.0258233426074389,0.087611031724989,0.7976190476190477
legacy_reused_holdout,1,bestCI,2,2,0.0,gamma,dynasurv,2,ET alone,POLYCT alone,840,1.4400161251319603,-0.1724292416983286,0.6166604240351359,0.7261904761904762
legacy_reused_holdout,1,bestCI,2,2,0.0,gamma,dynasurv,2,ET+ANTI-CDK wo CT,MONOCT std alone,840,0.9449982191894836,0.3204776056477509,0.121655612402252,0.7976190476190477
legacy_reused_holdout,1,bestCI,2,2,0.0,gamma,dynasurv,2,ET+ANTI-CDK wo CT,POLYCT alone,840,1.6050232598703589,0.1222250213419833,0.650705004712399,0.6654761904761904
legacy_reused_holdout,1,bestCI,2,2,0.0,gamma,dynasurv,2,MONOCT std alone,POLYCT alone,840,1.4827449558589991,-0.1982525843057676,0.5290493923101469,0.5154761904761904
legacy_reused_holdout,1,bestCI,2,2,0.0,gamma,dynasurv,3,ET alone,ET+ANTI-CDK wo CT,438,0.5682817324034118,-0.2659964927194076,0.2037261754927593,0.6643835616438356
legacy_reused_holdout,1,bestCI,2,2,0.0,gamma,dynasurv,3,ET alone,MONOCT std alone,438,0.5724522155949585,-0.0097598922569394,0.0965076130945325,0.7397260273972602
legacy_reused_holdout,1,bestCI,2,2,0.0,gamma,dynasurv,3,ET alone,POLYCT alone,438,0.8852489044960475,-0.0910760113046207,0.3280524262235202,0.680365296803653
legacy_reused_holdout,1,bestCI,2,2,0.0,gamma,dynasurv,3,ET+ANTI-CDK wo CT,MONOCT std alone,438,0.5727748236163174,0.2562366004624682,-0.1072185661235171,0.7351598173515982
legacy_reused_holdout,1,bestCI,2,2,0.0,gamma,dynasurv,3,ET+ANTI-CDK wo CT,POLYCT alone,438,0.9049951133972748,0.1749204814147869,0.1243262470054706,0.6598173515981736
legacy_reused_holdout,1,bestCI,2,2,0.0,gamma,dynasurv,3,MONOCT std alone,POLYCT alone,438,0.891314908834215,-0.0813161190476813,0.2315448131289877,0.5365296803652968
legacy_reused_holdout,1,bestCI,2,2,0.0,gamma,dynasurv,4,ET alone,MONOCT std alone,198,0.7110079469181071,0.0804736071887455,0.0155265650090732,0.7424242424242424
legacy_reused_holdout,1,bestCI,2,2,0.0,gamma,dynasurv,4,ET alone,POLYCT alone,198,0.9131131272512562,-0.1065966909772389,0.3654511099702351,0.6616161616161617
legacy_reused_holdout,1,bestCI,2,2,0.0,gamma,dynasurv,4,MONOCT std alone,POLYCT alone,198,0.9460986319792252,-0.1870702981659844,0.3499245673129036,0.494949494949495
legacy_reused_holdout,1,bestCI,2,2,0.0,gamma,dynasurv,all,ET alone,ET+ANTI-CDK wo CT,3255,1.4036117431984962,-0.4179776353272469,-0.3230968075362174,0.7462365591397849
legacy_reused_holdout,1,bestCI,2,2,0.0,gamma,dynasurv,all,ET alone,MONOCT std alone,3453,0.9688157636367214,-0.0189028978656215,-0.1012249514152126,0.8033593976252534
legacy_reused_holdout,1,bestCI,2,2,0.0,gamma,dynasurv,all,ET alone,POLYCT alone,3453,1.5989580093389966,-0.0981476487267135,0.3643366576779006,0.7098175499565595
legacy_reused_holdout,1,bestCI,2,2,0.0,gamma,dynasurv,all,ET+ANTI-CDK wo CT,MONOCT std alone,3255,0.9768075763551596,0.3930297150343552,0.2147699342042312,0.8095238095238095
legacy_reused_holdout,1,bestCI,2,2,0.0,gamma,dynasurv,all,ET+ANTI-CDK wo CT,POLYCT alone,3255,1.620581783105452,0.3203439375577083,0.6873656848254094,0.7084485407066052
legacy_reused_holdout,1,bestCI,2,2,0.0,gamma,dynasurv,all,MONOCT std alone,POLYCT alone,3453,1.547389158865211,-0.0792447508610919,0.4655615867413715,0.490298291340863
legacy_reused_holdout,1,bestCI,2,2,0.0,gamma,oracle,1,ET alone,ET+ANTI-CDK wo CT,1977,1.1015459228304716e-06,-0.5040471210041609,-5.597437400250982e-07,1.0
legacy_reused_holdout,1,bestCI,2,2,0.0,gamma,oracle,1,ET alone,MONOCT std alone,1977,1.981631131511399e-06,-0.0498848030020596,9.699954541322886e-07,1.0
legacy_reused_holdout,1,bestCI,2,2,0.0,gamma,oracle,1,ET alone,POLYCT alone,1977,2.4844380013951824e-06,-0.0673069449983957,1.8686068037343517e-07,1.0
legacy_reused_holdout,1,bestCI,2,2,0.0,gamma,oracle,1,ET+ANTI-CDK wo CT,MONOCT std alone,1977,2.0859453546124635e-06,0.4541623180021012,1.5297391940949367e-06,1.0
legacy_reused_holdout,1,bestCI,2,2,0.0,gamma,oracle,1,ET+ANTI-CDK wo CT,POLYCT alone,1977,2.633522418063681e-06,0.4367401760057651,7.466044203430222e-07,1.0
legacy_reused_holdout,1,bestCI,2,2,0.0,gamma,oracle,1,MONOCT std alone,POLYCT alone,1977,2.5343626834344407e-06,-0.017422141996336,-7.831347737692618e-07,1.0
legacy_reused_holdout,1,bestCI,2,2,0.0,gamma,oracle,2,ET alone,ET+ANTI-CDK wo CT,840,2.936071054199842e-06,-0.294654263040312,-5.726493024771351e-07,1.0
legacy_reused_holdout,1,bestCI,2,2,0.0,gamma,oracle,2,ET alone,MONOCT std alone,840,3.788913699635374e-06,0.0258233426074389,2.02410396374364e-06,1.0
legacy_reused_holdout,1,bestCI,2,2,0.0,gamma,oracle,2,ET alone,POLYCT alone,840,4.595061667714887e-06,-0.1724292416983286,6.46912701740554e-07,1.0
legacy_reused_holdout,1,bestCI,2,2,0.0,gamma,oracle,2,ET+ANTI-CDK wo CT,MONOCT std alone,840,4.314754218376997e-06,0.3204776056477509,2.5967532662485304e-06,1.0
legacy_reused_holdout,1,bestCI,2,2,0.0,gamma,oracle,2,ET+ANTI-CDK wo CT,POLYCT alone,840,5.075003467718005e-06,0.1222250213419833,1.2195620042176891e-06,1.0
legacy_reused_holdout,1,bestCI,2,2,0.0,gamma,oracle,2,MONOCT std alone,POLYCT alone,840,4.9749792208698616e-06,-0.1982525843057676,-1.3771912620585969e-06,1.0
legacy_reused_holdout,1,bestCI,2,2,0.0,gamma,oracle,3,ET alone,ET+ANTI-CDK wo CT,438,4.896762435314274e-06,-0.2659964927194076,-3.694609904680846e-07,1.0
legacy_reused_holdout,1,bestCI,2,2,0.0,gamma,oracle,3,ET alone,MONOCT std alone,438,5.1000895674950845e-06,-0.0097598922569394,2.577808982122745e-06,1.0
legacy_reused_holdout,1,bestCI,2,2,0.0,gamma,oracle,3,ET alone,POLYCT alone,438,6.602796994062195e-06,-0.0910760113046207,9.50714892117288e-07,1.0
legacy_reused_holdout,1,bestCI,2,2,0.0,gamma,oracle,3,ET+ANTI-CDK wo CT,MONOCT std alone,438,5.727283363096175e-06,0.2562366004624682,2.947269972575217e-06,1.0
legacy_reused_holdout,1,bestCI,2,2,0.0,gamma,oracle,3,ET+ANTI-CDK wo CT,POLYCT alone,438,6.082754093401263e-06,0.1749204814147869,1.320175882502106e-06,1.0
legacy_reused_holdout,1,bestCI,2,2,0.0,gamma,oracle,3,MONOCT std alone,POLYCT alone,438,6.616328370435515e-06,-0.0813161190476813,-1.6270940900176e-06,1.0
legacy_reused_holdout,1,bestCI,2,2,0.0,gamma,oracle,4,ET alone,MONOCT std alone,198,6.04211043697144e-06,0.0804736071887455,2.821213766629471e-06,1.0
legacy_reused_holdout,1,bestCI,2,2,0.0,gamma,oracle,4,ET alone,POLYCT alone,198,6.514524662921223e-06,-0.1065966909772389,9.3798744796314e-07,1.0
legacy_reused_holdout,1,bestCI,2,2,0.0,gamma,oracle,4,MONOCT std alone,POLYCT alone,198,8.027052239515512e-06,-0.1870702981659844,-1.8832263187218423e-06,1.0
legacy_reused_holdout,1,bestCI,2,2,0.0,gamma,oracle,all,ET alone,ET+ANTI-CDK wo CT,3255,2.487610921044026e-06,-0.4179776353272469,-5.374693400339581e-07,1.0
legacy_reused_holdout,1,bestCI,2,2,0.0,gamma,oracle,all,ET alone,MONOCT std alone,3453,3.336670210284181e-06,-0.0189028978656215,1.53652157611206e-06,1.0
legacy_reused_holdout,1,bestCI,2,2,0.0,gamma,oracle,all,ET alone,POLYCT alone,3453,4.078492047544714e-06,-0.0981476487267135,4.38738740782263e-07,1.0
legacy_reused_holdout,1,bestCI,2,2,0.0,gamma,oracle,all,ET+ANTI-CDK wo CT,MONOCT std alone,3255,3.4439913542546903e-06,0.3930297150343552,1.99584374144246e-06,1.0
legacy_reused_holdout,1,bestCI,2,2,0.0,gamma,oracle,all,ET+ANTI-CDK wo CT,POLYCT alone,3255,3.9796747481970974e-06,0.3203439375577083,9.458390349825764e-07,1.0
legacy_reused_holdout,1,bestCI,2,2,0.0,gamma,oracle,all,MONOCT std alone,POLYCT alone,3453,4.3526910019634455e-06,-0.0792447508610919,-1.097782835329797e-06,1.0
legacy_reused_holdout,1,bestCI,2,2,0.0,gamma,naive_km,1,ET alone,ET+ANTI-CDK wo CT,1977,0.5125475019679209,-0.5040471210041609,0.4347981031000621,1.0
legacy_reused_holdout,1,bestCI,2,2,0.0,gamma,naive_km,1,ET alone,MONOCT std alone,1977,1.1235408057250922,-0.0498848030020596,-0.4320381844706119,0.3282751643904906
legacy_reused_holdout,1,bestCI,2,2,0.0,gamma,naive_km,1,ET alone,POLYCT alone,1977,1.6316363429038632,-0.0673069449983957,-0.0598610196317186,0.4390490642387455
legacy_reused_holdout,1,bestCI,2,2,0.0,gamma,naive_km,1,ET+ANTI-CDK wo CT,MONOCT std alone,1977,1.2213669649647063,0.4541623180021012,-0.8668362875706741,0.2028325746079919
legacy_reused_holdout,1,bestCI,2,2,0.0,gamma,naive_km,1,ET+ANTI-CDK wo CT,POLYCT alone,1977,1.6590812514509954,0.4367401760057651,-0.4946591227317808,0.3055134041476985
legacy_reused_holdout,1,bestCI,2,2,0.0,gamma,naive_km,1,MONOCT std alone,POLYCT alone,1977,1.606331618221305,-0.017422141996336,0.3721771648388932,0.3980778958017197
legacy_reused_holdout,1,bestCI,2,2,0.0,gamma,naive_km,2,ET alone,ET+ANTI-CDK wo CT,840,0.80799006045733,-0.294654263040312,-0.1301018951334326,0.6154761904761905
legacy_reused_holdout,1,bestCI,2,2,0.0,gamma,naive_km,2,ET alone,MONOCT std alone,840,1.0678375566429128,0.0258233426074389,0.4901857096769516,0.5869047619047619
legacy_reused_holdout,1,bestCI,2,2,0.0,gamma,naive_km,2,ET alone,POLYCT alone,840,1.519018429601084,-0.1724292416983286,0.2064577967031522,0.5083333333333333
legacy_reused_holdout,1,bestCI,2,2,0.0,gamma,naive_km,2,ET+ANTI-CDK wo CT,MONOCT std alone,840,1.207455188640283,0.3204776056477509,0.6202876048103843,0.7130952380952381
legacy_reused_holdout,1,bestCI,2,2,0.0,gamma,naive_km,2,ET+ANTI-CDK wo CT,POLYCT alone,840,1.6621963870674137,0.1222250213419833,0.3365596918365849,0.5666666666666667
legacy_reused_holdout,1,bestCI,2,2,0.0,gamma,naive_km,2,MONOCT std alone,POLYCT alone,840,1.5194473445495256,-0.1982525843057676,-0.2837279129737993,0.6214285714285714
legacy_reused_holdout,1,bestCI,2,2,0.0,gamma,naive_km,3,ET alone,ET+ANTI-CDK wo CT,438,0.8584793366209581,-0.2659964927194076,0.6941883551367167,0.271689497716895
legacy_reused_holdout,1,bestCI,2,2,0.0,gamma,naive_km,3,ET alone,MONOCT std alone,438,0.6492309647283725,-0.0097598922569394,0.3322492224801704,0.5753424657534246
legacy_reused_holdout,1,bestCI,2,2,0.0,gamma,naive_km,3,ET alone,POLYCT alone,438,1.1521237866196528,-0.0910760113046207,0.6999150821884099,0.4748858447488584
legacy_reused_holdout,1,bestCI,2,2,0.0,gamma,naive_km,3,ET+ANTI-CDK wo CT,MONOCT std alone,438,0.6820213181266996,0.2562366004624682,-0.3619391326565463,0.1986301369863013
legacy_reused_holdout,1,bestCI,2,2,0.0,gamma,naive_km,3,ET+ANTI-CDK wo CT,POLYCT alone,438,0.9576075684988964,0.1749204814147869,0.0057267270516931,0.589041095890411
legacy_reused_holdout,1,bestCI,2,2,0.0,gamma,naive_km,3,MONOCT std alone,POLYCT alone,438,0.9866310125177358,-0.0813161190476813,0.3676658597082394,0.3904109589041096
legacy_reused_holdout,1,bestCI,2,2,0.0,gamma,naive_km,4,ET alone,MONOCT std alone,198,0.5829628468151289,0.0804736071887455,0.0347307091307107,0.5808080808080808
legacy_reused_holdout,1,bestCI,2,2,0.0,gamma,naive_km,4,ET alone,POLYCT alone,198,0.9532141151395076,-0.1065966909772389,0.360953528323097,0.4696969696969697
legacy_reused_holdout,1,bestCI,2,2,0.0,gamma,naive_km,4,MONOCT std alone,POLYCT alone,198,0.9300438621918778,-0.1870702981659844,0.3262228191923861,0.3939393939393939
legacy_reused_holdout,1,bestCI,2,2,0.0,gamma,naive_km,all,ET alone,ET+ANTI-CDK wo CT,3255,0.6536110596995639,-0.4179776353272469,0.3239215844751524,0.8027649769585253
legacy_reused_holdout,1,bestCI,2,2,0.0,gamma,naive_km,all,ET alone,MONOCT std alone,3453,1.0359024947958109,-0.0189028978656215,-0.0839796277774587,0.4370112945264987
legacy_reused_holdout,1,bestCI,2,2,0.0,gamma,naive_km,all,ET alone,POLYCT alone,3453,1.518566988900455,-0.0981476487267135,0.1254303266797674,0.4622067767158992
legacy_reused_holdout,1,bestCI,2,2,0.0,gamma,naive_km,all,ET+ANTI-CDK wo CT,MONOCT std alone,3255,1.1596887612618405,0.3930297150343552,-0.4151223018709884,0.33394777265745
legacy_reused_holdout,1,bestCI,2,2,0.0,gamma,naive_km,all,ET+ANTI-CDK wo CT,POLYCT alone,3255,1.583738139378409,0.3203439375577083,-0.2128180147617075,0.4110599078341014
legacy_reused_holdout,1,bestCI,2,2,0.0,gamma,naive_km,all,MONOCT std alone,POLYCT alone,3453,1.487296726022046,-0.0792447508610919,0.2094099544572261,0.4512018534607587
legacy_reused_holdout,1,bestCI,0,0,0.25,gamma,dynasurv,1,ET alone,ET+ANTI-CDK wo CT,1977,0.4482090100066328,-0.5012030583064023,-0.0118824261982973,0.9570055639858372
legacy_reused_holdout,1,bestCI,0,0,0.25,gamma,dynasurv,1,ET alone,MONOCT std alone,1977,0.974508255398518,-0.0601001202255549,0.2979701726824106,0.8300455235204856
legacy_reused_holdout,1,bestCI,0,0,0.25,gamma,dynasurv,1,ET alone,POLYCT alone,1977,1.6143345171199968,-0.064304206124701,0.5768462750829835,0.6317653009610521
legacy_reused_holdout,1,bestCI,0,0,0.25,gamma,dynasurv,1,ET+ANTI-CDK wo CT,MONOCT std alone,1977,0.9080577633813396,0.4411029380808474,0.3098525839795469,0.858877086494689
legacy_reused_holdout,1,bestCI,0,0,0.25,gamma,dynasurv,1,ET+ANTI-CDK wo CT,POLYCT alone,1977,1.700088420772754,0.4368988521817012,0.5887286416766362,0.7132018209408194
legacy_reused_holdout,1,bestCI,0,0,0.25,gamma,dynasurv,1,MONOCT std alone,POLYCT alone,1977,1.4943703008538105,-0.0042040858991461,0.278876117301734,0.6641375821952453
legacy_reused_holdout,1,bestCI,0,0,0.25,gamma,dynasurv,2,ET alone,ET+ANTI-CDK wo CT,840,0.8931700981322931,-0.3186303746867422,0.0609842908549551,0.5428571428571428
legacy_reused_holdout,1,bestCI,0,0,0.25,gamma,dynasurv,2,ET alone,MONOCT std alone,840,0.9836922718668234,0.0337240733415543,0.1803818009584487,0.7523809523809524
legacy_reused_holdout,1,bestCI,0,0,0.25,gamma,dynasurv,2,ET alone,POLYCT alone,840,1.58076500373886,-0.1724869362427054,0.6007762900902092,0.6238095238095238
legacy_reused_holdout,1,bestCI,0,0,0.25,gamma,dynasurv,2,ET+ANTI-CDK wo CT,MONOCT std alone,840,1.014564286927365,0.3523544480282965,0.119397539905816,0.7559523809523809
legacy_reused_holdout,1,bestCI,0,0,0.25,gamma,dynasurv,2,ET+ANTI-CDK wo CT,POLYCT alone,840,1.714851270105283,0.1461434384440367,0.539791999235254,0.6202380952380953
legacy_reused_holdout,1,bestCI,0,0,0.25,gamma,dynasurv,2,MONOCT std alone,POLYCT alone,840,1.4294021668738708,-0.2062110095842598,0.4203945189340828,0.6321428571428571
legacy_reused_holdout,1,bestCI,0,0,0.25,gamma,dynasurv,3,ET alone,ET+ANTI-CDK wo CT,438,0.5769380287772939,-0.2612197824383067,0.1827024944687174,0.5662100456621004
legacy_reused_holdout,1,bestCI,0,0,0.25,gamma,dynasurv,3,ET alone,MONOCT std alone,438,0.6388390094340365,0.0102026959293997,-0.1303873707884466,0.7785388127853882
legacy_reused_holdout,1,bestCI,0,0,0.25,gamma,dynasurv,3,ET alone,POLYCT alone,438,0.9276099529650396,-0.0856865076091391,0.0429518734779459,0.6575342465753424
legacy_reused_holdout,1,bestCI,0,0,0.25,gamma,dynasurv,3,ET+ANTI-CDK wo CT,MONOCT std alone,438,0.7140080293780149,0.2714224783677063,-0.313089865257164,0.682648401826484
legacy_reused_holdout,1,bestCI,0,0,0.25,gamma,dynasurv,3,ET+ANTI-CDK wo CT,POLYCT alone,438,1.0094689765695235,0.1755332748291675,-0.1397506172654811,0.634703196347032
legacy_reused_holdout,1,bestCI,0,0,0.25,gamma,dynasurv,3,MONOCT std alone,POLYCT alone,438,0.86556918539916,-0.0958892035385388,0.1733392479916829,0.6415525114155252
legacy_reused_holdout,1,bestCI,0,0,0.25,gamma,dynasurv,4,ET+ANTI-CDK wo CT,MONOCT std alone,198,0.8634954728243514,0.3681790507305879,-0.4989115125406999,0.7222222222222222
legacy_reused_holdout,1,bestCI,0,0,0.25,gamma,dynasurv,4,ET+ANTI-CDK wo CT,POLYCT alone,198,1.0840894369926208,0.170343147973264,-0.2905664317409642,0.6414141414141414
legacy_reused_holdout,1,bestCI,0,0,0.25,gamma,dynasurv,4,MONOCT std alone,POLYCT alone,198,0.8540469650115585,-0.1978359027573239,0.2083450705551874,0.6464646464646465
legacy_reused_holdout,1,bestCI,0,0,0.25,gamma,dynasurv,all,ET alone,ET+ANTI-CDK wo CT,3255,0.6104733842329418,-0.4217948466103223,0.033105656461015,0.797542242703533
legacy_reused_holdout,1,bestCI,0,0,0.25,gamma,dynasurv,all,ET alone,MONOCT std alone,3255,0.938847751890957,-0.026427322661118,0.2099840581767125,0.8030721966205837
legacy_reused_holdout,1,bestCI,0,0,0.25,gamma,dynasurv,all,ET alone,POLYCT alone,3255,1.530850271841551,-0.0950995798111242,0.5111797864437384,0.6331797235023041
legacy_reused_holdout,1,bestCI,0,0,0.25,gamma,dynasurv,all,ET+ANTI-CDK wo CT,MONOCT std alone,3453,0.9110049265233412,0.393808497682976,0.1381276113830335,0.8036490008688097
legacy_reused_holdout,1,bestCI,0,0,0.25,gamma,dynasurv,all,ET+ANTI-CDK wo CT,POLYCT alone,3453,1.6021414894404666,0.3177298108109169,0.4339992007247276,0.6765131769475818
legacy_reused_holdout,1,bestCI,0,0,0.25,gamma,dynasurv,all,MONOCT std alone,POLYCT alone,3453,1.3829227597420863,-0.0760786868720591,0.2958715297370494,0.6524761077324066
legacy_reused_holdout,1,bestCI,0,0,0.25,gamma,oracle,1,ET alone,ET+ANTI-CDK wo CT,1977,1.1137813207017713e-06,-0.5012030583064023,-5.628632012699697e-07,1.0
legacy_reused_holdout,1,bestCI,0,0,0.25,gamma,oracle,1,ET alone,MONOCT std alone,1977,1.988512348290777e-06,-0.0601001202255549,9.92763156938692e-07,1.0
legacy_reused_holdout,1,bestCI,0,0,0.25,gamma,oracle,1,ET alone,POLYCT alone,1977,2.472118327788542e-06,-0.064304206124701,1.9550631545628416e-07,1.0
legacy_reused_holdout,1,bestCI,0,0,0.25,gamma,oracle,1,ET+ANTI-CDK wo CT,MONOCT std alone,1977,2.098168425795727e-06,0.4411029380808474,1.5556263582849894e-06,1.0
legacy_reused_holdout,1,bestCI,0,0,0.25,gamma,oracle,1,ET+ANTI-CDK wo CT,POLYCT alone,1977,2.590468529611505e-06,0.4368988521817012,7.583695167956428e-07,1.0
legacy_reused_holdout,1,bestCI,0,0,0.25,gamma,oracle,1,MONOCT std alone,POLYCT alone,1977,2.4687013322806317e-06,-0.0042040858991461,-7.972568414876119e-07,1.0
legacy_reused_holdout,1,bestCI,0,0,0.25,gamma,oracle,2,ET alone,ET+ANTI-CDK wo CT,840,3.258438068343252e-06,-0.3186303746867422,-4.0565693276706227e-07,1.0
legacy_reused_holdout,1,bestCI,0,0,0.25,gamma,oracle,2,ET alone,MONOCT std alone,840,4.053575882808249e-06,0.0337240733415543,2.14910472980806e-06,1.0
legacy_reused_holdout,1,bestCI,0,0,0.25,gamma,oracle,2,ET alone,POLYCT alone,840,4.3549040500095415e-06,-0.1724869362427054,7.6749860875025e-07,1.0
legacy_reused_holdout,1,bestCI,0,0,0.25,gamma,oracle,2,ET+ANTI-CDK wo CT,MONOCT std alone,840,4.5026139954105975e-06,0.3523544480282965,2.554761662665328e-06,1.0
legacy_reused_holdout,1,bestCI,0,0,0.25,gamma,oracle,2,ET+ANTI-CDK wo CT,POLYCT alone,840,5.136996760036782e-06,0.1461434384440367,1.1731555415450678e-06,1.0
legacy_reused_holdout,1,bestCI,0,0,0.25,gamma,oracle,2,MONOCT std alone,POLYCT alone,840,5.014191810236847e-06,-0.2062110095842598,-1.3816061209814825e-06,1.0
legacy_reused_holdout,1,bestCI,0,0,0.25,gamma,oracle,3,ET alone,ET+ANTI-CDK wo CT,438,4.472258534284305e-06,-0.2612197824383067,-5.920663949110505e-07,1.0
legacy_reused_holdout,1,bestCI,0,0,0.25,gamma,oracle,3,ET alone,MONOCT std alone,438,5.2576064930656425e-06,0.0102026959293997,2.3658078824578127e-06,1.0
legacy_reused_holdout,1,bestCI,0,0,0.25,gamma,oracle,3,ET alone,POLYCT alone,438,6.971227475617756e-06,-0.0856865076091391,3.9300417878362914e-07,1.0
legacy_reused_holdout,1,bestCI,0,0,0.25,gamma,oracle,3,ET+ANTI-CDK wo CT,MONOCT std alone,438,6.124591841676452e-06,0.2714224783677063,2.9578742774538647e-06,1.0
legacy_reused_holdout,1,bestCI,0,0,0.25,gamma,oracle,3,ET+ANTI-CDK wo CT,POLYCT alone,438,7.234659792482847e-06,0.1755332748291675,9.850705737224352e-07,1.0
legacy_reused_holdout,1,bestCI,0,0,0.25,gamma,oracle,3,MONOCT std alone,POLYCT alone,438,8.272927429681419e-06,-0.0958892035385388,-1.972803703703674e-06,1.0
legacy_reused_holdout,1,bestCI,0,0,0.25,gamma,oracle,4,ET+ANTI-CDK wo CT,MONOCT std alone,198,5.5876562506157e-06,0.3681790507305879,2.228884898036742e-06,1.0
legacy_reused_holdout,1,bestCI,0,0,0.25,gamma,oracle,4,ET+ANTI-CDK wo CT,POLYCT alone,198,6.894903702653752e-06,0.170343147973264,4.615999355250811e-07,1.0
legacy_reused_holdout,1,bestCI,0,0,0.25,gamma,oracle,4,MONOCT std alone,POLYCT alone,198,8.139408310039482e-06,-0.1978359027573239,-1.7672849625671727e-06,1.0
legacy_reused_holdout,1,bestCI,0,0,0.25,gamma,oracle,all,ET alone,ET+ANTI-CDK wo CT,3255,2.486930374098839e-06,-0.4217948466103223,-5.262234880065719e-07,1.0
legacy_reused_holdout,1,bestCI,0,0,0.25,gamma,oracle,all,ET alone,MONOCT std alone,3255,3.2189550068333297e-06,-0.026427322661118,1.47593382084088e-06,1.0
legacy_reused_holdout,1,bestCI,0,0,0.25,gamma,oracle,all,ET alone,POLYCT alone,3255,3.891732346866439e-06,-0.0950995798111242,3.696929792018633e-07,1.0
legacy_reused_holdout,1,bestCI,0,0,0.25,gamma,oracle,all,ET+ANTI-CDK wo CT,MONOCT std alone,3453,3.741762896729928e-06,0.393808497682976,2.0151581958671727e-06,1.0
legacy_reused_holdout,1,bestCI,0,0,0.25,gamma,oracle,all,ET+ANTI-CDK wo CT,POLYCT alone,3453,4.430208634006526e-06,0.3177298108109169,8.710121308652674e-07,1.0
legacy_reused_holdout,1,bestCI,0,0,0.25,gamma,oracle,all,MONOCT std alone,POLYCT alone,3453,4.6995749759705365e-06,-0.0760786868720591,-1.1441460649047608e-06,1.0
legacy_reused_holdout,1,bestCI,0,0,0.25,gamma,naive_km,1,ET alone,ET+ANTI-CDK wo CT,1977,0.283921748095208,-0.5012030583064023,0.0726917439880209,1.0
legacy_reused_holdout,1,bestCI,0,0,0.25,gamma,naive_km,1,ET alone,MONOCT std alone,1977,1.1935842134244492,-0.0601001202255549,0.5802305516048694,0.6717248356095094
legacy_reused_holdout,1,bestCI,0,0,0.25,gamma,naive_km,1,ET alone,POLYCT alone,1977,1.6467835641129651,-0.064304206124701,-0.2135966323200319,0.4390490642387455
legacy_reused_holdout,1,bestCI,0,0,0.25,gamma,naive_km,1,ET+ANTI-CDK wo CT,MONOCT std alone,1977,0.9995604980087908,0.4411029380808474,0.5075388076168486,0.7971674253920081
legacy_reused_holdout,1,bestCI,0,0,0.25,gamma,naive_km,1,ET+ANTI-CDK wo CT,POLYCT alone,1977,1.6134840762447522,0.4368988521817012,-0.2862883763080528,0.6944865958523014
legacy_reused_holdout,1,bestCI,0,0,0.25,gamma,naive_km,1,MONOCT std alone,POLYCT alone,1977,1.7590566889493495,-0.0042040858991461,-0.7938271839249014,0.6019221041982802
legacy_reused_holdout,1,bestCI,0,0,0.25,gamma,naive_km,2,ET alone,ET+ANTI-CDK wo CT,840,0.9280250708336824,-0.3186303746867422,-0.4166007439027521,0.6154761904761905
legacy_reused_holdout,1,bestCI,0,0,0.25,gamma,naive_km,2,ET alone,MONOCT std alone,840,1.2008263766272098,0.0337240733415543,0.7017817225392025,0.5869047619047619
legacy_reused_holdout,1,bestCI,0,0,0.25,gamma,naive_km,2,ET alone,POLYCT alone,840,1.5581676635920074,-0.1724869362427054,0.2161868998095515,0.5083333333333333
legacy_reused_holdout,1,bestCI,0,0,0.25,gamma,naive_km,2,ET+ANTI-CDK wo CT,MONOCT std alone,840,1.5408816390744045,0.3523544480282965,1.1183824664419546,0.7130952380952381
legacy_reused_holdout,1,bestCI,0,0,0.25,gamma,naive_km,2,ET+ANTI-CDK wo CT,POLYCT alone,840,1.7684354161589515,0.1461434384440367,0.6327876437123036,0.5666666666666667
legacy_reused_holdout,1,bestCI,0,0,0.25,gamma,naive_km,2,MONOCT std alone,POLYCT alone,840,1.580708835153683,-0.2062110095842598,-0.4855948227296509,0.6214285714285714
legacy_reused_holdout,1,bestCI,0,0,0.25,gamma,naive_km,3,ET alone,ET+ANTI-CDK wo CT,438,0.7176106108921498,-0.2612197824383067,-0.5164550453619583,0.728310502283105
legacy_reused_holdout,1,bestCI,0,0,0.25,gamma,naive_km,3,ET alone,MONOCT std alone,438,0.656289345794324,0.0102026959293997,-0.333876383085612,0.4246575342465753
legacy_reused_holdout,1,bestCI,0,0,0.25,gamma,naive_km,3,ET alone,POLYCT alone,438,0.9615731337852456,-0.0856865076091391,-0.2828554764199879,0.5251141552511416
legacy_reused_holdout,1,bestCI,0,0,0.25,gamma,naive_km,3,ET+ANTI-CDK wo CT,MONOCT std alone,438,0.6155030983264693,0.2714224783677063,0.1825786622763464,0.8013698630136986
legacy_reused_holdout,1,bestCI,0,0,0.25,gamma,naive_km,3,ET+ANTI-CDK wo CT,POLYCT alone,438,0.9851991493185768,0.1755332748291675,0.2335995689419704,0.589041095890411
legacy_reused_holdout,1,bestCI,0,0,0.25,gamma,naive_km,3,MONOCT std alone,POLYCT alone,438,0.9241937140080668,-0.0958892035385388,0.051020906665624,0.6095890410958904
legacy_reused_holdout,1,bestCI,0,0,0.25,gamma,naive_km,4,ET+ANTI-CDK wo CT,MONOCT std alone,198,0.8765419109311667,0.3681790507305879,-0.6645142363911869,0.2373737373737373
legacy_reused_holdout,1,bestCI,0,0,0.25,gamma,naive_km,4,ET+ANTI-CDK wo CT,POLYCT alone,198,0.9731612739648368,0.170343147973264,-0.2910513926570008,0.4444444444444444
legacy_reused_holdout,1,bestCI,0,0,0.25,gamma,naive_km,4,MONOCT std alone,POLYCT alone,198,0.974507702865201,-0.1978359027573239,0.3734628437341859,0.3939393939393939
legacy_reused_holdout,1,bestCI,0,0,0.25,gamma,naive_km,all,ET alone,ET+ANTI-CDK wo CT,3255,0.5835316400185252,-0.4217948466103223,-0.1328541803018531,0.8642089093701997
legacy_reused_holdout,1,bestCI,0,0,0.25,gamma,naive_km,all,ET alone,MONOCT std alone,3255,1.1381446326389004,-0.026427322661118,0.4885943445973145,0.616589861751152
legacy_reused_holdout,1,bestCI,0,0,0.25,gamma,naive_km,all,ET alone,POLYCT alone,3255,1.5485812408920832,-0.0950995798111242,-0.1120043763221611,0.4685099846390169
legacy_reused_holdout,1,bestCI,0,0,0.25,gamma,naive_km,all,ET+ANTI-CDK wo CT,MONOCT std alone,3453,1.1143367656605998,0.393808497682976,0.5477095655202248,0.7451491456704316
legacy_reused_holdout,1,bestCI,0,0,0.25,gamma,naive_km,all,ET+ANTI-CDK wo CT,POLYCT alone,3453,1.5584393365429368,0.3177298108109169,0.0029649395331048,0.6356791196061395
legacy_reused_holdout,1,bestCI,0,0,0.25,gamma,naive_km,all,MONOCT std alone,POLYCT alone,3453,1.59444398035628,-0.0760786868720591,-0.5447446259871198,0.5957138719953663
legacy_reused_holdout,1,bestCI,1,1,0.25,gamma,dynasurv,1,ET alone,ET+ANTI-CDK wo CT,1977,0.5467617702098452,-0.4978909760924733,-0.346652659752711,0.9873545776428932
legacy_reused_holdout,1,bestCI,1,1,0.25,gamma,dynasurv,1,ET alone,MONOCT std alone,1977,1.4603135709848911,-0.0554825038999628,1.2512408466428828,0.7526555386949925
legacy_reused_holdout,1,bestCI,1,1,0.25,gamma,dynasurv,1,ET alone,POLYCT alone,1977,1.9947954031873003,-0.0735372008259798,1.3141119183476473,0.6545270612038442
legacy_reused_holdout,1,bestCI,1,1,0.25,gamma,dynasurv,1,ET+ANTI-CDK wo CT,MONOCT std alone,1977,1.8341085848748988,0.4424084721925104,1.5978933275816596,0.8067779463834092
legacy_reused_holdout,1,bestCI,1,1,0.25,gamma,dynasurv,1,ET+ANTI-CDK wo CT,POLYCT alone,1977,2.2694798648819536,0.4243537752664933,1.6607645184957136,0.708649468892261
legacy_reused_holdout,1,bestCI,1,1,0.25,gamma,dynasurv,1,MONOCT std alone,POLYCT alone,1977,1.5280367042532712,-0.018054696926017,0.0628712058152153,0.6191198786039454
legacy_reused_holdout,1,bestCI,1,1,0.25,gamma,dynasurv,2,ET alone,ET+ANTI-CDK wo CT,840,1.0015417436584535,-0.3055670398412322,-0.5744639498056794,0.6178571428571429
legacy_reused_holdout,1,bestCI,1,1,0.25,gamma,dynasurv,2,ET alone,MONOCT std alone,840,0.8136325142248886,0.0220149771763743,0.2306486351893483,0.7773809523809524
legacy_reused_holdout,1,bestCI,1,1,0.25,gamma,dynasurv,2,ET alone,POLYCT alone,840,1.4055746017420256,-0.1811056580570475,0.3047741647985713,0.7428571428571429
legacy_reused_holdout,1,bestCI,1,1,0.25,gamma,dynasurv,2,ET+ANTI-CDK wo CT,MONOCT std alone,840,1.2194316345500296,0.3275820170176066,0.8051125849950277,0.7392857142857143
legacy_reused_holdout,1,bestCI,1,1,0.25,gamma,dynasurv,2,ET+ANTI-CDK wo CT,POLYCT alone,840,1.746894862588629,0.1244613817841846,0.8792380400984448,0.6071428571428571
legacy_reused_holdout,1,bestCI,1,1,0.25,gamma,dynasurv,2,MONOCT std alone,POLYCT alone,840,1.3940295036160968,-0.2031206352334219,0.0741255147080618,0.6392857142857142
legacy_reused_holdout,1,bestCI,1,1,0.25,gamma,dynasurv,3,ET alone,ET+ANTI-CDK wo CT,438,0.5454420429290782,-0.2627501581686987,-0.2376896049004541,0.7214611872146118
legacy_reused_holdout,1,bestCI,1,1,0.25,gamma,dynasurv,3,ET alone,MONOCT std alone,438,0.4875843283293091,0.0021327483153057,0.1171329346800136,0.776255707762557
legacy_reused_holdout,1,bestCI,1,1,0.25,gamma,dynasurv,3,ET alone,POLYCT alone,438,0.8292868065031521,-0.0783184571974419,-0.0770399169213629,0.730593607305936
legacy_reused_holdout,1,bestCI,1,1,0.25,gamma,dynasurv,3,ET+ANTI-CDK wo CT,MONOCT std alone,438,0.6961226887124514,0.2648829064840045,0.3548225917345319,0.7876712328767124
legacy_reused_holdout,1,bestCI,1,1,0.25,gamma,dynasurv,3,ET+ANTI-CDK wo CT,POLYCT alone,438,0.8575091738153078,0.1844317009712567,0.1606497177814135,0.6438356164383562
legacy_reused_holdout,1,bestCI,1,1,0.25,gamma,dynasurv,3,MONOCT std alone,POLYCT alone,438,0.8693209940292479,-0.0804512055127477,-0.1941728739531183,0.6552511415525114
legacy_reused_holdout,1,bestCI,1,1,0.25,gamma,dynasurv,4,MONOCT std alone,POLYCT alone,198,0.9132310310126872,-0.1895442410376374,-0.2944441930386717,0.6666666666666666
legacy_reused_holdout,1,bestCI,1,1,0.25,gamma,dynasurv,all,ET alone,ET+ANTI-CDK wo CT,3255,0.693157528479953,-0.416617923956788,-0.3907803952875968,0.8562211981566821
legacy_reused_holdout,1,bestCI,1,1,0.25,gamma,dynasurv,all,ET alone,MONOCT std alone,3255,1.223953360435309,-0.0277303181628166,0.8352541051844536,0.7622119815668202
legacy_reused_holdout,1,bestCI,1,1,0.25,gamma,dynasurv,all,ET alone,POLYCT alone,3255,1.7375984134749487,-0.1019401791254567,0.8664412143389272,0.687557603686636
legacy_reused_holdout,1,bestCI,1,1,0.25,gamma,dynasurv,all,ET+ANTI-CDK wo CT,MONOCT std alone,3255,1.578647656709797,0.3888876057939712,1.2260344408674058,0.78678955453149
legacy_reused_holdout,1,bestCI,1,1,0.25,gamma,dynasurv,all,ET+ANTI-CDK wo CT,POLYCT alone,3255,2.0036882539051453,0.3146777448313312,1.2572215500218793,0.6737327188940092
legacy_reused_holdout,1,bestCI,1,1,0.25,gamma,dynasurv,all,MONOCT std alone,POLYCT alone,3453,1.397591343893522,-0.080823300654169,0.0125149546806773,0.6313350709527946
legacy_reused_holdout,1,bestCI,1,1,0.25,gamma,oracle,1,ET alone,ET+ANTI-CDK wo CT,1977,1.0962487289234528e-06,-0.4978909760924733,-5.55190788287252e-07,1.0
legacy_reused_holdout,1,bestCI,1,1,0.25,gamma,oracle,1,ET alone,MONOCT std alone,1977,1.984661031221072e-06,-0.0554825038999628,9.806725928471205e-07,1.0
legacy_reused_holdout,1,bestCI,1,1,0.25,gamma,oracle,1,ET alone,POLYCT alone,1977,2.4207053772644965e-06,-0.0735372008259798,1.7481443478906122e-07,1.0
legacy_reused_holdout,1,bestCI,1,1,0.25,gamma,oracle,1,ET+ANTI-CDK wo CT,MONOCT std alone,1977,2.080443343957636e-06,0.4424084721925104,1.5358633811413114e-06,1.0
legacy_reused_holdout,1,bestCI,1,1,0.25,gamma,oracle,1,ET+ANTI-CDK wo CT,POLYCT alone,1977,2.5998990478776794e-06,0.4243537752664933,7.300052231040688e-07,1.0
legacy_reused_holdout,1,bestCI,1,1,0.25,gamma,oracle,1,MONOCT std alone,POLYCT alone,1977,2.5257409629648365e-06,-0.018054696926017,-8.058581580476509e-07,1.0
legacy_reused_holdout,1,bestCI,1,1,0.25,gamma,oracle,2,ET alone,ET+ANTI-CDK wo CT,840,2.9337167929643134e-06,-0.3055670398412322,-5.977998332462597e-07,1.0
legacy_reused_holdout,1,bestCI,1,1,0.25,gamma,oracle,2,ET alone,MONOCT std alone,840,3.8642238512906115e-06,0.0220149771763743,2.126042051124599e-06,1.0
legacy_reused_holdout,1,bestCI,1,1,0.25,gamma,oracle,2,ET alone,POLYCT alone,840,4.48012923829686e-06,-0.1811056580570475,7.380922280864066e-07,1.0
legacy_reused_holdout,1,bestCI,1,1,0.25,gamma,oracle,2,ET+ANTI-CDK wo CT,MONOCT std alone,840,4.419082525397757e-06,0.3275820170176066,2.723841884377798e-06,1.0
legacy_reused_holdout,1,bestCI,1,1,0.25,gamma,oracle,2,ET+ANTI-CDK wo CT,POLYCT alone,840,5.132707888189343e-06,0.1244613817841846,1.335892061346544e-06,1.0
legacy_reused_holdout,1,bestCI,1,1,0.25,gamma,oracle,2,MONOCT std alone,POLYCT alone,840,5.015619994931235e-06,-0.2031206352334219,-1.3879498230451317e-06,1.0
legacy_reused_holdout,1,bestCI,1,1,0.25,gamma,oracle,3,ET alone,ET+ANTI-CDK wo CT,438,4.472435732675968e-06,-0.2627501581686987,-4.664509118956772e-07,1.0
legacy_reused_holdout,1,bestCI,1,1,0.25,gamma,oracle,3,ET alone,MONOCT std alone,438,4.8346186917689225e-06,0.0021327483153057,2.5309893429709823e-06,1.0
legacy_reused_holdout,1,bestCI,1,1,0.25,gamma,oracle,3,ET alone,POLYCT alone,438,6.520756137501256e-06,-0.0783184571974419,7.913223624977928e-07,1.0
legacy_reused_holdout,1,bestCI,1,1,0.25,gamma,oracle,3,ET+ANTI-CDK wo CT,MONOCT std alone,438,5.554616866289336e-06,0.2648829064840045,2.9974402548926804e-06,1.0
legacy_reused_holdout,1,bestCI,1,1,0.25,gamma,oracle,3,ET+ANTI-CDK wo CT,POLYCT alone,438,6.493571370107368e-06,0.1844317009712567,1.25777327439347e-06,1.0
legacy_reused_holdout,1,bestCI,1,1,0.25,gamma,oracle,3,MONOCT std alone,POLYCT alone,438,6.518687283262187e-06,-0.0804512055127477,-1.7396669804714548e-06,1.0
legacy_reused_holdout,1,bestCI,1,1,0.25,gamma,oracle,4,MONOCT std alone,POLYCT alone,198,8.149574597080827e-06,-0.1895442410376374,-1.6040022500218851e-06,1.0
legacy_reused_holdout,1,bestCI,1,1,0.25,gamma,oracle,all,ET alone,ET+ANTI-CDK wo CT,3255,2.3754168287218353e-06,-0.416617923956788,-5.542456367191306e-07,1.0
legacy_reused_holdout,1,bestCI,1,1,0.25,gamma,oracle,all,ET alone,MONOCT std alone,3255,3.0644808215275925e-06,-0.0277303181628166,1.4848658590541075e-06,1.0
legacy_reused_holdout,1,bestCI,1,1,0.25,gamma,oracle,all,ET alone,POLYCT alone,3255,3.8026927225248615e-06,-0.1019401791254567,4.031351164002217e-07,1.0
legacy_reused_holdout,1,bestCI,1,1,0.25,gamma,oracle,all,ET+ANTI-CDK wo CT,MONOCT std alone,3255,3.438047436226294e-06,0.3888876057939712,2.0391114959328327e-06,1.0
legacy_reused_holdout,1,bestCI,1,1,0.25,gamma,oracle,all,ET+ANTI-CDK wo CT,POLYCT alone,3255,4.071629598529014e-06,0.3146777448313312,9.573807531748637e-07,1.0
legacy_reused_holdout,1,bestCI,1,1,0.25,gamma,oracle,all,MONOCT std alone,POLYCT alone,3453,4.3555345658028e-06,-0.080823300654169,-1.111678544093997e-06,1.0
legacy_reused_holdout,1,bestCI,1,1,0.25,gamma,naive_km,1,ET alone,ET+ANTI-CDK wo CT,1977,0.2711173276823919,-0.4978909760924733,-0.0391058727786283,1.0
legacy_reused_holdout,1,bestCI,1,1,0.25,gamma,naive_km,1,ET alone,MONOCT std alone,1977,1.3415245820092476,-0.0554825038999628,0.8480557292834766,0.6717248356095094
legacy_reused_holdout,1,bestCI,1,1,0.25,gamma,naive_km,1,ET alone,POLYCT alone,1977,1.6129052959904373,-0.0735372008259798,0.1115190094246632,0.5609509357612544
legacy_reused_holdout,1,bestCI,1,1,0.25,gamma,naive_km,1,ET+ANTI-CDK wo CT,MONOCT std alone,1977,1.2323858580656828,0.4424084721925104,0.8871616020621049,0.7971674253920081
legacy_reused_holdout,1,bestCI,1,1,0.25,gamma,naive_km,1,ET+ANTI-CDK wo CT,POLYCT alone,1977,1.5624259603743418,0.4243537752664933,0.1506248822032916,0.6944865958523014
legacy_reused_holdout,1,bestCI,1,1,0.25,gamma,naive_km,1,MONOCT std alone,POLYCT alone,1977,1.7155462185818755,-0.018054696926017,-0.7365367198588132,0.6019221041982802
legacy_reused_holdout,1,bestCI,1,1,0.25,gamma,naive_km,2,ET alone,ET+ANTI-CDK wo CT,840,1.1491726874502706,-0.3055670398412322,-0.8046982436027241,0.6154761904761905
legacy_reused_holdout,1,bestCI,1,1,0.25,gamma,naive_km,2,ET alone,MONOCT std alone,840,0.993693848139412,0.0220149771763743,0.23220046933066,0.5869047619047619
legacy_reused_holdout,1,bestCI,1,1,0.25,gamma,naive_km,2,ET alone,POLYCT alone,840,1.509319717405337,-0.1811056580570475,-0.0973769507266002,0.4916666666666666
legacy_reused_holdout,1,bestCI,1,1,0.25,gamma,naive_km,2,ET+ANTI-CDK wo CT,MONOCT std alone,840,1.47449924015023,0.3275820170176066,1.0368987129333842,0.7130952380952381
legacy_reused_holdout,1,bestCI,1,1,0.25,gamma,naive_km,2,ET+ANTI-CDK wo CT,POLYCT alone,840,1.8033520848292843,0.1244613817841846,0.707321292876124,0.5666666666666667
legacy_reused_holdout,1,bestCI,1,1,0.25,gamma,naive_km,2,MONOCT std alone,POLYCT alone,840,1.5248675652000994,-0.2031206352334219,-0.3295774200572602,0.6214285714285714
legacy_reused_holdout,1,bestCI,1,1,0.25,gamma,naive_km,3,ET alone,ET+ANTI-CDK wo CT,438,0.979859900704336,-0.2627501581686987,-0.8433848255239851,0.728310502283105
legacy_reused_holdout,1,bestCI,1,1,0.25,gamma,naive_km,3,ET alone,MONOCT std alone,438,1.0261929642562055,0.0021327483153057,-0.8517956837763587,0.4246575342465753
legacy_reused_holdout,1,bestCI,1,1,0.25,gamma,naive_km,3,ET alone,POLYCT alone,438,1.1846171315511695,-0.0783184571974419,-0.7622809825907506,0.5251141552511416
legacy_reused_holdout,1,bestCI,1,1,0.25,gamma,naive_km,3,ET+ANTI-CDK wo CT,MONOCT std alone,438,0.5873686139762819,0.2648829064840045,-0.0084108582523737,0.8013698630136986
legacy_reused_holdout,1,bestCI,1,1,0.25,gamma,naive_km,3,ET+ANTI-CDK wo CT,POLYCT alone,438,0.9483062278930586,0.1844317009712567,0.0811038429332343,0.589041095890411
legacy_reused_holdout,1,bestCI,1,1,0.25,gamma,naive_km,3,MONOCT std alone,POLYCT alone,438,0.9204615389845467,-0.0804512055127477,0.089514701185608,0.3904109589041096
legacy_reused_holdout,1,bestCI,1,1,0.25,gamma,naive_km,4,MONOCT std alone,POLYCT alone,198,0.8966248762266925,-0.1895442410376374,-0.2216661981022129,0.6060606060606061
legacy_reused_holdout,1,bestCI,1,1,0.25,gamma,naive_km,all,ET alone,ET+ANTI-CDK wo CT,3255,0.7173846825891441,-0.416617923956788,-0.3449036524390604,0.8642089093701997
legacy_reused_holdout,1,bestCI,1,1,0.25,gamma,naive_km,all,ET alone,MONOCT std alone,3255,1.220494244670179,-0.0277303181628166,0.46038957343691,0.616589861751152
legacy_reused_holdout,1,bestCI,1,1,0.25,gamma,naive_km,all,ET alone,POLYCT alone,3255,1.5351793951867354,-0.1019401791254567,-0.0599700852081516,0.5382488479262673
legacy_reused_holdout,1,bestCI,1,1,0.25,gamma,naive_km,all,ET+ANTI-CDK wo CT,MONOCT std alone,3255,1.2369146912633844,0.3888876057939712,0.8052932258759706,0.776036866359447
legacy_reused_holdout,1,bestCI,1,1,0.25,gamma,naive_km,all,ET+ANTI-CDK wo CT,POLYCT alone,3255,1.5629971979302144,0.3146777448313312,0.2849335672309088,0.6473118279569893
legacy_reused_holdout,1,bestCI,1,1,0.25,gamma,naive_km,all,MONOCT std alone,POLYCT alone,3453,1.5505729552202752,-0.080823300654169,-0.5032321448346116,0.5800752968433246
legacy_reused_holdout,1,bestCI,2,2,0.25,gamma,dynasurv,1,ET alone,ET+ANTI-CDK wo CT,1977,0.3755382675466865,-0.5089863968584516,0.0862362814638593,0.9878603945371776
legacy_reused_holdout,1,bestCI,2,2,0.25,gamma,dynasurv,1,ET alone,MONOCT std alone,1977,2.233861750281191,-0.0481463392069761,1.8870365340998592,0.6990389479008599
legacy_reused_holdout,1,bestCI,2,2,0.25,gamma,dynasurv,1,ET alone,POLYCT alone,1977,2.915262901981406,-0.067420515445885,2.4601502746621935,0.5796661608497724
legacy_reused_holdout,1,bestCI,2,2,0.25,gamma,dynasurv,1,ET+ANTI-CDK wo CT,MONOCT std alone,1977,2.1541677982866005,0.4608400576514755,1.800800252636,0.8047546788062722
legacy_reused_holdout,1,bestCI,2,2,0.25,gamma,dynasurv,1,ET+ANTI-CDK wo CT,POLYCT alone,1977,2.816102224577015,0.4415658814125666,2.3739141124076237,0.6995447647951442
legacy_reused_holdout,1,bestCI,2,2,0.25,gamma,dynasurv,1,MONOCT std alone,POLYCT alone,1977,1.6368446428933152,-0.0192741762389088,0.573114038585558,0.4623166413758219
legacy_reused_holdout,1,bestCI,2,2,0.25,gamma,dynasurv,2,ET alone,ET+ANTI-CDK wo CT,840,0.8357399441738171,-0.2999682189285955,-0.0727449892699518,0.5833333333333334
legacy_reused_holdout,1,bestCI,2,2,0.25,gamma,dynasurv,2,ET alone,MONOCT std alone,840,0.994316454962001,0.0314213785254626,0.510053679076466,0.6952380952380952
legacy_reused_holdout,1,bestCI,2,2,0.25,gamma,dynasurv,2,ET alone,POLYCT alone,840,1.569648348155572,-0.1732070023816194,0.7935266072552767,0.6238095238095238
legacy_reused_holdout,1,bestCI,2,2,0.25,gamma,dynasurv,2,ET+ANTI-CDK wo CT,MONOCT std alone,840,1.0327477572999808,0.3313895974540581,0.5827987279510627,0.7702380952380953
legacy_reused_holdout,1,bestCI,2,2,0.25,gamma,dynasurv,2,ET+ANTI-CDK wo CT,POLYCT alone,840,1.6196321776068576,0.1267612165469761,0.8662715965252284,0.6238095238095238
legacy_reused_holdout,1,bestCI,2,2,0.25,gamma,dynasurv,2,MONOCT std alone,POLYCT alone,840,1.4768271133965731,-0.204628380907082,0.2834728909259075,0.5345238095238095
legacy_reused_holdout,1,bestCI,2,2,0.25,gamma,dynasurv,3,ET alone,ET+ANTI-CDK wo CT,438,0.5565619161867283,-0.2701111613299221,0.2459496791000933,0.593607305936073
legacy_reused_holdout,1,bestCI,2,2,0.25,gamma,dynasurv,3,ET alone,MONOCT std alone,438,0.6345823490599616,-0.0072515221449903,0.3617800088736586,0.678082191780822
legacy_reused_holdout,1,bestCI,2,2,0.25,gamma,dynasurv,3,ET alone,POLYCT alone,438,0.9809509555932396,-0.0914185442567877,0.4462507464529089,0.6187214611872146
legacy_reused_holdout,1,bestCI,2,2,0.25,gamma,dynasurv,3,ET+ANTI-CDK wo CT,MONOCT std alone,438,0.5081499549897959,0.2628596391849317,0.1158303353615007,0.8333333333333334
legacy_reused_holdout,1,bestCI,2,2,0.25,gamma,dynasurv,3,ET+ANTI-CDK wo CT,POLYCT alone,438,0.8733747793690586,0.1786926170731343,0.2003010729407512,0.6986301369863014
legacy_reused_holdout,1,bestCI,2,2,0.25,gamma,dynasurv,3,MONOCT std alone,POLYCT alone,438,0.8971313317792727,-0.0841670221117973,0.0844707390635457,0.5684931506849316
legacy_reused_holdout,1,bestCI,2,2,0.25,gamma,dynasurv,4,ET alone,MONOCT std alone,198,0.7248362063884924,0.0843914338185459,0.4403072408602565,0.6212121212121212
legacy_reused_holdout,1,bestCI,2,2,0.25,gamma,dynasurv,4,ET alone,POLYCT alone,198,1.0779639335756517,-0.1072420412533216,0.5224676662914687,0.5454545454545454
legacy_reused_holdout,1,bestCI,2,2,0.25,gamma,dynasurv,4,MONOCT std alone,POLYCT alone,198,0.9930057456275072,-0.1916334750718676,0.0821604701346957,0.5454545454545454
legacy_reused_holdout,1,bestCI,2,2,0.25,gamma,dynasurv,all,ET alone,ET+ANTI-CDK wo CT,3255,0.5546056731634936,-0.4229026418284746,0.0667002778605791,0.8304147465437788
legacy_reused_holdout,1,bestCI,2,2,0.25,gamma,dynasurv,all,ET alone,MONOCT std alone,3453,1.7829183759051803,-0.0160029010872391,1.275631912241414,0.6909933391253982
legacy_reused_holdout,1,bestCI,2,2,0.25,gamma,dynasurv,all,ET alone,POLYCT alone,3453,2.377809246937133,-0.0984823306080815,1.6881513197896,0.5933970460469157
legacy_reused_holdout,1,bestCI,2,2,0.25,gamma,dynasurv,all,ET+ANTI-CDK wo CT,MONOCT std alone,3255,1.7687475973915283,0.400792804240054,1.259743961812192,0.7996927803379417
legacy_reused_holdout,1,bestCI,2,2,0.25,gamma,dynasurv,all,ET+ANTI-CDK wo CT,POLYCT alone,3255,2.365656592315167,0.3249531599785368,1.6923588898871855,0.6798771121351767
legacy_reused_holdout,1,bestCI,2,2,0.25,gamma,dynasurv,all,MONOCT std alone,POLYCT alone,3453,1.491040437759214,-0.0824794295208423,0.4125194373505085,0.4981175789168838
legacy_reused_holdout,1,bestCI,2,2,0.25,gamma,oracle,1,ET alone,ET+ANTI-CDK wo CT,1977,1.1124645697548726e-06,-0.5089863968584516,-5.571671117809984e-07,1.0
legacy_reused_holdout,1,bestCI,2,2,0.25,gamma,oracle,1,ET alone,MONOCT std alone,1977,2.0049078070888234e-06,-0.0481463392069761,9.888725907153395e-07,1.0
legacy_reused_holdout,1,bestCI,2,2,0.25,gamma,oracle,1,ET alone,POLYCT alone,1977,2.5077976609040856e-06,-0.067420515445885,1.9273478793491175e-07,1.0
legacy_reused_holdout,1,bestCI,2,2,0.25,gamma,oracle,1,ET+ANTI-CDK wo CT,MONOCT std alone,1977,2.106179340222549e-06,0.4608400576514755,1.546039702426949e-06,1.0
legacy_reused_holdout,1,bestCI,2,2,0.25,gamma,oracle,1,ET+ANTI-CDK wo CT,POLYCT alone,1977,2.656289230378656e-06,0.4415658814125666,7.499018997991769e-07,1.0
legacy_reused_holdout,1,bestCI,2,2,0.25,gamma,oracle,1,MONOCT std alone,POLYCT alone,1977,2.5607503197308666e-06,-0.0192741762389088,-7.961378027630805e-07,1.0
legacy_reused_holdout,1,bestCI,2,2,0.25,gamma,oracle,2,ET alone,ET+ANTI-CDK wo CT,840,2.981219101430079e-06,-0.2999682189285955,-5.66100265220193e-07,1.0
legacy_reused_holdout,1,bestCI,2,2,0.25,gamma,oracle,2,ET alone,MONOCT std alone,840,3.83574792049936e-06,0.0314213785254626,2.059975818161086e-06,1.0
legacy_reused_holdout,1,bestCI,2,2,0.25,gamma,oracle,2,ET alone,POLYCT alone,840,4.6588592937225225e-06,-0.1732070023816194,6.846275526495305e-07,1.0
legacy_reused_holdout,1,bestCI,2,2,0.25,gamma,oracle,2,ET+ANTI-CDK wo CT,MONOCT std alone,840,4.36423807358121e-06,0.3313895974540581,2.62607608331189e-06,1.0
legacy_reused_holdout,1,bestCI,2,2,0.25,gamma,oracle,2,ET+ANTI-CDK wo CT,POLYCT alone,840,5.149084564052212e-06,0.1267612165469761,1.2507278178142125e-06,1.0
legacy_reused_holdout,1,bestCI,2,2,0.25,gamma,oracle,2,MONOCT std alone,POLYCT alone,840,5.037432088180513e-06,-0.204628380907082,-1.3753482655254334e-06,1.0
legacy_reused_holdout,1,bestCI,2,2,0.25,gamma,oracle,3,ET alone,ET+ANTI-CDK wo CT,438,5.0024354596764225e-06,-0.2701111613299221,-3.303565258017116e-07,1.0
legacy_reused_holdout,1,bestCI,2,2,0.25,gamma,oracle,3,ET alone,MONOCT std alone,438,5.213981640135657e-06,-0.0072515221449903,2.6396892363186528e-06,1.0
legacy_reused_holdout,1,bestCI,2,2,0.25,gamma,oracle,3,ET alone,POLYCT alone,438,6.752239320846026e-06,-0.0914185442567877,9.953928832989734e-07,1.0
legacy_reused_holdout,1,bestCI,2,2,0.25,gamma,oracle,3,ET+ANTI-CDK wo CT,MONOCT std alone,438,5.835408239760791e-06,0.2628596391849317,2.970045762162865e-06,1.0
legacy_reused_holdout,1,bestCI,2,2,0.25,gamma,oracle,3,ET+ANTI-CDK wo CT,POLYCT alone,438,6.243397714945292e-06,0.1786926170731343,1.325749409170074e-06,1.0
legacy_reused_holdout,1,bestCI,2,2,0.25,gamma,oracle,3,MONOCT std alone,POLYCT alone,438,6.786320224451814e-06,-0.0841670221117973,-1.6442963530344246e-06,1.0
legacy_reused_holdout,1,bestCI,2,2,0.25,gamma,oracle,4,ET alone,MONOCT std alone,198,6.1494573609967465e-06,0.0843914338185459,2.853522950180265e-06,1.0
legacy_reused_holdout,1,bestCI,2,2,0.25,gamma,oracle,4,ET alone,POLYCT alone,198,6.642918979665115e-06,-0.1072420412533216,9.958628448686335e-07,1.0
legacy_reused_holdout,1,bestCI,2,2,0.25,gamma,oracle,4,MONOCT std alone,POLYCT alone,198,8.171655642692536e-06,-0.1916334750718676,-1.857660105269998e-06,1.0
legacy_reused_holdout,1,bestCI,2,2,0.25,gamma,oracle,all,ET alone,ET+ANTI-CDK wo CT,3255,2.532310470991607e-06,-0.4229026418284746,-5.289523075102665e-07,1.0
legacy_reused_holdout,1,bestCI,2,2,0.25,gamma,oracle,all,ET alone,MONOCT std alone,3453,3.3907838771016635e-06,-0.0160029010872391,1.5657579579275716e-06,1.0
legacy_reused_holdout,1,bestCI,2,2,0.25,gamma,oracle,all,ET alone,POLYCT alone,3453,4.146626963167765e-06,-0.0984823306080815,4.602625966326768e-07,1.0
legacy_reused_holdout,1,bestCI,2,2,0.25,gamma,oracle,all,ET+ANTI-CDK wo CT,MONOCT std alone,3255,3.491655555499022e-06,0.400792804240054,2.016376173752388e-06,1.0
legacy_reused_holdout,1,bestCI,2,2,0.25,gamma,oracle,all,ET+ANTI-CDK wo CT,POLYCT alone,3255,4.046340130788065e-06,0.3249531599785368,9.566346125255976e-07,1.0
legacy_reused_holdout,1,bestCI,2,2,0.25,gamma,oracle,all,MONOCT std alone,POLYCT alone,3453,4.4269997796709164e-06,-0.0824794295208423,-1.1054953612948948e-06,1.0
legacy_reused_holdout,1,bestCI,2,2,0.25,gamma,naive_km,1,ET alone,ET+ANTI-CDK wo CT,1977,0.2821775036005572,-0.5089863968584516,0.0741040626041864,1.0
legacy_reused_holdout,1,bestCI,2,2,0.25,gamma,naive_km,1,ET alone,MONOCT std alone,1977,1.1162536969778456,-0.0481463392069761,0.3950629624460651,0.6717248356095094
legacy_reused_holdout,1,bestCI,2,2,0.25,gamma,naive_km,1,ET alone,POLYCT alone,1977,1.658541575190749,-0.067420515445885,-0.2263509243682587,0.4390490642387455
legacy_reused_holdout,1,bestCI,2,2,0.25,gamma,naive_km,1,ET+ANTI-CDK wo CT,MONOCT std alone,1977,0.9250565750092224,0.4608400576514755,0.3209588998418786,0.7971674253920081
legacy_reused_holdout,1,bestCI,2,2,0.25,gamma,naive_km,1,ET+ANTI-CDK wo CT,POLYCT alone,1977,1.6246292821001849,0.4415658814125666,-0.3004549869724452,0.6944865958523014
legacy_reused_holdout,1,bestCI,2,2,0.25,gamma,naive_km,1,MONOCT std alone,POLYCT alone,1977,1.6926715831482453,-0.0192741762389088,-0.621413886814324,0.6019221041982802
legacy_reused_holdout,1,bestCI,2,2,0.25,gamma,naive_km,2,ET alone,ET+ANTI-CDK wo CT,840,0.910521823396782,-0.2999682189285955,-0.4235257849853426,0.6154761904761905
legacy_reused_holdout,1,bestCI,2,2,0.25,gamma,naive_km,2,ET alone,MONOCT std alone,840,1.166513886621111,0.0314213785254626,0.666235991261124,0.5869047619047619
legacy_reused_holdout,1,bestCI,2,2,0.25,gamma,naive_km,2,ET alone,POLYCT alone,840,1.5753005214743423,-0.1732070023816194,0.4040084331397769,0.5083333333333333
legacy_reused_holdout,1,bestCI,2,2,0.25,gamma,naive_km,2,ET+ANTI-CDK wo CT,MONOCT std alone,840,1.5106966777600186,0.3313895974540581,1.0897617762464666,0.7130952380952381
legacy_reused_holdout,1,bestCI,2,2,0.25,gamma,naive_km,2,ET+ANTI-CDK wo CT,POLYCT alone,840,1.8436427045939987,0.1267612165469761,0.8275342181251196,0.5666666666666667
legacy_reused_holdout,1,bestCI,2,2,0.25,gamma,naive_km,2,MONOCT std alone,POLYCT alone,840,1.5306494309463086,-0.204628380907082,-0.262227558121347,0.6214285714285714
legacy_reused_holdout,1,bestCI,2,2,0.25,gamma,naive_km,3,ET alone,ET+ANTI-CDK wo CT,438,0.818121813920021,-0.2701111613299221,0.6397256308410084,0.271689497716895
legacy_reused_holdout,1,bestCI,2,2,0.25,gamma,naive_km,3,ET alone,MONOCT std alone,438,0.7751373695398982,-0.0072515221449903,0.5319174650160593,0.5753424657534246
legacy_reused_holdout,1,bestCI,2,2,0.25,gamma,naive_km,3,ET alone,POLYCT alone,438,1.0791629936722484,-0.0914185442567877,0.5527372647405514,0.4748858447488584
legacy_reused_holdout,1,bestCI,2,2,0.25,gamma,naive_km,3,ET+ANTI-CDK wo CT,MONOCT std alone,438,0.5942054075755739,0.2628596391849317,-0.1078081658249491,0.8013698630136986
legacy_reused_holdout,1,bestCI,2,2,0.25,gamma,naive_km,3,ET+ANTI-CDK wo CT,POLYCT alone,438,0.9745469546480428,0.1786926170731343,-0.0869883661004569,0.589041095890411
legacy_reused_holdout,1,bestCI,2,2,0.25,gamma,naive_km,3,MONOCT std alone,POLYCT alone,438,0.9265081159113044,-0.0841670221117973,0.020819799724492,0.6095890410958904
legacy_reused_holdout,1,bestCI,2,2,0.25,gamma,naive_km,4,ET alone,MONOCT std alone,198,0.6378650248938329,0.0843914338185459,0.2491504848845821,0.5808080808080808
legacy_reused_holdout,1,bestCI,2,2,0.25,gamma,naive_km,4,ET alone,POLYCT alone,198,0.9553208642368706,-0.1072420412533216,0.3385172830018949,0.4696969696969697
legacy_reused_holdout,1,bestCI,2,2,0.25,gamma,naive_km,4,MONOCT std alone,POLYCT alone,198,0.8838507616921812,-0.1916334750718676,0.0893667981173128,0.6060606060606061
legacy_reused_holdout,1,bestCI,2,2,0.25,gamma,naive_km,all,ET alone,ET+ANTI-CDK wo CT,3255,0.5936123191353438,-0.4229026418284746,0.02179474614106,0.8027649769585253
legacy_reused_holdout,1,bestCI,2,2,0.25,gamma,naive_km,all,ET alone,MONOCT std alone,3453,1.0695679378192615,-0.0160029010872391,0.4700229814941778,0.6336518969012453
legacy_reused_holdout,1,bestCI,2,2,0.25,gamma,naive_km,all,ET alone,POLYCT alone,3453,1.5422955792125643,-0.0984823306080815,0.0582092818859258,0.4622067767158992
legacy_reused_holdout,1,bestCI,2,2,0.25,gamma,naive_km,all,ET+ANTI-CDK wo CT,MONOCT std alone,3255,1.075274174377231,0.400792804240054,0.4616637973588627,0.776036866359447
legacy_reused_holdout,1,bestCI,2,2,0.25,gamma,naive_km,all,ET+ANTI-CDK wo CT,POLYCT alone,3255,1.6149547187092443,0.3249531599785368,0.0193635421285947,0.6473118279569893
legacy_reused_holdout,1,bestCI,2,2,0.25,gamma,naive_km,all,MONOCT std alone,POLYCT alone,3453,1.5375467328771293,-0.0824794295208423,-0.4118136996082521,0.6078772082247321
legacy_reused_holdout,1,bestCI,0,0,0.5,gamma,dynasurv,1,ET alone,ET+ANTI-CDK wo CT,1977,0.5295584309917796,-0.5066707314001384,0.0353611887441935,0.8978249873545776
legacy_reused_holdout,1,bestCI,0,0,0.5,gamma,dynasurv,1,ET alone,MONOCT std alone,1977,1.015764107125479,-0.0582228104049258,0.4165787199908786,0.8012139605462822
legacy_reused_holdout,1,bestCI,0,0,0.5,gamma,dynasurv,1,ET alone,POLYCT alone,1977,2.7268367819024415,-0.06436492240054,2.116868746634549,0.637329286798179
legacy_reused_holdout,1,bestCI,0,0,0.5,gamma,dynasurv,1,ET+ANTI-CDK wo CT,MONOCT std alone,1977,0.9161665432122094,0.4484479209952126,0.3812175014443626,0.8634294385432474
legacy_reused_holdout,1,bestCI,0,0,0.5,gamma,dynasurv,1,ET+ANTI-CDK wo CT,POLYCT alone,1977,2.640362421986624,0.4423058089995983,2.081507677099645,0.7288821446636318
legacy_reused_holdout,1,bestCI,0,0,0.5,gamma,dynasurv,1,MONOCT std alone,POLYCT alone,1977,2.1540261250354775,-0.0061421119956142,1.7002900564459926,0.5462822458270106
legacy_reused_holdout,1,bestCI,0,0,0.5,gamma,dynasurv,2,ET alone,ET+ANTI-CDK wo CT,840,1.1042241182210797,-0.3232985695794358,-0.4100728670164809,0.5833333333333334
legacy_reused_holdout,1,bestCI,0,0,0.5,gamma,dynasurv,2,ET alone,MONOCT std alone,840,1.0328217140632856,0.0392706119439989,0.3578406847097485,0.6738095238095239
legacy_reused_holdout,1,bestCI,0,0,0.5,gamma,dynasurv,2,ET alone,POLYCT alone,840,2.072977586692673,-0.1729173009836888,1.319159085079453,0.6357142857142857
legacy_reused_holdout,1,bestCI,0,0,0.5,gamma,dynasurv,2,ET+ANTI-CDK wo CT,MONOCT std alone,840,1.3302968033040103,0.3625691815234348,0.7679134921215847,0.7309523809523809
legacy_reused_holdout,1,bestCI,0,0,0.5,gamma,dynasurv,2,ET+ANTI-CDK wo CT,POLYCT alone,840,2.37758208836103,0.150381268595747,1.7292320117005786,0.5916666666666667
legacy_reused_holdout,1,bestCI,0,0,0.5,gamma,dynasurv,2,MONOCT std alone,POLYCT alone,840,1.5725202493350243,-0.2121879129276878,0.9613184599743492,0.680952380952381
legacy_reused_holdout,1,bestCI,0,0,0.5,gamma,dynasurv,3,ET alone,ET+ANTI-CDK wo CT,438,0.7162451441337775,-0.2653482773068014,-0.3487715504405436,0.7214611872146118
legacy_reused_holdout,1,bestCI,0,0,0.5,gamma,dynasurv,3,ET alone,MONOCT std alone,438,0.6502987046508,0.0127150503280363,-0.0292937861117325,0.6027397260273972
legacy_reused_holdout,1,bestCI,0,0,0.5,gamma,dynasurv,3,ET alone,POLYCT alone,438,1.0576982845306435,-0.0865553176645111,0.4776452934984039,0.6050228310502284
legacy_reused_holdout,1,bestCI,0,0,0.5,gamma,dynasurv,3,ET+ANTI-CDK wo CT,MONOCT std alone,438,0.7168999402949808,0.2780633276348377,0.3194778257961009,0.8127853881278538
legacy_reused_holdout,1,bestCI,0,0,0.5,gamma,dynasurv,3,ET+ANTI-CDK wo CT,POLYCT alone,438,1.265641135390995,0.1787929596422902,0.8264169631482371,0.6187214611872146
legacy_reused_holdout,1,bestCI,0,0,0.5,gamma,dynasurv,3,MONOCT std alone,POLYCT alone,438,0.92654567969487,-0.0992703679925475,0.506939047945169,0.6735159817351598
legacy_reused_holdout,1,bestCI,0,0,0.5,gamma,dynasurv,4,MONOCT std alone,POLYCT alone,198,1.0221405432533663,-0.2017186626821899,0.6601722881227875,0.5959595959595959
legacy_reused_holdout,1,bestCI,0,0,0.5,gamma,dynasurv,all,ET alone,ET+ANTI-CDK wo CT,3255,0.7443246809883567,-0.4268759999647246,-0.1312792982683076,0.7929339477726575
legacy_reused_holdout,1,bestCI,0,0,0.5,gamma,dynasurv,all,ET alone,MONOCT std alone,3255,0.9792145637290348,-0.0235176620872194,0.3414228794963533,0.7416282642089094
legacy_reused_holdout,1,bestCI,0,0,0.5,gamma,dynasurv,all,ET alone,POLYCT alone,3255,2.4032708203220863,-0.0953644281257211,1.6904307371009408,0.6325652841781874
legacy_reused_holdout,1,bestCI,0,0,0.5,gamma,dynasurv,all,ET+ANTI-CDK wo CT,MONOCT std alone,3255,1.0176724678516902,0.4033583378775052,0.4727022075669833,0.8224270353302612
legacy_reused_holdout,1,bestCI,0,0,0.5,gamma,dynasurv,all,ET+ANTI-CDK wo CT,POLYCT alone,3255,2.430775855744748,0.3315115718390036,1.8217100353692484,0.6786482334869431
legacy_reused_holdout,1,bestCI,0,0,0.5,gamma,dynasurv,all,MONOCT std alone,POLYCT alone,3453,1.851181459084611,-0.0792938078964368,1.3095089997375624,0.598030697943817
legacy_reused_holdout,1,bestCI,0,0,0.5,gamma,oracle,1,ET alone,ET+ANTI-CDK wo CT,1977,1.12516254550645e-06,-0.5066707314001384,-5.573192065622123e-07,1.0
legacy_reused_holdout,1,bestCI,0,0,0.5,gamma,oracle,1,ET alone,MONOCT std alone,1977,2.0165963991582737e-06,-0.0582228104049258,1.014381830262423e-06,1.0
legacy_reused_holdout,1,bestCI,0,0,0.5,gamma,oracle,1,ET alone,POLYCT alone,1977,2.499541296106892e-06,-0.06436492240054,2.0166529801635138e-07,1.0
legacy_reused_holdout,1,bestCI,0,0,0.5,gamma,oracle,1,ET+ANTI-CDK wo CT,MONOCT std alone,1977,2.118576702643625e-06,0.4484479209952126,1.5717010368176965e-06,1.0
legacy_reused_holdout,1,bestCI,0,0,0.5,gamma,oracle,1,ET+ANTI-CDK wo CT,POLYCT alone,1977,2.6141786293319816e-06,0.4423058089995983,7.589845046340749e-07,1.0
legacy_reused_holdout,1,bestCI,0,0,0.5,gamma,oracle,1,MONOCT std alone,POLYCT alone,1977,2.4991949351206824e-06,-0.0061421119956142,-8.127165322321939e-07,1.0
legacy_reused_holdout,1,bestCI,0,0,0.5,gamma,oracle,2,ET alone,ET+ANTI-CDK wo CT,840,3.2956100854742494e-06,-0.3232985695794358,-4.018049508114352e-07,1.0
legacy_reused_holdout,1,bestCI,0,0,0.5,gamma,oracle,2,ET alone,MONOCT std alone,840,4.079292952791955e-06,0.0392706119439989,2.180554145664315e-06,1.0
legacy_reused_holdout,1,bestCI,0,0,0.5,gamma,oracle,2,ET alone,POLYCT alone,840,4.422560553761558e-06,-0.1729173009836888,8.023263973755412e-07,1.0
legacy_reused_holdout,1,bestCI,0,0,0.5,gamma,oracle,2,ET+ANTI-CDK wo CT,MONOCT std alone,840,4.536006721111443e-06,0.3625691815234348,2.5823590964479948e-06,1.0
legacy_reused_holdout,1,bestCI,0,0,0.5,gamma,oracle,2,ET+ANTI-CDK wo CT,POLYCT alone,840,5.204253193068338e-06,0.150381268595747,1.204131348214732e-06,1.0
legacy_reused_holdout,1,bestCI,0,0,0.5,gamma,oracle,2,MONOCT std alone,POLYCT alone,840,5.0498806918891365e-06,-0.2121879129276878,-1.3782277482610183e-06,1.0
legacy_reused_holdout,1,bestCI,0,0,0.5,gamma,oracle,3,ET alone,ET+ANTI-CDK wo CT,438,4.554067701591727e-06,-0.2653482773068014,-5.744247755790077e-07,1.0
legacy_reused_holdout,1,bestCI,0,0,0.5,gamma,oracle,3,ET alone,MONOCT std alone,438,5.332740208838092e-06,0.0127150503280363,2.416657092102828e-06,1.0
legacy_reused_holdout,1,bestCI,0,0,0.5,gamma,oracle,3,ET alone,POLYCT alone,438,7.101869819058812e-06,-0.0865553176645111,4.359002984954952e-07,1.0
legacy_reused_holdout,1,bestCI,0,0,0.5,gamma,oracle,3,ET+ANTI-CDK wo CT,MONOCT std alone,438,6.20455297257862e-06,0.2780633276348377,2.9910818675760176e-06,1.0
legacy_reused_holdout,1,bestCI,0,0,0.5,gamma,oracle,3,ET+ANTI-CDK wo CT,POLYCT alone,438,7.37840492957492e-06,0.1787929596422902,1.0103250740467471e-06,1.0
legacy_reused_holdout,1,bestCI,0,0,0.5,gamma,oracle,3,MONOCT std alone,POLYCT alone,438,8.362521965110168e-06,-0.0992703679925475,-1.980756793598659e-06,1.0
legacy_reused_holdout,1,bestCI,0,0,0.5,gamma,oracle,4,MONOCT std alone,POLYCT alone,198,8.169033756608915e-06,-0.2017186626821899,-1.7388409064289512e-06,1.0
legacy_reused_holdout,1,bestCI,0,0,0.5,gamma,oracle,all,ET alone,ET+ANTI-CDK wo CT,3255,2.5224069597827073e-06,-0.4268759999647246,-5.19488258576839e-07,1.0
legacy_reused_holdout,1,bestCI,0,0,0.5,gamma,oracle,all,ET alone,MONOCT std alone,3255,3.2543868372289582e-06,-0.0235176620872194,1.5040227855957211e-06,1.0
legacy_reused_holdout,1,bestCI,0,0,0.5,gamma,oracle,all,ET alone,POLYCT alone,3255,3.953357955178729e-06,-0.0953644281257211,3.8819379377663665e-07,1.0
legacy_reused_holdout,1,bestCI,0,0,0.5,gamma,oracle,all,ET+ANTI-CDK wo CT,MONOCT std alone,3255,3.63538925269951e-06,0.4033583378775052,2.0235110441690907e-06,1.0
legacy_reused_holdout,1,bestCI,0,0,0.5,gamma,oracle,all,ET+ANTI-CDK wo CT,POLYCT alone,3255,4.297198275964746e-06,0.3315115718390036,9.076820523534755e-07,1.0
legacy_reused_holdout,1,bestCI,0,0,0.5,gamma,oracle,all,MONOCT std alone,POLYCT alone,3453,4.740978420095199e-06,-0.0792938078964368,-1.1515533935302358e-06,1.0
legacy_reused_holdout,1,bestCI,0,0,0.5,gamma,naive_km,1,ET alone,ET+ANTI-CDK wo CT,1977,0.4516242560067934,-0.5066707314001384,-0.3578744041994142,1.0
legacy_reused_holdout,1,bestCI,0,0,0.5,gamma,naive_km,1,ET alone,MONOCT std alone,1977,1.185689797696234,-0.0582228104049258,0.5494264745917314,0.6717248356095094
legacy_reused_holdout,1,bestCI,0,0,0.5,gamma,naive_km,1,ET alone,POLYCT alone,1977,1.6733786627518858,-0.06436492240054,-0.2967343446035813,0.4390490642387455
legacy_reused_holdout,1,bestCI,0,0,0.5,gamma,naive_km,1,ET+ANTI-CDK wo CT,MONOCT std alone,1977,1.2563997364658672,0.4484479209952126,0.9073008787911458,0.7971674253920081
legacy_reused_holdout,1,bestCI,0,0,0.5,gamma,naive_km,1,ET+ANTI-CDK wo CT,POLYCT alone,1977,1.6036904714722828,0.4423058089995983,0.0611400595958329,0.6944865958523014
legacy_reused_holdout,1,bestCI,0,0,0.5,gamma,naive_km,1,MONOCT std alone,POLYCT alone,1977,1.7951408087765397,-0.0061421119956142,-0.8461608191953127,0.6019221041982802
legacy_reused_holdout,1,bestCI,0,0,0.5,gamma,naive_km,2,ET alone,ET+ANTI-CDK wo CT,840,1.1733851665895365,-0.3232985695794358,-0.8232364897444344,0.6154761904761905
legacy_reused_holdout,1,bestCI,0,0,0.5,gamma,naive_km,2,ET alone,MONOCT std alone,840,1.4420634434589836,0.0392706119439989,1.0563264001775363,0.5869047619047619
legacy_reused_holdout,1,bestCI,0,0,0.5,gamma,naive_km,2,ET alone,POLYCT alone,840,1.5902099218439203,-0.1729173009836888,0.3134028601467424,0.5083333333333333
legacy_reused_holdout,1,bestCI,0,0,0.5,gamma,naive_km,2,ET+ANTI-CDK wo CT,MONOCT std alone,840,2.162217983059484,0.3625691815234348,1.8795628899219703,0.7130952380952381
legacy_reused_holdout,1,bestCI,0,0,0.5,gamma,naive_km,2,ET+ANTI-CDK wo CT,POLYCT alone,840,2.019037316842062,0.150381268595747,1.1366393498911769,0.5666666666666667
legacy_reused_holdout,1,bestCI,0,0,0.5,gamma,naive_km,2,MONOCT std alone,POLYCT alone,840,1.6894742564788805,-0.2121879129276878,-0.7429235400307941,0.6214285714285714
legacy_reused_holdout,1,bestCI,0,0,0.5,gamma,naive_km,3,ET alone,ET+ANTI-CDK wo CT,438,0.7030132433736102,-0.2653482773068014,-0.4908910336354722,0.728310502283105
legacy_reused_holdout,1,bestCI,0,0,0.5,gamma,naive_km,3,ET alone,MONOCT std alone,438,0.5777036307032117,0.0127150503280363,-0.0884511533232674,0.4246575342465753
legacy_reused_holdout,1,bestCI,0,0,0.5,gamma,naive_km,3,ET alone,POLYCT alone,438,0.9338885645945888,-0.0865553176645111,-0.0883601505319859,0.5251141552511416
legacy_reused_holdout,1,bestCI,0,0,0.5,gamma,naive_km,3,ET+ANTI-CDK wo CT,MONOCT std alone,438,0.7171661080244065,0.2780633276348377,0.4024398803122048,0.8013698630136986
legacy_reused_holdout,1,bestCI,0,0,0.5,gamma,naive_km,3,ET+ANTI-CDK wo CT,POLYCT alone,438,1.0487159685194638,0.1787929596422902,0.4025308831034863,0.589041095890411
legacy_reused_holdout,1,bestCI,0,0,0.5,gamma,naive_km,3,MONOCT std alone,POLYCT alone,438,0.93182823070887,-0.0992703679925475,9.100279128149148e-05,0.6095890410958904
legacy_reused_holdout,1,bestCI,0,0,0.5,gamma,naive_km,4,MONOCT std alone,POLYCT alone,198,0.965305765222258,-0.2017186626821899,0.3323595784125949,0.3939393939393939
legacy_reused_holdout,1,bestCI,0,0,0.5,gamma,naive_km,all,ET alone,ET+ANTI-CDK wo CT,3255,0.7387141569475295,-0.4268759999647246,-0.4958668575176356,0.8642089093701997
legacy_reused_holdout,1,bestCI,0,0,0.5,gamma,naive_km,all,ET alone,MONOCT std alone,3255,1.1981019340285164,-0.0235176620872194,0.5944051340280776,0.616589861751152
legacy_reused_holdout,1,bestCI,0,0,0.5,gamma,naive_km,all,ET alone,POLYCT alone,3255,1.571848474529804,-0.0953644281257211,-0.1112402896132185,0.4685099846390169
legacy_reused_holdout,1,bestCI,0,0,0.5,gamma,naive_km,all,ET+ANTI-CDK wo CT,MONOCT std alone,3255,1.494815026723323,0.4033583378775052,1.0902719915457133,0.776036866359447
legacy_reused_holdout,1,bestCI,0,0,0.5,gamma,naive_km,all,ET+ANTI-CDK wo CT,POLYCT alone,3255,1.6619421958126894,0.3315115718390036,0.3846265679044168,0.6473118279569893
legacy_reused_holdout,1,bestCI,0,0,0.5,gamma,naive_km,all,MONOCT std alone,POLYCT alone,3453,1.6440742909267383,-0.0792938078964368,-0.6461247197876413,0.5957138719953663
legacy_reused_holdout,1,bestCI,1,1,0.5,gamma,dynasurv,1,ET alone,ET+ANTI-CDK wo CT,1977,0.780784509352227,-0.503109899481753,-0.3321706977281774,0.9752149721800708
legacy_reused_holdout,1,bestCI,1,1,0.5,gamma,dynasurv,1,ET alone,MONOCT std alone,1977,1.4481990026842728,-0.053659128116352,-0.0789148191940956,0.7369752149721801
legacy_reused_holdout,1,bestCI,1,1,0.5,gamma,dynasurv,1,ET alone,POLYCT alone,1977,1.6298393279429284,-0.0737541590473058,0.9704427991649512,0.7314112291350531
legacy_reused_holdout,1,bestCI,1,1,0.5,gamma,dynasurv,1,ET+ANTI-CDK wo CT,MONOCT std alone,1977,1.4376874016145516,0.449450771365401,0.2532559232375653,0.8012139605462822
legacy_reused_holdout,1,bestCI,1,1,0.5,gamma,dynasurv,1,ET+ANTI-CDK wo CT,POLYCT alone,1977,1.951661250670519,0.4293557404344472,1.302613377683839,0.7268588770864947
legacy_reused_holdout,1,bestCI,1,1,0.5,gamma,dynasurv,1,MONOCT std alone,POLYCT alone,1977,1.8015035651602296,-0.0200950309309538,1.0493575736555631,0.6084977238239757
legacy_reused_holdout,1,bestCI,1,1,0.5,gamma,dynasurv,2,ET alone,ET+ANTI-CDK wo CT,840,1.4544658244283557,-0.3105196633503166,-0.943552525980738,0.594047619047619
legacy_reused_holdout,1,bestCI,1,1,0.5,gamma,dynasurv,2,ET alone,MONOCT std alone,840,1.0989498203355827,0.0271918947445559,-0.164597483967464,0.6892857142857143
legacy_reused_holdout,1,bestCI,1,1,0.5,gamma,dynasurv,2,ET alone,POLYCT alone,840,1.4895220933721427,-0.1817042438779543,0.2863186954055499,0.6130952380952381
legacy_reused_holdout,1,bestCI,1,1,0.5,gamma,dynasurv,2,ET+ANTI-CDK wo CT,MONOCT std alone,840,1.3719208040849027,0.3377115580948727,0.77895511651908,0.7392857142857143
legacy_reused_holdout,1,bestCI,1,1,0.5,gamma,dynasurv,2,ET+ANTI-CDK wo CT,POLYCT alone,840,2.0256978359795332,0.1288154194723623,1.229871385299061,0.6214285714285714
legacy_reused_holdout,1,bestCI,1,1,0.5,gamma,dynasurv,2,MONOCT std alone,POLYCT alone,840,1.442732212173415,-0.2088961386225103,0.4509161942741751,0.6369047619047619
legacy_reused_holdout,1,bestCI,1,1,0.5,gamma,dynasurv,3,ET alone,ET+ANTI-CDK wo CT,438,0.8399111209058757,-0.2663844895868641,-0.403841726729359,0.639269406392694
legacy_reused_holdout,1,bestCI,1,1,0.5,gamma,dynasurv,3,ET alone,MONOCT std alone,438,0.6706483723345831,0.004362671008437,-0.0116427222509972,0.682648401826484
legacy_reused_holdout,1,bestCI,1,1,0.5,gamma,dynasurv,3,ET alone,POLYCT alone,438,0.9578843714337604,-0.0786158904867956,0.0695710560741613,0.6073059360730594
legacy_reused_holdout,1,bestCI,1,1,0.5,gamma,dynasurv,3,ET+ANTI-CDK wo CT,MONOCT std alone,438,0.7754069844474595,0.2707471605953012,0.3921990040127005,0.821917808219178
legacy_reused_holdout,1,bestCI,1,1,0.5,gamma,dynasurv,3,ET+ANTI-CDK wo CT,POLYCT alone,438,1.0299141259190254,0.1877685991000684,0.4734127911854234,0.6735159817351598
legacy_reused_holdout,1,bestCI,1,1,0.5,gamma,dynasurv,3,MONOCT std alone,POLYCT alone,438,0.9187137239798228,-0.0829785614952327,0.081213782865356,0.6689497716894978
legacy_reused_holdout,1,bestCI,1,1,0.5,gamma,dynasurv,4,ET alone,MONOCT std alone,198,0.8975147751633571,0.0837974392361355,0.127831400137453,0.6767676767676768
legacy_reused_holdout,1,bestCI,1,1,0.5,gamma,dynasurv,4,ET alone,POLYCT alone,198,1.0661551438076893,-0.1098159488926628,0.0879930828402737,0.6363636363636364
legacy_reused_holdout,1,bestCI,1,1,0.5,gamma,dynasurv,4,MONOCT std alone,POLYCT alone,198,1.0885785694494754,-0.1936133881287984,-0.0398383210224695,0.6919191919191919
legacy_reused_holdout,1,bestCI,1,1,0.5,gamma,dynasurv,all,ET alone,ET+ANTI-CDK wo CT,3255,1.005546895747421,-0.4215548985956185,-0.4995908981801993,0.8316436251920123
legacy_reused_holdout,1,bestCI,1,1,0.5,gamma,dynasurv,all,ET alone,MONOCT std alone,3453,1.2640496688066618,-0.0187489608543732,-0.079370223520436,0.7150304083405734
legacy_reused_holdout,1,bestCI,1,1,0.5,gamma,dynasurv,all,ET alone,POLYCT alone,3453,1.497395296029358,-0.1026993499009467,0.6391450271813728,0.6814364320880394
legacy_reused_holdout,1,bestCI,1,1,0.5,gamma,dynasurv,all,ET+ANTI-CDK wo CT,MONOCT std alone,3255,1.3498273814854953,0.3965680922057857,0.4076166426155338,0.7880184331797235
legacy_reused_holdout,1,bestCI,1,1,0.5,gamma,dynasurv,all,ET+ANTI-CDK wo CT,POLYCT alone,3255,1.8748765747316125,0.3192884478038453,1.1722622361713744,0.6924731182795699
legacy_reused_holdout,1,bestCI,1,1,0.5,gamma,dynasurv,all,MONOCT std alone,POLYCT alone,3453,1.5935854279660142,-0.0839503890465735,0.7185152059983253,0.6278598320301187
legacy_reused_holdout,1,bestCI,1,1,0.5,gamma,oracle,1,ET alone,ET+ANTI-CDK wo CT,1977,1.1083228519038176e-06,-0.503109899481753,-5.513973375670389e-07,1.0
legacy_reused_holdout,1,bestCI,1,1,0.5,gamma,oracle,1,ET alone,MONOCT std alone,1977,2.012171966098374e-06,-0.053659128116352,1.0012357000294123e-06,1.0
legacy_reused_holdout,1,bestCI,1,1,0.5,gamma,oracle,1,ET alone,POLYCT alone,1977,2.444890754099087e-06,-0.0737541590473058,1.8161227051394224e-07,1.0
legacy_reused_holdout,1,bestCI,1,1,0.5,gamma,oracle,1,ET+ANTI-CDK wo CT,MONOCT std alone,1977,2.1019899599173588e-06,0.449450771365401,1.5526330374715511e-06,1.0
legacy_reused_holdout,1,bestCI,1,1,0.5,gamma,oracle,1,ET+ANTI-CDK wo CT,POLYCT alone,1977,2.622245927566906e-06,0.4293557404344472,7.330096079560811e-07,1.0
legacy_reused_holdout,1,bestCI,1,1,0.5,gamma,oracle,1,MONOCT std alone,POLYCT alone,1977,2.552679496109515e-06,-0.0200950309309538,-8.196234295328175e-07,1.0
legacy_reused_holdout,1,bestCI,1,1,0.5,gamma,oracle,2,ET alone,ET+ANTI-CDK wo CT,840,2.9856275388640524e-06,-0.3105196633503166,-5.859868256186118e-07,1.0
legacy_reused_holdout,1,bestCI,1,1,0.5,gamma,oracle,2,ET alone,MONOCT std alone,840,3.9121327110567605e-06,0.0271918947445559,2.158843972522445e-06,1.0
legacy_reused_holdout,1,bestCI,1,1,0.5,gamma,oracle,2,ET alone,POLYCT alone,840,4.566574181319479e-06,-0.1817042438779543,7.753111143649072e-07,1.0
legacy_reused_holdout,1,bestCI,1,1,0.5,gamma,oracle,2,ET+ANTI-CDK wo CT,MONOCT std alone,840,4.46545032448541e-06,0.3377115580948727,2.7448307981514652e-06,1.0
legacy_reused_holdout,1,bestCI,1,1,0.5,gamma,oracle,2,ET+ANTI-CDK wo CT,POLYCT alone,840,5.224954618105452e-06,0.1288154194723623,1.361297939983519e-06,1.0
legacy_reused_holdout,1,bestCI,1,1,0.5,gamma,oracle,2,MONOCT std alone,POLYCT alone,840,5.084391010856461e-06,-0.2088961386225103,-1.383532858112435e-06,1.0
legacy_reused_holdout,1,bestCI,1,1,0.5,gamma,oracle,3,ET alone,ET+ANTI-CDK wo CT,438,4.556009661375002e-06,-0.2663844895868641,-4.3813331168651715e-07,1.0
legacy_reused_holdout,1,bestCI,1,1,0.5,gamma,oracle,3,ET alone,MONOCT std alone,438,4.927673818637499e-06,0.004362671008437,2.5840969808963235e-06,1.0
legacy_reused_holdout,1,bestCI,1,1,0.5,gamma,oracle,3,ET alone,POLYCT alone,438,6.627203796261276e-06,-0.0786158904867956,8.235615658880313e-07,1.0
legacy_reused_holdout,1,bestCI,1,1,0.5,gamma,oracle,3,ET+ANTI-CDK wo CT,MONOCT std alone,438,5.643913894092408e-06,0.2707471605953012,3.0222302926374844e-06,1.0
legacy_reused_holdout,1,bestCI,1,1,0.5,gamma,oracle,3,ET+ANTI-CDK wo CT,POLYCT alone,438,6.606543213450152e-06,0.1877685991000684,1.2616948775745485e-06,1.0
legacy_reused_holdout,1,bestCI,1,1,0.5,gamma,oracle,3,MONOCT std alone,POLYCT alone,438,6.643935947664017e-06,-0.0829785614952327,-1.7605354149796693e-06,1.0
legacy_reused_holdout,1,bestCI,1,1,0.5,gamma,oracle,4,ET alone,MONOCT std alone,198,6.262988932778389e-06,0.0837974392361355,3.0300100869185e-06,1.0
legacy_reused_holdout,1,bestCI,1,1,0.5,gamma,oracle,4,ET alone,POLYCT alone,198,6.783035806928395e-06,-0.1098159488926628,1.4679122018607105e-06,1.0
legacy_reused_holdout,1,bestCI,1,1,0.5,gamma,oracle,4,MONOCT std alone,POLYCT alone,198,8.34708206394427e-06,-0.1936133881287984,-1.5620978850439116e-06,1.0
legacy_reused_holdout,1,bestCI,1,1,0.5,gamma,oracle,all,ET alone,ET+ANTI-CDK wo CT,3255,2.416526991996013e-06,-0.4215548985956185,-5.450825991126784e-07,1.0
legacy_reused_holdout,1,bestCI,1,1,0.5,gamma,oracle,all,ET alone,MONOCT std alone,3453,3.372029569363429e-06,-0.0187489608543732,1.5999560934627788e-06,1.0
legacy_reused_holdout,1,bestCI,1,1,0.5,gamma,oracle,all,ET alone,POLYCT alone,3453,4.087137492175235e-06,-0.1026993499009467,4.812265788356473e-07,1.0
legacy_reused_holdout,1,bestCI,1,1,0.5,gamma,oracle,all,ET+ANTI-CDK wo CT,MONOCT std alone,3255,3.480772600713685e-06,0.3965680922057857,2.0580492330890543e-06,1.0
legacy_reused_holdout,1,bestCI,1,1,0.5,gamma,oracle,all,ET+ANTI-CDK wo CT,POLYCT alone,3255,4.134581263800732e-06,0.3192884478038453,9.662895916195955e-07,1.0
legacy_reused_holdout,1,bestCI,1,1,0.5,gamma,oracle,all,MONOCT std alone,POLYCT alone,3453,4.428761469120669e-06,-0.0839503890465735,-1.1187295146375398e-06,1.0
legacy_reused_holdout,1,bestCI,1,1,0.5,gamma,naive_km,1,ET alone,ET+ANTI-CDK wo CT,1977,0.4805159483293161,-0.503109899481753,-0.3980531438843189,1.0
legacy_reused_holdout,1,bestCI,1,1,0.5,gamma,naive_km,1,ET alone,MONOCT std alone,1977,1.2382554620964372,-0.053659128116352,0.6615335140298174,0.6717248356095094
legacy_reused_holdout,1,bestCI,1,1,0.5,gamma,naive_km,1,ET alone,POLYCT alone,1977,1.6392335082428435,-0.0737541590473058,0.2333799372464235,0.5609509357612544
legacy_reused_holdout,1,bestCI,1,1,0.5,gamma,naive_km,1,ET+ANTI-CDK wo CT,MONOCT std alone,1977,1.3665428096488326,0.449450771365401,1.0595866579141366,0.7971674253920081
legacy_reused_holdout,1,bestCI,1,1,0.5,gamma,naive_km,1,ET+ANTI-CDK wo CT,POLYCT alone,1977,1.691387530825999,0.4293557404344472,0.6314330811307425,0.6944865958523014
legacy_reused_holdout,1,bestCI,1,1,0.5,gamma,naive_km,1,MONOCT std alone,POLYCT alone,1977,1.6198107921625828,-0.0200950309309538,-0.4281535767833939,0.6019221041982802
legacy_reused_holdout,1,bestCI,1,1,0.5,gamma,naive_km,2,ET alone,ET+ANTI-CDK wo CT,840,1.273146099583791,-0.3105196633503166,-0.9671543743398888,0.6154761904761905
legacy_reused_holdout,1,bestCI,1,1,0.5,gamma,naive_km,2,ET alone,MONOCT std alone,840,1.0619063792848582,0.0271918947445559,0.4230790355238109,0.5869047619047619
legacy_reused_holdout,1,bestCI,1,1,0.5,gamma,naive_km,2,ET alone,POLYCT alone,840,1.5220927111207023,-0.1817042438779543,-0.0090092781845283,0.4916666666666666
legacy_reused_holdout,1,bestCI,1,1,0.5,gamma,naive_km,2,ET+ANTI-CDK wo CT,MONOCT std alone,840,1.7466574621406736,0.3377115580948727,1.3902334098637,0.7130952380952381
legacy_reused_holdout,1,bestCI,1,1,0.5,gamma,naive_km,2,ET+ANTI-CDK wo CT,POLYCT alone,840,1.9306781176219063,0.1288154194723623,0.9581450961553608,0.5666666666666667
legacy_reused_holdout,1,bestCI,1,1,0.5,gamma,naive_km,2,MONOCT std alone,POLYCT alone,840,1.5633625511240536,-0.2088961386225103,-0.4320883137083391,0.6214285714285714
legacy_reused_holdout,1,bestCI,1,1,0.5,gamma,naive_km,3,ET alone,ET+ANTI-CDK wo CT,438,0.7640694192444951,-0.2663844895868641,-0.5747542030226618,0.728310502283105
legacy_reused_holdout,1,bestCI,1,1,0.5,gamma,naive_km,3,ET alone,MONOCT std alone,438,0.7930688117045122,0.004362671008437,-0.5429037871156306,0.4246575342465753
legacy_reused_holdout,1,bestCI,1,1,0.5,gamma,naive_km,3,ET alone,POLYCT alone,438,1.0562291634350125,-0.0786158904867956,-0.5239098224196066,0.5251141552511416
legacy_reused_holdout,1,bestCI,1,1,0.5,gamma,naive_km,3,ET+ANTI-CDK wo CT,MONOCT std alone,438,0.5940669185425083,0.2707471605953012,0.0318504159070314,0.8013698630136986
legacy_reused_holdout,1,bestCI,1,1,0.5,gamma,naive_km,3,ET+ANTI-CDK wo CT,POLYCT alone,438,0.9573381518146789,0.1877685991000684,0.0508443806030553,0.589041095890411
legacy_reused_holdout,1,bestCI,1,1,0.5,gamma,naive_km,3,MONOCT std alone,POLYCT alone,438,0.9258509074194414,-0.0829785614952327,0.0189939646960239,0.6095890410958904
legacy_reused_holdout,1,bestCI,1,1,0.5,gamma,naive_km,4,ET alone,MONOCT std alone,198,0.6511894097468207,0.0837974392361355,0.3073083882834191,0.5808080808080808
legacy_reused_holdout,1,bestCI,1,1,0.5,gamma,naive_km,4,ET alone,POLYCT alone,198,0.9204969396030984,-0.1098159488926628,-0.0641176138073161,0.5303030303030303
legacy_reused_holdout,1,bestCI,1,1,0.5,gamma,naive_km,4,MONOCT std alone,POLYCT alone,198,0.9516882483607676,-0.1936133881287984,-0.3714260020907352,0.6060606060606061
legacy_reused_holdout,1,bestCI,1,1,0.5,gamma,naive_km,all,ET alone,ET+ANTI-CDK wo CT,3255,0.7981820159758187,-0.4215548985956185,-0.5686952629274136,0.8642089093701997
legacy_reused_holdout,1,bestCI,1,1,0.5,gamma,naive_km,all,ET alone,MONOCT std alone,3453,1.120841556560678,-0.0187489608543732,0.4304353748046397,0.6145380828265277
legacy_reused_holdout,1,bestCI,1,1,0.5,gamma,naive_km,all,ET alone,POLYCT alone,3453,1.5139914602677147,-0.1026993499009467,0.0612964241261336,0.5377932232841007
legacy_reused_holdout,1,bestCI,1,1,0.5,gamma,naive_km,all,ET+ANTI-CDK wo CT,MONOCT std alone,3255,1.4032206440711432,0.3965680922057857,1.006620389907538,0.776036866359447
legacy_reused_holdout,1,bestCI,1,1,0.5,gamma,naive_km,all,ET+ANTI-CDK wo CT,POLYCT alone,3255,1.6801292703499549,0.3192884478038453,0.6376205594071027,0.6473118279569893
legacy_reused_holdout,1,bestCI,1,1,0.5,gamma,naive_km,all,MONOCT std alone,POLYCT alone,3453,1.502489219101912,-0.0839503890465735,-0.3691389506785061,0.6078772082247321
legacy_reused_holdout,1,bestCI,2,2,0.5,gamma,dynasurv,1,ET alone,ET+ANTI-CDK wo CT,1977,0.862169980614348,-0.5140993524740184,-0.2149640988161122,0.970156803237228
legacy_reused_holdout,1,bestCI,2,2,0.5,gamma,dynasurv,1,ET alone,MONOCT std alone,1977,2.097323497168037,-0.0463163838495002,1.3349152789224372,0.7617602427921093
legacy_reused_holdout,1,bestCI,2,2,0.5,gamma,dynasurv,1,ET alone,POLYCT alone,1977,3.3122321114485707,-0.067529427829402,2.4392058728367263,0.7035912999494183
legacy_reused_holdout,1,bestCI,2,2,0.5,gamma,dynasurv,1,ET+ANTI-CDK wo CT,MONOCT std alone,1977,1.966335037070596,0.4677829686245181,1.5498793181339048,0.821446636317653
legacy_reused_holdout,1,bestCI,2,2,0.5,gamma,dynasurv,1,ET+ANTI-CDK wo CT,POLYCT alone,1977,3.208940466822996,0.4465699246446163,2.654169554420325,0.7430450177035913
legacy_reused_holdout,1,bestCI,2,2,0.5,gamma,dynasurv,1,MONOCT std alone,POLYCT alone,1977,1.700698999074345,-0.0212130439799017,1.1042902362864204,0.6317653009610521
legacy_reused_holdout,1,bestCI,2,2,0.5,gamma,dynasurv,2,ET alone,ET+ANTI-CDK wo CT,840,0.9870764992212616,-0.3058411573724892,-0.485013594691262,0.6154761904761905
legacy_reused_holdout,1,bestCI,2,2,0.5,gamma,dynasurv,2,ET alone,MONOCT std alone,840,0.9653989336584335,0.0377983850649198,0.1405390697309176,0.7214285714285714
legacy_reused_holdout,1,bestCI,2,2,0.5,gamma,dynasurv,2,ET alone,POLYCT alone,840,1.1800410287931296,-0.1739417695845717,0.1390986712123507,0.7964285714285714
legacy_reused_holdout,1,bestCI,2,2,0.5,gamma,dynasurv,2,ET+ANTI-CDK wo CT,MONOCT std alone,840,1.094258448512662,0.3436395424374089,0.6255526644221796,0.7678571428571429
legacy_reused_holdout,1,bestCI,2,2,0.5,gamma,dynasurv,2,ET+ANTI-CDK wo CT,POLYCT alone,840,1.3686519747470585,0.1318993877879175,0.6241122770794836,0.7523809523809524
legacy_reused_holdout,1,bestCI,2,2,0.5,gamma,dynasurv,2,MONOCT std alone,POLYCT alone,840,1.2568777884232516,-0.2117401546494915,-0.0014403873426959,0.7130952380952381
legacy_reused_holdout,1,bestCI,2,2,0.5,gamma,dynasurv,3,ET alone,ET+ANTI-CDK wo CT,438,0.541912212405101,-0.2732816692999056,-0.0962146762201138,0.7191780821917808
legacy_reused_holdout,1,bestCI,2,2,0.5,gamma,dynasurv,3,ET alone,MONOCT std alone,438,0.6280401422029921,-0.0051082920467649,0.0865028005277906,0.6735159817351598
legacy_reused_holdout,1,bestCI,2,2,0.5,gamma,dynasurv,3,ET alone,POLYCT alone,438,0.7962148479526993,-0.0915929533909334,-0.0501772604514585,0.7990867579908676
legacy_reused_holdout,1,bestCI,2,2,0.5,gamma,dynasurv,3,ET+ANTI-CDK wo CT,MONOCT std alone,438,0.5602019707788867,0.2681733772531408,0.1827174916490656,0.7945205479452054
legacy_reused_holdout,1,bestCI,2,2,0.5,gamma,dynasurv,3,ET+ANTI-CDK wo CT,POLYCT alone,438,0.7845537321069103,0.1816887159089722,0.0460374008674941,0.7534246575342466
legacy_reused_holdout,1,bestCI,2,2,0.5,gamma,dynasurv,3,MONOCT std alone,POLYCT alone,438,0.7989149902720033,-0.0864846613441685,-0.1366800460780879,0.726027397260274
legacy_reused_holdout,1,bestCI,2,2,0.5,gamma,dynasurv,4,ET alone,MONOCT std alone,198,0.7709378529792569,0.0886124709332539,0.0883696338450358,0.6363636363636364
legacy_reused_holdout,1,bestCI,2,2,0.5,gamma,dynasurv,4,ET alone,POLYCT alone,198,0.8049834434342726,-0.1078048815118137,-0.030663577736729,0.7272727272727273
legacy_reused_holdout,1,bestCI,2,2,0.5,gamma,dynasurv,4,MONOCT std alone,POLYCT alone,198,0.808708142985332,-0.1964173524450676,-0.1190332264829261,0.7272727272727273
legacy_reused_holdout,1,bestCI,2,2,0.5,gamma,dynasurv,all,ET alone,ET+ANTI-CDK wo CT,3255,0.8616479701450853,-0.4279503419930519,-0.2686750695174156,0.8448540706605223
legacy_reused_holdout,1,bestCI,2,2,0.5,gamma,dynasurv,all,ET alone,MONOCT std alone,3453,1.6820614166525325,-0.0128899536888584,0.814528199271439,0.7335650159281784
legacy_reused_holdout,1,bestCI,2,2,0.5,gamma,dynasurv,all,ET alone,POLYCT alone,3453,2.5956984786398274,-0.0987778295378905,1.422271429429553,0.7396466840428613
legacy_reused_holdout,1,bestCI,2,2,0.5,gamma,dynasurv,all,ET+ANTI-CDK wo CT,MONOCT std alone,3255,1.6430546714264678,0.4088860472672723,1.1273751536375738,0.8039938556067588
legacy_reused_holdout,1,bestCI,2,2,0.5,gamma,dynasurv,all,ET+ANTI-CDK wo CT,POLYCT alone,3255,2.611616177297267,0.3297216234508102,1.779327935188716,0.7468509984639017
legacy_reused_holdout,1,bestCI,2,2,0.5,gamma,dynasurv,all,MONOCT std alone,POLYCT alone,3453,1.4692786502730493,-0.0858878758490321,0.6077432897627589,0.6689834926151172
legacy_reused_holdout,1,bestCI,2,2,0.5,gamma,oracle,1,ET alone,ET+ANTI-CDK wo CT,1977,1.1235366950962942e-06,-0.5140993524740184,-5.53135718561748e-07,1.0
legacy_reused_holdout,1,bestCI,2,2,0.5,gamma,oracle,1,ET alone,MONOCT std alone,1977,2.0297711322784027e-06,-0.0463163838495002,1.0083234823765608e-06,1.0
legacy_reused_holdout,1,bestCI,2,2,0.5,gamma,oracle,1,ET alone,POLYCT alone,1977,2.532291195688787e-06,-0.067529427829402,1.989550817982355e-07,1.0
legacy_reused_holdout,1,bestCI,2,2,0.5,gamma,oracle,1,ET+ANTI-CDK wo CT,MONOCT std alone,1977,2.1257896136177013e-06,0.4677829686245181,1.56145920099382e-06,1.0
legacy_reused_holdout,1,bestCI,2,2,0.5,gamma,oracle,1,ET+ANTI-CDK wo CT,POLYCT alone,1977,2.67903505704119e-06,0.4465699246446163,7.520908003599835e-07,1.0
legacy_reused_holdout,1,bestCI,2,2,0.5,gamma,oracle,1,MONOCT std alone,POLYCT alone,1977,2.5881651533854607e-06,-0.0212130439799017,-8.093684005783253e-07,1.0
legacy_reused_holdout,1,bestCI,2,2,0.5,gamma,oracle,2,ET alone,ET+ANTI-CDK wo CT,840,3.0313671500029764e-06,-0.3058411573724892,-5.575281196157356e-07,1.0
legacy_reused_holdout,1,bestCI,2,2,0.5,gamma,oracle,2,ET alone,MONOCT std alone,840,3.8865452303520954e-06,0.0377983850649198,2.097411136679772e-06,1.0
legacy_reused_holdout,1,bestCI,2,2,0.5,gamma,oracle,2,ET alone,POLYCT alone,840,4.72995864923972e-06,-0.1739417695845717,7.268943899296776e-07,1.0
legacy_reused_holdout,1,bestCI,2,2,0.5,gamma,oracle,2,ET+ANTI-CDK wo CT,MONOCT std alone,840,4.417093932102488e-06,0.3436395424374089,2.6549392563857133e-06,1.0
legacy_reused_holdout,1,bestCI,2,2,0.5,gamma,oracle,2,ET+ANTI-CDK wo CT,POLYCT alone,840,5.230704234882394e-06,0.1318993877879175,1.2844225095731687e-06,1.0
legacy_reused_holdout,1,bestCI,2,2,0.5,gamma,oracle,2,MONOCT std alone,POLYCT alone,840,5.106529220118995e-06,-0.2117401546494915,-1.3705167467570334e-06,1.0
legacy_reused_holdout,1,bestCI,2,2,0.5,gamma,oracle,3,ET alone,ET+ANTI-CDK wo CT,438,5.0586004330333895e-06,-0.2732816692999056,-3.1837381780919216e-07,1.0
legacy_reused_holdout,1,bestCI,2,2,0.5,gamma,oracle,3,ET alone,MONOCT std alone,438,5.278634483971326e-06,-0.0051082920467649,2.6856546759398622e-06,1.0
legacy_reused_holdout,1,bestCI,2,2,0.5,gamma,oracle,3,ET alone,POLYCT alone,438,6.843945616186763e-06,-0.0915929533909334,1.0246111035033811e-06,1.0
legacy_reused_holdout,1,bestCI,2,2,0.5,gamma,oracle,3,ET+ANTI-CDK wo CT,MONOCT std alone,438,5.905952510812713e-06,0.2681733772531408,3.004028493736044e-06,1.0
legacy_reused_holdout,1,bestCI,2,2,0.5,gamma,oracle,3,ET+ANTI-CDK wo CT,POLYCT alone,438,6.363390519751508e-06,0.1816887159089722,1.3429849212431844e-06,1.0
legacy_reused_holdout,1,bestCI,2,2,0.5,gamma,oracle,3,MONOCT std alone,POLYCT alone,438,6.886363388317769e-06,-0.0864846613441685,-1.6610435724095929e-06,1.0
legacy_reused_holdout,1,bestCI,2,2,0.5,gamma,oracle,4,ET alone,MONOCT std alone,198,6.228049156751552e-06,0.0886124709332539,2.885033920180246e-06,1.0
legacy_reused_holdout,1,bestCI,2,2,0.5,gamma,oracle,4,ET alone,POLYCT alone,198,6.745920840242337e-06,-0.1078048815118137,1.0532768770638024e-06,1.0
legacy_reused_holdout,1,bestCI,2,2,0.5,gamma,oracle,4,MONOCT std alone,POLYCT alone,198,8.262433417456701e-06,-0.1964173524450676,-1.8317570431025665e-06,1.0
legacy_reused_holdout,1,bestCI,2,2,0.5,gamma,oracle,all,ET alone,ET+ANTI-CDK wo CT,3255,2.56544008531706e-06,-0.4279503419930519,-5.226791607304548e-07,1.0
legacy_reused_holdout,1,bestCI,2,2,0.5,gamma,oracle,all,ET alone,MONOCT std alone,3453,3.433963723772272e-06,-0.0128899536888584,1.5936386746958492e-06,1.0
legacy_reused_holdout,1,bestCI,2,2,0.5,gamma,oracle,all,ET alone,POLYCT alone,3453,4.202954057512408e-06,-0.0987778295378905,4.81104537861099e-07,1.0
legacy_reused_holdout,1,bestCI,2,2,0.5,gamma,oracle,all,ET+ANTI-CDK wo CT,MONOCT std alone,3255,3.53175590072221e-06,0.4088860472672723,2.0377629172951828e-06,1.0
legacy_reused_holdout,1,bestCI,2,2,0.5,gamma,oracle,all,ET+ANTI-CDK wo CT,POLYCT alone,3255,4.107160027231595e-06,0.3297216234508102,9.68978745297111e-07,1.0
legacy_reused_holdout,1,bestCI,2,2,0.5,gamma,oracle,all,MONOCT std alone,POLYCT alone,3453,4.4842734498989655e-06,-0.0858878758490321,-1.112534136829546e-06,1.0
legacy_reused_holdout,1,bestCI,2,2,0.5,gamma,naive_km,1,ET alone,ET+ANTI-CDK wo CT,1977,0.2916471830092864,-0.5140993524740184,-0.1021479403980775,1.0
legacy_reused_holdout,1,bestCI,2,2,0.5,gamma,naive_km,1,ET alone,MONOCT std alone,1977,1.4565521068561225,-0.0463163838495002,1.0083516630809757,0.6717248356095094
legacy_reused_holdout,1,bestCI,2,2,0.5,gamma,naive_km,1,ET alone,POLYCT alone,1977,1.6609901864084784,-0.067529427829402,-0.1297407864330435,0.4390490642387455
legacy_reused_holdout,1,bestCI,2,2,0.5,gamma,naive_km,1,ET+ANTI-CDK wo CT,MONOCT std alone,1977,1.4138060239234649,0.4677829686245181,1.110499603479053,0.7971674253920081
legacy_reused_holdout,1,bestCI,2,2,0.5,gamma,naive_km,1,ET+ANTI-CDK wo CT,POLYCT alone,1977,1.6102580693028556,0.4465699246446163,-0.027592846034966,0.6944865958523014
legacy_reused_holdout,1,bestCI,2,2,0.5,gamma,naive_km,1,MONOCT std alone,POLYCT alone,1977,1.9526777840435423,-0.0212130439799017,-1.1380924495140194,0.6019221041982802
legacy_reused_holdout,1,bestCI,2,2,0.5,gamma,naive_km,2,ET alone,ET+ANTI-CDK wo CT,840,1.221178042976446,-0.3058411573724892,-0.909104067769036,0.6154761904761905
legacy_reused_holdout,1,bestCI,2,2,0.5,gamma,naive_km,2,ET alone,MONOCT std alone,840,1.2904261607264065,0.0377983850649198,0.8543005790795961,0.5869047619047619
legacy_reused_holdout,1,bestCI,2,2,0.5,gamma,naive_km,2,ET alone,POLYCT alone,840,1.5621483919137902,-0.1739417695845717,0.2509132651743742,0.5083333333333333
legacy_reused_holdout,1,bestCI,2,2,0.5,gamma,naive_km,2,ET+ANTI-CDK wo CT,MONOCT std alone,840,2.05616389961044,0.3436395424374089,1.763404646848633,0.7130952380952381
legacy_reused_holdout,1,bestCI,2,2,0.5,gamma,naive_km,2,ET+ANTI-CDK wo CT,POLYCT alone,840,2.03252773860737,0.1318993877879175,1.1600173329434105,0.5666666666666667
legacy_reused_holdout,1,bestCI,2,2,0.5,gamma,naive_km,2,MONOCT std alone,POLYCT alone,840,1.6396464332899725,-0.2117401546494915,-0.6033873139052223,0.6214285714285714
legacy_reused_holdout,1,bestCI,2,2,0.5,gamma,naive_km,3,ET alone,ET+ANTI-CDK wo CT,438,0.513871382239825,-0.2732816692999056,0.0175870434941765,0.728310502283105
legacy_reused_holdout,1,bestCI,2,2,0.5,gamma,naive_km,3,ET alone,MONOCT std alone,438,0.792216159148562,-0.0051082920467649,0.5519141705937503,0.5753424657534246
legacy_reused_holdout,1,bestCI,2,2,0.5,gamma,naive_km,3,ET alone,POLYCT alone,438,1.002595786692076,-0.0915929533909334,0.3600557026236657,0.4748858447488584
legacy_reused_holdout,1,bestCI,2,2,0.5,gamma,naive_km,3,ET+ANTI-CDK wo CT,MONOCT std alone,438,0.795274616669082,0.2681733772531408,0.5343271270995735,0.8013698630136986
legacy_reused_holdout,1,bestCI,2,2,0.5,gamma,naive_km,3,ET+ANTI-CDK wo CT,POLYCT alone,438,1.0386622125042924,0.1816887159089722,0.3424686591294892,0.589041095890411
legacy_reused_holdout,1,bestCI,2,2,0.5,gamma,naive_km,3,MONOCT std alone,POLYCT alone,438,0.9537629556285752,-0.0864846613441685,-0.1918584679700845,0.6095890410958904
legacy_reused_holdout,1,bestCI,2,2,0.5,gamma,naive_km,4,ET alone,MONOCT std alone,198,0.6159485219574686,0.0886124709332539,0.168629643515923,0.5808080808080808
legacy_reused_holdout,1,bestCI,2,2,0.5,gamma,naive_km,4,ET alone,POLYCT alone,198,0.908401771101328,-0.1078048815118137,0.0829683762709151,0.5303030303030303
legacy_reused_holdout,1,bestCI,2,2,0.5,gamma,naive_km,4,MONOCT std alone,POLYCT alone,198,0.8917672189408923,-0.1964173524450676,-0.0856612672450078,0.6060606060606061
legacy_reused_holdout,1,bestCI,2,2,0.5,gamma,naive_km,all,ET alone,ET+ANTI-CDK wo CT,3255,0.6870519512086152,-0.4279503419930519,-0.2942828786613026,0.8642089093701997
legacy_reused_holdout,1,bestCI,2,2,0.5,gamma,naive_km,all,ET alone,MONOCT std alone,3453,1.3119195196449511,-0.0128899536888584,0.8648279178899987,0.6336518969012453
legacy_reused_holdout,1,bestCI,2,2,0.5,gamma,naive_km,all,ET alone,POLYCT alone,3453,1.5323375910891746,-0.0987778295378905,0.0371855616041569,0.4656820156385751
legacy_reused_holdout,1,bestCI,2,2,0.5,gamma,naive_km,all,ET+ANTI-CDK wo CT,MONOCT std alone,3255,1.5460270743583509,0.4088860472672723,1.2014601846699084,0.776036866359447
legacy_reused_holdout,1,bestCI,2,2,0.5,gamma,naive_km,all,ET+ANTI-CDK wo CT,POLYCT alone,3255,1.6691774751011492,0.3297216234508102,0.3286834948571589,0.6473118279569893
legacy_reused_holdout,1,bestCI,2,2,0.5,gamma,naive_km,all,MONOCT std alone,POLYCT alone,3453,1.731497708921034,-0.0858878758490321,-0.8276423562858416,0.6078772082247321
legacy_reused_holdout,1,bestCI,0,0,1.0,gamma,dynasurv,1,ET alone,ET+ANTI-CDK wo CT,1977,0.6828166558363981,-0.5167434724998403,0.1332397374343801,0.9347496206373292
legacy_reused_holdout,1,bestCI,0,0,1.0,gamma,dynasurv,1,ET alone,MONOCT std alone,1977,1.5521439266036323,-0.0547222746319135,1.108847106785234,0.7400101163378857
legacy_reused_holdout,1,bestCI,0,0,1.0,gamma,dynasurv,1,ET alone,POLYCT alone,1977,4.513785335375485,-0.064466631295814,3.3016335128570935,0.6788062721294891
legacy_reused_holdout,1,bestCI,0,0,1.0,gamma,dynasurv,1,ET+ANTI-CDK wo CT,MONOCT std alone,1977,1.3591728060232084,0.4620211978679267,0.9756071905369196,0.8431967627718766
legacy_reused_holdout,1,bestCI,0,0,1.0,gamma,dynasurv,1,ET+ANTI-CDK wo CT,POLYCT alone,1977,4.175562551331591,0.4522768412040263,3.1683934773994893,0.7602427921092565
legacy_reused_holdout,1,bestCI,0,0,1.0,gamma,dynasurv,1,MONOCT std alone,POLYCT alone,1977,3.3520422439857973,-0.0097443566639004,2.1927864060718596,0.7111785533636823
legacy_reused_holdout,1,bestCI,0,0,1.0,gamma,dynasurv,2,ET alone,ET+ANTI-CDK wo CT,840,1.0139036709343787,-0.3313327909086497,-0.2718951820756642,0.580952380952381
legacy_reused_holdout,1,bestCI,0,0,1.0,gamma,dynasurv,2,ET alone,MONOCT std alone,840,1.0495678003265594,0.0490469229046584,0.159039329307866,0.7333333333333333
legacy_reused_holdout,1,bestCI,0,0,1.0,gamma,dynasurv,2,ET alone,POLYCT alone,840,1.788540600974334,-0.1734935770366375,0.6828339228961651,0.7690476190476191
legacy_reused_holdout,1,bestCI,0,0,1.0,gamma,dynasurv,2,ET+ANTI-CDK wo CT,MONOCT std alone,840,1.024633906354311,0.3803797138133081,0.4309344517788855,0.8
legacy_reused_holdout,1,bestCI,0,0,1.0,gamma,dynasurv,2,ET+ANTI-CDK wo CT,POLYCT alone,840,1.680156134386052,0.1578392138720121,0.9547290453671846,0.7690476190476191
legacy_reused_holdout,1,bestCI,0,0,1.0,gamma,dynasurv,2,MONOCT std alone,POLYCT alone,840,1.3619313804478774,-0.2225404999412959,0.523794593588299,0.7988095238095239
legacy_reused_holdout,1,bestCI,0,0,1.0,gamma,dynasurv,3,ET alone,ET+ANTI-CDK wo CT,438,0.682869049760156,-0.2702916768292118,-0.2199302408000301,0.7146118721461188
legacy_reused_holdout,1,bestCI,0,0,1.0,gamma,dynasurv,3,ET alone,MONOCT std alone,438,0.851599592450262,0.0159711247460654,-0.3637948936002066,0.6255707762557078
legacy_reused_holdout,1,bestCI,0,0,1.0,gamma,dynasurv,3,ET alone,POLYCT alone,438,0.982786787017872,-0.0875053481034182,-0.3445180579253293,0.7146118721461188
legacy_reused_holdout,1,bestCI,0,0,1.0,gamma,dynasurv,3,ET+ANTI-CDK wo CT,MONOCT std alone,438,0.7195091690172732,0.2862628015752771,-0.1438647124048212,0.7009132420091324
legacy_reused_holdout,1,bestCI,0,0,1.0,gamma,dynasurv,3,ET+ANTI-CDK wo CT,POLYCT alone,438,0.9164070508783232,0.1827863287257935,-0.1245878879058148,0.8105022831050228
legacy_reused_holdout,1,bestCI,0,0,1.0,gamma,dynasurv,3,MONOCT std alone,POLYCT alone,438,0.7772005285780487,-0.1034764728494836,0.0192768207737161,0.7465753424657534
legacy_reused_holdout,1,bestCI,0,0,1.0,gamma,dynasurv,4,ET+ANTI-CDK wo CT,MONOCT std alone,198,0.7924302381851762,0.3847871568857046,-0.3518841897009225,0.6616161616161617
legacy_reused_holdout,1,bestCI,0,0,1.0,gamma,dynasurv,4,ET+ANTI-CDK wo CT,POLYCT alone,198,0.923321839212152,0.1762957351935976,-0.1703770251667075,0.7878787878787878
legacy_reused_holdout,1,bestCI,0,0,1.0,gamma,dynasurv,4,MONOCT std alone,POLYCT alone,198,0.7990282236052982,-0.2084914216921069,0.1815071659311988,0.7373737373737373
legacy_reused_holdout,1,bestCI,0,0,1.0,gamma,dynasurv,all,ET alone,ET+ANTI-CDK wo CT,3255,0.7818050078350844,-0.4357324558975867,-0.0188344996688195,0.8138248847926267
legacy_reused_holdout,1,bestCI,0,0,1.0,gamma,dynasurv,all,ET alone,MONOCT std alone,3255,1.3583531191569855,-0.0184304666877429,0.6655734134078662,0.7228878648233487
legacy_reused_holdout,1,bestCI,0,0,1.0,gamma,dynasurv,all,ET alone,POLYCT alone,3255,3.6510636986892377,-0.095702757988294,2.135180106315931,0.7069124423963133
legacy_reused_holdout,1,bestCI,0,0,1.0,gamma,dynasurv,all,ET+ANTI-CDK wo CT,MONOCT std alone,3453,1.18943973404362,0.4154375418307011,0.624985493790942,0.8042282073559224
legacy_reused_holdout,1,bestCI,0,0,1.0,gamma,dynasurv,all,ET+ANTI-CDK wo CT,POLYCT alone,3453,3.29008384462054,0.3306409563460991,2.0207305703720406,0.770344627859832
legacy_reused_holdout,1,bestCI,0,0,1.0,gamma,dynasurv,all,MONOCT std alone,POLYCT alone,3453,2.645313665491755,-0.084796585484602,1.3957450765810986,0.738488271068636
legacy_reused_holdout,1,bestCI,0,0,1.0,gamma,oracle,1,ET alone,ET+ANTI-CDK wo CT,1977,1.1453243489517536e-06,-0.5167434724998403,-5.408095363756971e-07,1.0
legacy_reused_holdout,1,bestCI,0,0,1.0,gamma,oracle,1,ET alone,MONOCT std alone,1977,2.0724671955570095e-06,-0.0547222746319135,1.0536988185941287e-06,1.0
legacy_reused_holdout,1,bestCI,0,0,1.0,gamma,oracle,1,ET alone,POLYCT alone,1977,2.55259343605901e-06,-0.064466631295814,2.136122360663073e-07,1.0
legacy_reused_holdout,1,bestCI,0,0,1.0,gamma,oracle,1,ET+ANTI-CDK wo CT,MONOCT std alone,1977,2.149917425598395e-06,0.4620211978679267,1.594508354962887e-06,1.0
legacy_reused_holdout,1,bestCI,0,0,1.0,gamma,oracle,1,ET+ANTI-CDK wo CT,POLYCT alone,1977,2.654530360062738e-06,0.4522768412040263,7.544217723864932e-07,1.0
legacy_reused_holdout,1,bestCI,0,0,1.0,gamma,oracle,1,MONOCT std alone,POLYCT alone,1977,2.5564115129779885e-06,-0.0097443566639004,-8.400865825295561e-07,1.0
legacy_reused_holdout,1,bestCI,0,0,1.0,gamma,oracle,2,ET alone,ET+ANTI-CDK wo CT,840,3.367575731576444e-06,-0.3313327909086497,-3.88232271830713e-07,1.0
legacy_reused_holdout,1,bestCI,0,0,1.0,gamma,oracle,2,ET alone,MONOCT std alone,840,4.134311699752508e-06,0.0490469229046584,2.2308927028896752e-06,1.0
legacy_reused_holdout,1,bestCI,0,0,1.0,gamma,oracle,2,ET alone,POLYCT alone,840,4.550678173597885e-06,-0.1734935770366375,8.645557375563939e-07,1.0
legacy_reused_holdout,1,bestCI,0,0,1.0,gamma,oracle,2,ET+ANTI-CDK wo CT,MONOCT std alone,840,4.598705642567452e-06,0.3803797138133081,2.619124974734266e-06,1.0
legacy_reused_holdout,1,bestCI,0,0,1.0,gamma,oracle,2,ET+ANTI-CDK wo CT,POLYCT alone,840,5.326685643460723e-06,0.1578392138720121,1.252788009442618e-06,1.0
legacy_reused_holdout,1,bestCI,0,0,1.0,gamma,oracle,2,MONOCT std alone,POLYCT alone,840,5.126685728401761e-06,-0.2225404999412959,-1.3663369653749149e-06,1.0
legacy_reused_holdout,1,bestCI,0,0,1.0,gamma,oracle,3,ET alone,ET+ANTI-CDK wo CT,438,4.6262074149023585e-06,-0.2702916768292118,-5.721713469131195e-07,1.0
legacy_reused_holdout,1,bestCI,0,0,1.0,gamma,oracle,3,ET alone,MONOCT std alone,438,5.389187745721983e-06,0.0159711247460654,2.4759130245466388e-06,1.0
legacy_reused_holdout,1,bestCI,0,0,1.0,gamma,oracle,3,ET alone,POLYCT alone,438,7.2190944146027905e-06,-0.0875053481034182,4.880492460307417e-07,1.0
legacy_reused_holdout,1,bestCI,0,0,1.0,gamma,oracle,3,ET+ANTI-CDK wo CT,MONOCT std alone,438,6.271061006312993e-06,0.2862628015752771,3.0480843715152695e-06,1.0
legacy_reused_holdout,1,bestCI,0,0,1.0,gamma,oracle,3,ET+ANTI-CDK wo CT,POLYCT alone,438,7.519966250525235e-06,0.1827863287257935,1.0602205930132502e-06,1.0
legacy_reused_holdout,1,bestCI,0,0,1.0,gamma,oracle,3,MONOCT std alone,POLYCT alone,438,8.394350809812726e-06,-0.1034764728494836,-1.9878637785020192e-06,1.0
legacy_reused_holdout,1,bestCI,0,0,1.0,gamma,oracle,4,ET+ANTI-CDK wo CT,MONOCT std alone,198,5.710642116315829e-06,0.3847871568857046,2.206634633572513e-06,1.0
legacy_reused_holdout,1,bestCI,0,0,1.0,gamma,oracle,4,ET+ANTI-CDK wo CT,POLYCT alone,198,7.0526175009398555e-06,0.1762957351935976,5.229010263119171e-07,1.0
legacy_reused_holdout,1,bestCI,0,0,1.0,gamma,oracle,4,MONOCT std alone,POLYCT alone,198,8.193493828681395e-06,-0.2084914216921069,-1.683733607288351e-06,1.0
legacy_reused_holdout,1,bestCI,0,0,1.0,gamma,oracle,all,ET alone,ET+ANTI-CDK wo CT,3255,2.5696698967578753e-06,-0.4357324558975867,-5.056548729731603e-07,1.0
legacy_reused_holdout,1,bestCI,0,0,1.0,gamma,oracle,all,ET alone,MONOCT std alone,3255,3.3057305184103493e-06,-0.0184304666877429,1.5488670782048963e-06,1.0
legacy_reused_holdout,1,bestCI,0,0,1.0,gamma,oracle,all,ET alone,POLYCT alone,3255,4.039109914166054e-06,-0.095702757988294,4.185265069095445e-07,1.0
legacy_reused_holdout,1,bestCI,0,0,1.0,gamma,oracle,all,ET+ANTI-CDK wo CT,MONOCT std alone,3453,3.827451307109202e-06,0.4154375418307011,2.063244311845125e-06,1.0
legacy_reused_holdout,1,bestCI,0,0,1.0,gamma,oracle,all,ET+ANTI-CDK wo CT,POLYCT alone,3453,4.578436234873994e-06,0.3306409563460991,9.011713856810212e-07,1.0
legacy_reused_holdout,1,bestCI,0,0,1.0,gamma,oracle,all,MONOCT std alone,POLYCT alone,3453,4.787821732422102e-06,-0.084796585484602,-1.1620729260808371e-06,1.0
legacy_reused_holdout,1,bestCI,0,0,1.0,gamma,naive_km,1,ET alone,ET+ANTI-CDK wo CT,1977,0.8965824978310758,-0.5167434724998403,-0.8525944480444883,1.0
legacy_reused_holdout,1,bestCI,0,0,1.0,gamma,naive_km,1,ET alone,MONOCT std alone,1977,1.4171166597482798,-0.0547222746319135,0.9350873208083252,0.6717248356095094
legacy_reused_holdout,1,bestCI,0,0,1.0,gamma,naive_km,1,ET alone,POLYCT alone,1977,1.7475747960383885,-0.064466631295814,-0.5063808771406262,0.4390490642387455
legacy_reused_holdout,1,bestCI,0,0,1.0,gamma,naive_km,1,ET+ANTI-CDK wo CT,MONOCT std alone,1977,1.994235569676465,0.4620211978679267,1.7876817688528133,0.7971674253920081
legacy_reused_holdout,1,bestCI,0,0,1.0,gamma,naive_km,1,ET+ANTI-CDK wo CT,POLYCT alone,1977,1.6658555991597022,0.4522768412040263,0.346213570903862,0.6944865958523014
legacy_reused_holdout,1,bestCI,0,0,1.0,gamma,naive_km,1,MONOCT std alone,POLYCT alone,1977,2.1594935586944493,-0.0097443566639004,-1.4414681979489514,0.6019221041982802
legacy_reused_holdout,1,bestCI,0,0,1.0,gamma,naive_km,2,ET alone,ET+ANTI-CDK wo CT,840,1.361048719044368,-0.3313327909086497,-1.0646893523947891,0.6154761904761905
legacy_reused_holdout,1,bestCI,0,0,1.0,gamma,naive_km,2,ET alone,MONOCT std alone,840,1.7247635424409768,0.0490469229046584,1.4094334805405793,0.5869047619047619
legacy_reused_holdout,1,bestCI,0,0,1.0,gamma,naive_km,2,ET alone,POLYCT alone,840,1.5864309702182542,-0.1734935770366375,0.0297548104444745,0.4916666666666666
legacy_reused_holdout,1,bestCI,0,0,1.0,gamma,naive_km,2,ET+ANTI-CDK wo CT,MONOCT std alone,840,2.701219451913991,0.3803797138133081,2.4741228329353686,0.7130952380952381
legacy_reused_holdout,1,bestCI,0,0,1.0,gamma,naive_km,2,ET+ANTI-CDK wo CT,POLYCT alone,840,2.0204873129715417,0.1578392138720121,1.0944441628392634,0.5666666666666667
legacy_reused_holdout,1,bestCI,0,0,1.0,gamma,naive_km,2,MONOCT std alone,POLYCT alone,840,2.067400560423638,-0.2225404999412959,-1.3796786700961052,0.6214285714285714
legacy_reused_holdout,1,bestCI,0,0,1.0,gamma,naive_km,3,ET alone,ET+ANTI-CDK wo CT,438,0.6179002108019251,-0.2702916768292118,-0.3503265053914218,0.728310502283105
legacy_reused_holdout,1,bestCI,0,0,1.0,gamma,naive_km,3,ET alone,MONOCT std alone,438,0.9874285631778588,0.0159711247460654,0.8007937182102056,0.5753424657534246
legacy_reused_holdout,1,bestCI,0,0,1.0,gamma,naive_km,3,ET alone,POLYCT alone,438,1.0363962513694889,-0.0875053481034182,0.4318261727492398,0.4748858447488584
legacy_reused_holdout,1,bestCI,0,0,1.0,gamma,naive_km,3,ET+ANTI-CDK wo CT,MONOCT std alone,438,1.29825738086684,0.2862628015752771,1.1511202236016276,0.8013698630136986
legacy_reused_holdout,1,bestCI,0,0,1.0,gamma,naive_km,3,ET+ANTI-CDK wo CT,POLYCT alone,438,1.2550884652734466,0.1827863287257935,0.7821526781406618,0.589041095890411
legacy_reused_holdout,1,bestCI,0,0,1.0,gamma,naive_km,3,MONOCT std alone,POLYCT alone,438,1.0119004073334312,-0.1034764728494836,-0.3689675454609658,0.6095890410958904
legacy_reused_holdout,1,bestCI,0,0,1.0,gamma,naive_km,4,ET+ANTI-CDK wo CT,MONOCT std alone,198,1.492495881751402,0.3847871568857046,1.3736203864109489,0.7626262626262627
legacy_reused_holdout,1,bestCI,0,0,1.0,gamma,naive_km,4,ET+ANTI-CDK wo CT,POLYCT alone,198,1.793249919162968,0.1762957351935976,1.5190505109709047,0.5555555555555556
legacy_reused_holdout,1,bestCI,0,0,1.0,gamma,naive_km,4,MONOCT std alone,POLYCT alone,198,0.9281460745026848,-0.2084914216921069,0.1454301245599558,0.6060606060606061
legacy_reused_holdout,1,bestCI,0,0,1.0,gamma,naive_km,all,ET alone,ET+ANTI-CDK wo CT,3255,1.0087971419511612,-0.4357324558975867,-0.8397423315382546,0.8642089093701997
legacy_reused_holdout,1,bestCI,0,0,1.0,gamma,naive_km,all,ET alone,MONOCT std alone,3255,1.455552073990159,-0.0184304666877429,1.0394283887767175,0.6368663594470046
legacy_reused_holdout,1,bestCI,0,0,1.0,gamma,naive_km,all,ET alone,POLYCT alone,3255,1.6275600055563006,-0.095702757988294,-0.2417760644145905,0.4574500768049155
legacy_reused_holdout,1,bestCI,0,0,1.0,gamma,naive_km,all,ET+ANTI-CDK wo CT,MONOCT std alone,3453,2.0960779919066805,0.4154375418307011,1.8501817350520136,0.7752678830002896
legacy_reused_holdout,1,bestCI,0,0,1.0,gamma,naive_km,all,ET+ANTI-CDK wo CT,POLYCT alone,3453,1.7222575543563967,0.3306409563460991,0.6507825660758082,0.6420503909643788
legacy_reused_holdout,1,bestCI,0,0,1.0,gamma,naive_km,all,MONOCT std alone,POLYCT alone,3453,1.972068433746304,-0.084796585484602,-1.1993991689762051,0.6078772082247321
legacy_reused_holdout,1,bestCI,1,1,1.0,gamma,dynasurv,1,ET alone,ET+ANTI-CDK wo CT,1977,1.0653689642233302,-0.5127174917903203,-0.5236530240330439,0.9898836621143148
legacy_reused_holdout,1,bestCI,1,1,1.0,gamma,dynasurv,1,ET alone,MONOCT std alone,1977,1.136330797099058,-0.0502375337715807,0.4520816180344286,0.8249873545776429
legacy_reused_holdout,1,bestCI,1,1,1.0,gamma,dynasurv,1,ET alone,POLYCT alone,1977,2.82565935834871,-0.0741330402474124,1.8740273731331547,0.6874051593323217
legacy_reused_holdout,1,bestCI,1,1,1.0,gamma,dynasurv,1,ET+ANTI-CDK wo CT,MONOCT std alone,1977,1.5835447798860014,0.4624799580187396,0.9757348208814068,0.8315629742033384
legacy_reused_holdout,1,bestCI,1,1,1.0,gamma,dynasurv,1,ET+ANTI-CDK wo CT,POLYCT alone,1977,3.484527192858077,0.4385844515429079,2.3976806355847775,0.7516439049064239
legacy_reused_holdout,1,bestCI,1,1,1.0,gamma,dynasurv,1,MONOCT std alone,POLYCT alone,1977,2.393339188604309,-0.0238955064758317,1.4219456954940812,0.7228123419322205
legacy_reused_holdout,1,bestCI,1,1,1.0,gamma,dynasurv,2,ET alone,ET+ANTI-CDK wo CT,840,1.379830903925675,-0.3200386886524867,-0.95642756176713,0.6178571428571429
legacy_reused_holdout,1,bestCI,1,1,1.0,gamma,dynasurv,2,ET alone,MONOCT std alone,840,1.0158754367293863,0.0375787779548444,-0.0040089726307668,0.7345238095238096
legacy_reused_holdout,1,bestCI,1,1,1.0,gamma,dynasurv,2,ET alone,POLYCT alone,840,1.490284871356219,-0.1825720458101748,0.3259791522097109,0.7416666666666667
legacy_reused_holdout,1,bestCI,1,1,1.0,gamma,dynasurv,2,ET+ANTI-CDK wo CT,MONOCT std alone,840,1.3693864379746608,0.3576174666073311,0.9524187157962334,0.7440476190476191
legacy_reused_holdout,1,bestCI,1,1,1.0,gamma,dynasurv,2,ET+ANTI-CDK wo CT,POLYCT alone,840,1.9974180715031775,0.1374666428423117,1.2824068331861307,0.6571428571428571
legacy_reused_holdout,1,bestCI,1,1,1.0,gamma,dynasurv,2,MONOCT std alone,POLYCT alone,840,1.261016767078302,-0.2201508237650193,0.3299881471922197,0.736904761904762
legacy_reused_holdout,1,bestCI,1,1,1.0,gamma,dynasurv,3,ET alone,ET+ANTI-CDK wo CT,438,0.6774100495907541,-0.2720115309957376,-0.3346416825052389,0.7146118721461188
legacy_reused_holdout,1,bestCI,1,1,1.0,gamma,dynasurv,3,ET alone,MONOCT std alone,438,0.674816682561444,0.008218999128769,0.0234953098781603,0.6552511415525114
legacy_reused_holdout,1,bestCI,1,1,1.0,gamma,dynasurv,3,ET alone,POLYCT alone,438,0.9604418018667094,-0.0789257531890045,0.1106855181881557,0.682648401826484
legacy_reused_holdout,1,bestCI,1,1,1.0,gamma,dynasurv,3,ET+ANTI-CDK wo CT,MONOCT std alone,438,0.7461966450817882,0.2802305301245066,0.3581369439546254,0.7990867579908676
legacy_reused_holdout,1,bestCI,1,1,1.0,gamma,dynasurv,3,ET+ANTI-CDK wo CT,POLYCT alone,438,1.027048808204214,0.193085777806733,0.4453271746163627,0.7442922374429224
legacy_reused_holdout,1,bestCI,1,1,1.0,gamma,dynasurv,3,MONOCT std alone,POLYCT alone,438,0.8282379759246458,-0.0871447523177736,0.087190204260925,0.7648401826484018
legacy_reused_holdout,1,bestCI,1,1,1.0,gamma,dynasurv,4,MONOCT std alone,POLYCT alone,198,0.9632915998778508,-0.2001653228401952,0.0208285365700536,0.7272727272727273
legacy_reused_holdout,1,bestCI,1,1,1.0,gamma,dynasurv,all,ET alone,ET+ANTI-CDK wo CT,3255,1.1146575668402086,-0.4306040031685669,-0.6099030750022094,0.8568356374807987
legacy_reused_holdout,1,bestCI,1,1,1.0,gamma,dynasurv,all,ET alone,MONOCT std alone,3255,1.0544521181047175,-0.0197092194058202,0.2767093080975317,0.7788018433179723
legacy_reused_holdout,1,bestCI,1,1,1.0,gamma,dynasurv,all,ET alone,POLYCT alone,3255,2.355155219514931,-0.1027622178022935,1.2372518732969835,0.7007680491551459
legacy_reused_holdout,1,bestCI,1,1,1.0,gamma,dynasurv,all,ET+ANTI-CDK wo CT,MONOCT std alone,3255,1.4428828126331694,0.4108947837627466,0.8866123830997412,0.8046082949308756
legacy_reused_holdout,1,bestCI,1,1,1.0,gamma,dynasurv,all,ET+ANTI-CDK wo CT,POLYCT alone,3255,2.9233915800177748,0.3278417853662734,1.8471548290899031,0.7262672811059908
legacy_reused_holdout,1,bestCI,1,1,1.0,gamma,dynasurv,all,MONOCT std alone,POLYCT alone,3453,1.951061043712492,-0.0897683879822992,0.9066580316514276,0.7318273964668405
legacy_reused_holdout,1,bestCI,1,1,1.0,gamma,oracle,1,ET alone,ET+ANTI-CDK wo CT,1977,1.1297621036369783e-06,-0.5127174917903203,-5.396855128347866e-07,1.0
legacy_reused_holdout,1,bestCI,1,1,1.0,gamma,oracle,1,ET alone,MONOCT std alone,1977,2.065637353394236e-06,-0.0502375337715807,1.0386830523595458e-06,1.0
legacy_reused_holdout,1,bestCI,1,1,1.0,gamma,oracle,1,ET alone,POLYCT alone,1977,2.490165109644781e-06,-0.0741330402474124,1.9458035160901946e-07,1.0
legacy_reused_holdout,1,bestCI,1,1,1.0,gamma,oracle,1,ET+ANTI-CDK wo CT,MONOCT std alone,1977,2.1370094182896032e-06,0.4624799580187396,1.5783685652359658e-06,1.0
legacy_reused_holdout,1,bestCI,1,1,1.0,gamma,oracle,1,ET+ANTI-CDK wo CT,POLYCT alone,1977,2.660149482032463e-06,0.4385844515429079,7.342658643882949e-07,1.0
legacy_reused_holdout,1,bestCI,1,1,1.0,gamma,oracle,1,MONOCT std alone,POLYCT alone,1977,2.6024618634712175e-06,-0.0238955064758317,-8.441027007644042e-07,1.0
legacy_reused_holdout,1,bestCI,1,1,1.0,gamma,oracle,2,ET alone,ET+ANTI-CDK wo CT,840,3.084894625106985e-06,-0.3200386886524867,-5.615049026852503e-07,1.0
legacy_reused_holdout,1,bestCI,1,1,1.0,gamma,oracle,2,ET alone,MONOCT std alone,840,3.999166128815919e-06,0.0375787779548444,2.2170983203506633e-06,1.0
legacy_reused_holdout,1,bestCI,1,1,1.0,gamma,oracle,2,ET alone,POLYCT alone,840,4.733024386277898e-06,-0.1825720458101748,8.471895721617884e-07,1.0
legacy_reused_holdout,1,bestCI,1,1,1.0,gamma,oracle,2,ET+ANTI-CDK wo CT,MONOCT std alone,840,4.550334819449077e-06,0.3576174666073311,2.7786032230636692e-06,1.0
legacy_reused_holdout,1,bestCI,1,1,1.0,gamma,oracle,2,ET+ANTI-CDK wo CT,POLYCT alone,840,5.400842706326889e-06,0.1374666428423117,1.4086944749303054e-06,1.0
legacy_reused_holdout,1,bestCI,1,1,1.0,gamma,oracle,2,MONOCT std alone,POLYCT alone,840,5.214568431014092e-06,-0.2201508237650193,-1.3699087481611194e-06,1.0
legacy_reused_holdout,1,bestCI,1,1,1.0,gamma,oracle,3,ET alone,ET+ANTI-CDK wo CT,438,4.643287457036055e-06,-0.2720115309957376,-4.295960999711746e-07,1.0
legacy_reused_holdout,1,bestCI,1,1,1.0,gamma,oracle,3,ET alone,MONOCT std alone,438,5.032564334976133e-06,0.008218999128769,2.6648948208817663e-06,1.0
legacy_reused_holdout,1,bestCI,1,1,1.0,gamma,oracle,3,ET alone,POLYCT alone,438,6.744234996934665e-06,-0.0789257531890045,8.643574821859401e-07,1.0
legacy_reused_holdout,1,bestCI,1,1,1.0,gamma,oracle,3,ET+ANTI-CDK wo CT,MONOCT std alone,438,5.763791616088689e-06,0.2802305301245066,3.094490920840798e-06,1.0
legacy_reused_holdout,1,bestCI,1,1,1.0,gamma,oracle,3,ET+ANTI-CDK wo CT,POLYCT alone,438,6.755554539629775e-06,0.193085777806733,1.2939535821154813e-06,1.0
legacy_reused_holdout,1,bestCI,1,1,1.0,gamma,oracle,3,MONOCT std alone,POLYCT alone,438,6.774559370297404e-06,-0.0871447523177736,-1.8005373387114387e-06,1.0
legacy_reused_holdout,1,bestCI,1,1,1.0,gamma,oracle,4,MONOCT std alone,POLYCT alone,198,8.423273088872198e-06,-0.2001653228401952,-1.4984866256451124e-06,1.0
legacy_reused_holdout,1,bestCI,1,1,1.0,gamma,oracle,all,ET alone,ET+ANTI-CDK wo CT,3255,2.476347294017188e-06,-0.4306040031685669,-5.305024482482601e-07,1.0
legacy_reused_holdout,1,bestCI,1,1,1.0,gamma,oracle,all,ET alone,MONOCT std alone,3255,3.182279605534313e-06,-0.0197092194058202,1.5616168710062828e-06,1.0
legacy_reused_holdout,1,bestCI,1,1,1.0,gamma,oracle,all,ET alone,POLYCT alone,3255,3.958261542357819e-06,-0.1027622178022935,4.531223265630269e-07,1.0
legacy_reused_holdout,1,bestCI,1,1,1.0,gamma,oracle,all,ET+ANTI-CDK wo CT,MONOCT std alone,3255,3.547880439945115e-06,0.4108947837627466,2.0921193192302567e-06,1.0
legacy_reused_holdout,1,bestCI,1,1,1.0,gamma,oracle,all,ET+ANTI-CDK wo CT,POLYCT alone,3255,4.2387036673316494e-06,0.3278417853662734,9.83624774741898e-07,1.0
legacy_reused_holdout,1,bestCI,1,1,1.0,gamma,oracle,all,MONOCT std alone,POLYCT alone,3453,4.514710345173809e-06,-0.0897683879822992,-1.1308572528401228e-06,1.0
legacy_reused_holdout,1,bestCI,1,1,1.0,gamma,naive_km,1,ET alone,ET+ANTI-CDK wo CT,1977,0.8446823164822972,-0.5127174917903203,-0.8001043152734602,1.0
legacy_reused_holdout,1,bestCI,1,1,1.0,gamma,naive_km,1,ET alone,MONOCT std alone,1977,1.80981512680944,-0.0502375337715807,1.4668495829913066,0.6717248356095094
legacy_reused_holdout,1,bestCI,1,1,1.0,gamma,naive_km,1,ET alone,POLYCT alone,1977,1.6476872160911211,-0.0741330402474124,0.0351586005621469,0.4390490642387455
legacy_reused_holdout,1,bestCI,1,1,1.0,gamma,naive_km,1,ET+ANTI-CDK wo CT,MONOCT std alone,1977,2.430642936750467,0.4624799580187396,2.266953898264767,0.7971674253920081
legacy_reused_holdout,1,bestCI,1,1,1.0,gamma,naive_km,1,ET+ANTI-CDK wo CT,POLYCT alone,1977,1.8002577719077313,0.4385844515429079,0.8352629158356072,0.6944865958523014
legacy_reused_holdout,1,bestCI,1,1,1.0,gamma,naive_km,1,MONOCT std alone,POLYCT alone,1977,2.1364287195998615,-0.0238955064758317,-1.43169098242916,0.6019221041982802
legacy_reused_holdout,1,bestCI,1,1,1.0,gamma,naive_km,2,ET alone,ET+ANTI-CDK wo CT,840,1.9398333597927224,-0.3200386886524867,-1.7475130645773784,0.6154761904761905
legacy_reused_holdout,1,bestCI,1,1,1.0,gamma,naive_km,2,ET alone,MONOCT std alone,840,1.3783515212018462,0.0375787779548444,0.960506584196838,0.5869047619047619
legacy_reused_holdout,1,bestCI,1,1,1.0,gamma,naive_km,2,ET alone,POLYCT alone,840,1.5873494350429695,-0.1825720458101748,-0.3333937245569139,0.4916666666666666
legacy_reused_holdout,1,bestCI,1,1,1.0,gamma,naive_km,2,ET+ANTI-CDK wo CT,MONOCT std alone,840,2.9133876750252377,0.3576174666073311,2.708019648774217,0.7130952380952381
legacy_reused_holdout,1,bestCI,1,1,1.0,gamma,naive_km,2,ET+ANTI-CDK wo CT,POLYCT alone,840,2.217987378217166,0.1374666428423117,1.4141193400204652,0.5666666666666667
legacy_reused_holdout,1,bestCI,1,1,1.0,gamma,naive_km,2,MONOCT std alone,POLYCT alone,840,2.0022327122666383,-0.2201508237650193,-1.2939003087537522,0.6214285714285714
legacy_reused_holdout,1,bestCI,1,1,1.0,gamma,naive_km,3,ET alone,ET+ANTI-CDK wo CT,438,1.1251610824242977,-0.2720115309957376,-1.0028070638579396,0.728310502283105
legacy_reused_holdout,1,bestCI,1,1,1.0,gamma,naive_km,3,ET alone,MONOCT std alone,438,0.6177482387539223,0.008218999128769,0.1930319747950151,0.5753424657534246
legacy_reused_holdout,1,bestCI,1,1,1.0,gamma,naive_km,3,ET alone,POLYCT alone,438,0.9868388382826316,-0.0789257531890045,-0.3219047474882134,0.5251141552511416
legacy_reused_holdout,1,bestCI,1,1,1.0,gamma,naive_km,3,ET+ANTI-CDK wo CT,MONOCT std alone,438,1.3388459834281694,0.2802305301245066,1.1958390386529547,0.8013698630136986
legacy_reused_holdout,1,bestCI,1,1,1.0,gamma,naive_km,3,ET+ANTI-CDK wo CT,POLYCT alone,438,1.1875600589523465,0.193085777806733,0.6809023163697261,0.589041095890411
legacy_reused_holdout,1,bestCI,1,1,1.0,gamma,naive_km,3,MONOCT std alone,POLYCT alone,438,1.0717555738674855,-0.0871447523177736,-0.5149367222832286,0.6095890410958904
legacy_reused_holdout,1,bestCI,1,1,1.0,gamma,naive_km,4,MONOCT std alone,POLYCT alone,198,1.0114789449551014,-0.2001653228401952,-0.4866884219255908,0.6060606060606061
legacy_reused_holdout,1,bestCI,1,1,1.0,gamma,naive_km,all,ET alone,ET+ANTI-CDK wo CT,3255,1.2549073711080323,-0.4306040031685669,-1.0718730259632587,0.8642089093701997
legacy_reused_holdout,1,bestCI,1,1,1.0,gamma,naive_km,all,ET alone,MONOCT std alone,3255,1.5909256473323876,-0.0197092194058202,1.164772706992127,0.6368663594470046
legacy_reused_holdout,1,bestCI,1,1,1.0,gamma,naive_km,all,ET alone,POLYCT alone,3255,1.558917723431537,-0.1027622178022935,-0.1079989108191338,0.4642089093701997
legacy_reused_holdout,1,bestCI,1,1,1.0,gamma,naive_km,all,ET+ANTI-CDK wo CT,MONOCT std alone,3255,2.4535663032997133,0.4108947837627466,2.2366457329553855,0.776036866359447
legacy_reused_holdout,1,bestCI,1,1,1.0,gamma,naive_km,all,ET+ANTI-CDK wo CT,POLYCT alone,3255,1.8514227343089755,0.3278417853662734,0.963874115144125,0.6473118279569893
legacy_reused_holdout,1,bestCI,1,1,1.0,gamma,naive_km,all,MONOCT std alone,POLYCT alone,3453,1.9475356455627948,-0.0897683879822992,-1.2276964736510052,0.6078772082247321
legacy_reused_holdout,1,bestCI,2,2,1.0,gamma,dynasurv,1,ET alone,ET+ANTI-CDK wo CT,1977,0.4539217435739894,-0.5241241535747959,0.0985795340145542,0.9787556904400608
legacy_reused_holdout,1,bestCI,2,2,1.0,gamma,dynasurv,1,ET alone,MONOCT std alone,1977,1.3033035890770752,-0.0428009414003054,0.6911618494317691,0.8371269600404654
legacy_reused_holdout,1,bestCI,2,2,1.0,gamma,dynasurv,1,ET alone,POLYCT alone,1977,1.8670858705152915,-0.06775806256338,0.8412514717201794,0.7511380880121397
legacy_reused_holdout,1,bestCI,2,2,1.0,gamma,dynasurv,1,ET+ANTI-CDK wo CT,MONOCT std alone,1977,1.1928005037495066,0.4813232121744905,0.5925823750218595,0.881638846737481
legacy_reused_holdout,1,bestCI,2,2,1.0,gamma,dynasurv,1,ET+ANTI-CDK wo CT,POLYCT alone,1977,1.8467887906557376,0.4563660910114158,0.7426718184963357,0.761254425897825
legacy_reused_holdout,1,bestCI,2,2,1.0,gamma,dynasurv,1,MONOCT std alone,POLYCT alone,1977,1.3629483141305412,-0.0249571211630746,0.1500896371895715,0.7491148204350025
legacy_reused_holdout,1,bestCI,2,2,1.0,gamma,dynasurv,2,ET alone,ET+ANTI-CDK wo CT,840,0.8743023027487373,-0.3140723506151212,-0.1846585472883211,0.6238095238095238
legacy_reused_holdout,1,bestCI,2,2,1.0,gamma,dynasurv,2,ET alone,MONOCT std alone,840,1.391309265039342,0.0471793956978644,1.0198786906973991,0.6392857142857142
legacy_reused_holdout,1,bestCI,2,2,1.0,gamma,dynasurv,2,ET alone,POLYCT alone,840,1.6653707586455913,-0.174690491033052,0.823956734014009,0.6428571428571429
legacy_reused_holdout,1,bestCI,2,2,1.0,gamma,dynasurv,2,ET+ANTI-CDK wo CT,MONOCT std alone,840,1.5374401597146563,0.3612517463129857,1.2045373571950098,0.7309523809523809
legacy_reused_holdout,1,bestCI,2,2,1.0,gamma,dynasurv,2,ET+ANTI-CDK wo CT,POLYCT alone,840,1.921185988376072,0.1393818595820692,1.00861528130233,0.6047619047619047
legacy_reused_holdout,1,bestCI,2,2,1.0,gamma,dynasurv,2,MONOCT std alone,POLYCT alone,840,1.390614545353897,-0.2218698867309164,-0.1959219566833901,0.7119047619047619
legacy_reused_holdout,1,bestCI,2,2,1.0,gamma,dynasurv,3,ET alone,ET+ANTI-CDK wo CT,438,0.5494514150232693,-0.2777638440554322,0.1063842331593217,0.6278538812785388
legacy_reused_holdout,1,bestCI,2,2,1.0,gamma,dynasurv,3,ET alone,MONOCT std alone,438,0.879497770723834,-0.0018214716850425,0.573813630574813,0.636986301369863
legacy_reused_holdout,1,bestCI,2,2,1.0,gamma,dynasurv,3,ET alone,POLYCT alone,438,1.0344476918947056,-0.0917278694045927,0.4628156887424376,0.6461187214611872
legacy_reused_holdout,1,bestCI,2,2,1.0,gamma,dynasurv,3,ET+ANTI-CDK wo CT,MONOCT std alone,438,0.745435068168497,0.2759423723703897,0.4674294123166524,0.7945205479452054
legacy_reused_holdout,1,bestCI,2,2,1.0,gamma,dynasurv,3,ET+ANTI-CDK wo CT,POLYCT alone,438,1.0065411482248372,0.1860359746508395,0.3564314406819546,0.6255707762557078
legacy_reused_holdout,1,bestCI,2,2,1.0,gamma,dynasurv,3,MONOCT std alone,POLYCT alone,438,0.8665256957447316,-0.0899063977195501,-0.1109978971288919,0.7077625570776256
legacy_reused_holdout,1,bestCI,2,2,1.0,gamma,dynasurv,4,ET alone,MONOCT std alone,198,0.935137125169466,0.0943430859852964,0.3851192693899934,0.6565656565656566
legacy_reused_holdout,1,bestCI,2,2,1.0,gamma,dynasurv,4,ET alone,POLYCT alone,198,1.1484768647206138,-0.1083444443865994,0.5471035329028349,0.6262626262626263
legacy_reused_holdout,1,bestCI,2,2,1.0,gamma,dynasurv,4,MONOCT std alone,POLYCT alone,198,0.9117897101968764,-0.2026875303718959,0.1619842113587771,0.702020202020202
legacy_reused_holdout,1,bestCI,2,2,1.0,gamma,dynasurv,all,ET alone,ET+ANTI-CDK wo CT,3255,0.6025245104049998,-0.4367664484885876,0.026536050310487,0.8399385560675883
legacy_reused_holdout,1,bestCI,2,2,1.0,gamma,dynasurv,all,ET alone,MONOCT std alone,3453,1.2616216767370434,-0.0078495923356957,0.7386936131792017,0.7532580364900087
legacy_reused_holdout,1,bestCI,2,2,1.0,gamma,dynasurv,all,ET alone,POLYCT alone,3453,1.6976334038096397,-0.0991389252659497,0.7721741892811474,0.7043150883289893
legacy_reused_holdout,1,bestCI,2,2,1.0,gamma,dynasurv,all,ET+ANTI-CDK wo CT,MONOCT std alone,3255,1.2445560663162063,0.422700527333366,0.7336652248867879,0.8310291858678955
legacy_reused_holdout,1,bestCI,2,2,1.0,gamma,dynasurv,all,ET+ANTI-CDK wo CT,POLYCT alone,3255,1.7777395252861237,0.3381874902843548,0.7593291656375812,0.7026113671274962
legacy_reused_holdout,1,bestCI,2,2,1.0,gamma,dynasurv,all,MONOCT std alone,POLYCT alone,3453,1.294961072992229,-0.0912893329302539,0.0334806133548488,0.7321169997103968
legacy_reused_holdout,1,bestCI,2,2,1.0,gamma,oracle,1,ET alone,ET+ANTI-CDK wo CT,1977,1.1434993789409484e-06,-0.5241241535747959,-5.337822340800713e-07,1.0
legacy_reused_holdout,1,bestCI,2,2,1.0,gamma,oracle,1,ET alone,MONOCT std alone,1977,2.086328046575963e-06,-0.0428009414003054,1.0455585078353311e-06,1.0
legacy_reused_holdout,1,bestCI,2,2,1.0,gamma,oracle,1,ET alone,POLYCT alone,1977,2.5839144100419433e-06,-0.06775806256338,2.1204839383004437e-07,1.0
legacy_reused_holdout,1,bestCI,2,2,1.0,gamma,oracle,1,ET+ANTI-CDK wo CT,MONOCT std alone,1977,2.152952626597958e-06,0.4813232121744905,1.5793407419639749e-06,1.0
legacy_reused_holdout,1,bestCI,2,2,1.0,gamma,oracle,1,ET+ANTI-CDK wo CT,POLYCT alone,1977,2.7173332057647165e-06,0.4563660910114158,7.458306279239935e-07,1.0
legacy_reused_holdout,1,bestCI,2,2,1.0,gamma,oracle,1,MONOCT std alone,POLYCT alone,1977,2.6440287430667612e-06,-0.0249571211630746,-8.335101139844703e-07,1.0
legacy_reused_holdout,1,bestCI,2,2,1.0,gamma,oracle,2,ET alone,ET+ANTI-CDK wo CT,840,3.0971054158319153e-06,-0.3140723506151212,-5.46731637907083e-07,1.0
legacy_reused_holdout,1,bestCI,2,2,1.0,gamma,oracle,2,ET alone,MONOCT std alone,840,3.947063687230794e-06,0.0471793956978644,2.145554035638819e-06,1.0
legacy_reused_holdout,1,bestCI,2,2,1.0,gamma,oracle,2,ET alone,POLYCT alone,840,4.820942883970013e-06,-0.174690491033052,7.861810441267547e-07,1.0
legacy_reused_holdout,1,bestCI,2,2,1.0,gamma,oracle,2,ET+ANTI-CDK wo CT,MONOCT std alone,840,4.482998597051999e-06,0.3612517463129857,2.692285673455697e-06,1.0
legacy_reused_holdout,1,bestCI,2,2,1.0,gamma,oracle,2,ET+ANTI-CDK wo CT,POLYCT alone,840,5.337357784467814e-06,0.1393818595820692,1.3329126820060822e-06,1.0
legacy_reused_holdout,1,bestCI,2,2,1.0,gamma,oracle,2,MONOCT std alone,POLYCT alone,840,5.1896527524373496e-06,-0.2218698867309164,-1.3593729915606367e-06,1.0
legacy_reused_holdout,1,bestCI,2,2,1.0,gamma,oracle,3,ET alone,ET+ANTI-CDK wo CT,438,5.113356504928046e-06,-0.2777638440554322,-3.172631920511648e-07,1.0
legacy_reused_holdout,1,bestCI,2,2,1.0,gamma,oracle,3,ET alone,MONOCT std alone,438,5.3478545539509544e-06,-0.0018214716850425,2.748679209598837e-06,1.0
legacy_reused_holdout,1,bestCI,2,2,1.0,gamma,oracle,3,ET alone,POLYCT alone,438,6.950059737031523e-06,-0.0917278694045927,1.0616933368845505e-06,1.0
legacy_reused_holdout,1,bestCI,2,2,1.0,gamma,oracle,3,ET+ANTI-CDK wo CT,MONOCT std alone,438,5.993576521544822e-06,0.2759423723703897,3.0659424015144765e-06,1.0
legacy_reused_holdout,1,bestCI,2,2,1.0,gamma,oracle,3,ET+ANTI-CDK wo CT,POLYCT alone,438,6.527869188158975e-06,0.1860359746508395,1.378956528880204e-06,1.0
legacy_reused_holdout,1,bestCI,2,2,1.0,gamma,oracle,3,MONOCT std alone,POLYCT alone,438,6.997856629409958e-06,-0.0899063977195501,-1.6869858727452949e-06,1.0
legacy_reused_holdout,1,bestCI,2,2,1.0,gamma,oracle,4,ET alone,MONOCT std alone,198,6.269139553620874e-06,0.0943430859852964,2.9221587020122897e-06,1.0
legacy_reused_holdout,1,bestCI,2,2,1.0,gamma,oracle,4,ET alone,POLYCT alone,198,6.818935333452813e-06,-0.1083444443865994,1.1232321780463297e-06,1.0
legacy_reused_holdout,1,bestCI,2,2,1.0,gamma,oracle,4,MONOCT std alone,POLYCT alone,198,8.268265466438509e-06,-0.2026875303718959,-1.7989265239382046e-06,1.0
legacy_reused_holdout,1,bestCI,2,2,1.0,gamma,oracle,all,ET alone,ET+ANTI-CDK wo CT,3255,2.605357163945108e-06,-0.4367664484885876,-5.07988734521625e-07,1.0
legacy_reused_holdout,1,bestCI,2,2,1.0,gamma,oracle,all,ET alone,MONOCT std alone,3453,3.4876164946517154e-06,-0.0078495923356957,1.6367922029275617e-06,1.0
legacy_reused_holdout,1,bestCI,2,2,1.0,gamma,oracle,all,ET alone,POLYCT alone,3453,4.27433005665823e-06,-0.0991389252659497,5.117386054076523e-07,1.0
legacy_reused_holdout,1,bestCI,2,2,1.0,gamma,oracle,all,ET+ANTI-CDK wo CT,MONOCT std alone,3255,3.582675877506718e-06,0.422700527333366,2.0665927448204613e-06,1.0
legacy_reused_holdout,1,bestCI,2,2,1.0,gamma,oracle,all,ET+ANTI-CDK wo CT,POLYCT alone,3255,4.191715301211188e-06,0.3381874902843548,9.82530495852174e-07,1.0
legacy_reused_holdout,1,bestCI,2,2,1.0,gamma,oracle,all,MONOCT std alone,POLYCT alone,3453,4.548202279469715e-06,-0.0912893329302539,-1.1250535975199094e-06,1.0
legacy_reused_holdout,1,bestCI,2,2,1.0,gamma,naive_km,1,ET alone,ET+ANTI-CDK wo CT,1977,0.7261742760790029,-0.5241241535747959,-0.6720724943695197,1.0
legacy_reused_holdout,1,bestCI,2,2,1.0,gamma,naive_km,1,ET alone,MONOCT std alone,1977,1.6278861377907394,-0.0428009414003054,1.2310621217228508,0.6717248356095094
legacy_reused_holdout,1,bestCI,2,2,1.0,gamma,naive_km,1,ET alone,POLYCT alone,1977,1.7012402593673968,-0.06775806256338,-0.2593565562480948,0.4390490642387455
legacy_reused_holdout,1,bestCI,2,2,1.0,gamma,naive_km,1,ET+ANTI-CDK wo CT,MONOCT std alone,1977,2.1008000679709955,0.4813232121744905,1.9031346160923697,0.7971674253920081
legacy_reused_holdout,1,bestCI,2,2,1.0,gamma,naive_km,1,ET+ANTI-CDK wo CT,POLYCT alone,1977,1.6876954634215202,0.4563660910114158,0.4127159381214249,0.6944865958523014
legacy_reused_holdout,1,bestCI,2,2,1.0,gamma,naive_km,1,MONOCT std alone,POLYCT alone,1977,2.194622334587558,-0.0249571211630746,-1.4904186779709456,0.6019221041982802
legacy_reused_holdout,1,bestCI,2,2,1.0,gamma,naive_km,2,ET alone,ET+ANTI-CDK wo CT,840,1.4862901475172388,-0.3140723506151212,-1.2342545341693407,0.6154761904761905
legacy_reused_holdout,1,bestCI,2,2,1.0,gamma,naive_km,2,ET alone,MONOCT std alone,840,1.5948811345001608,0.0471793956978644,1.2581792798096612,0.5869047619047619
legacy_reused_holdout,1,bestCI,2,2,1.0,gamma,naive_km,2,ET alone,POLYCT alone,840,1.657939115054654,-0.174690491033052,0.5382969424346551,0.5083333333333333
legacy_reused_holdout,1,bestCI,2,2,1.0,gamma,naive_km,2,ET+ANTI-CDK wo CT,MONOCT std alone,840,2.7134819856979298,0.3612517463129857,2.4924338139790017,0.7130952380952381
legacy_reused_holdout,1,bestCI,2,2,1.0,gamma,naive_km,2,ET+ANTI-CDK wo CT,POLYCT alone,840,2.454908507664102,0.1393818595820692,1.7725514766039965,0.5666666666666667
legacy_reused_holdout,1,bestCI,2,2,1.0,gamma,naive_km,2,MONOCT std alone,POLYCT alone,840,1.7062586789948098,-0.2218698867309164,-0.719882337375006,0.6214285714285714
legacy_reused_holdout,1,bestCI,2,2,1.0,gamma,naive_km,3,ET alone,ET+ANTI-CDK wo CT,438,0.5186393511866393,-0.2777638440554322,-0.0142513241213586,0.728310502283105
legacy_reused_holdout,1,bestCI,2,2,1.0,gamma,naive_km,3,ET alone,MONOCT std alone,438,1.3158645876781945,-0.0018214716850425,1.183823351147287,0.5753424657534246
legacy_reused_holdout,1,bestCI,2,2,1.0,gamma,naive_km,3,ET alone,POLYCT alone,438,1.174186572288901,-0.0917278694045927,0.6927891281246884,0.4748858447488584
legacy_reused_holdout,1,bestCI,2,2,1.0,gamma,naive_km,3,ET+ANTI-CDK wo CT,MONOCT std alone,438,1.337906031393753,0.2759423723703897,1.1980746752686462,0.8013698630136986
legacy_reused_holdout,1,bestCI,2,2,1.0,gamma,naive_km,3,ET+ANTI-CDK wo CT,POLYCT alone,438,1.2201601220870788,0.1860359746508395,0.7070404522460468,0.589041095890411
legacy_reused_holdout,1,bestCI,2,2,1.0,gamma,naive_km,3,MONOCT std alone,POLYCT alone,438,1.0651906797752972,-0.0899063977195501,-0.4910342230225992,0.6095890410958904
legacy_reused_holdout,1,bestCI,2,2,1.0,gamma,naive_km,4,ET alone,MONOCT std alone,198,0.9085762718870146,0.0943430859852964,0.6833731944945578,0.5808080808080808
legacy_reused_holdout,1,bestCI,2,2,1.0,gamma,naive_km,4,ET alone,POLYCT alone,198,0.9892984609446934,-0.1083444443865994,0.3668873956274351,0.4696969696969697
legacy_reused_holdout,1,bestCI,2,2,1.0,gamma,naive_km,4,MONOCT std alone,POLYCT alone,198,0.9519323934261952,-0.2026875303718959,-0.3164857988671227,0.6060606060606061
legacy_reused_holdout,1,bestCI,2,2,1.0,gamma,naive_km,all,ET alone,ET+ANTI-CDK wo CT,3255,0.962580194914807,-0.4367664484885876,-0.7286338586899974,0.8642089093701997
legacy_reused_holdout,1,bestCI,2,2,1.0,gamma,naive_km,all,ET alone,MONOCT std alone,3453,1.5501638719215,-0.0078495923356957,1.200261491456306,0.6336518969012453
legacy_reused_holdout,1,bestCI,2,2,1.0,gamma,naive_km,all,ET alone,POLYCT alone,3453,1.5989871208460216,-0.0991389252659497,0.0913718107140088,0.4622067767158992
legacy_reused_holdout,1,bestCI,2,2,1.0,gamma,naive_km,all,ET+ANTI-CDK wo CT,MONOCT std alone,3255,2.1958023251268854,0.422700527333366,1.9603374032333776,0.776036866359447
legacy_reused_holdout,1,bestCI,2,2,1.0,gamma,naive_km,all,ET+ANTI-CDK wo CT,POLYCT alone,3255,1.8669684866795493,0.3381874902843548,0.8032461960360008,0.6473118279569893
legacy_reused_holdout,1,bestCI,2,2,1.0,gamma,naive_km,all,MONOCT std alone,POLYCT alone,3453,1.913557403970872,-0.0912893329302539,-1.1088896807422972,0.6078772082247321
legacy_reused_holdout,1,bestCI,0,0,1.5,gamma,dynasurv,1,ET alone,ET+ANTI-CDK wo CT,1977,0.5606942739120063,-0.5237545547390033,-0.0682112398242901,0.9989883662114316
legacy_reused_holdout,1,bestCI,0,0,1.5,gamma,dynasurv,1,ET alone,MONOCT std alone,1977,1.9069130615345655,-0.0521947571343936,1.5913987585610905,0.7268588770864947
legacy_reused_holdout,1,bestCI,0,0,1.5,gamma,dynasurv,1,ET alone,POLYCT alone,1977,7.701433430244956,-0.0645149385959068,6.685479465726034,0.6327769347496206
legacy_reused_holdout,1,bestCI,0,0,1.5,gamma,dynasurv,1,ET+ANTI-CDK wo CT,MONOCT std alone,1977,1.9379477486726449,0.4715597976046096,1.6596102368039598,0.8128477491148204
legacy_reused_holdout,1,bestCI,0,0,1.5,gamma,dynasurv,1,ET+ANTI-CDK wo CT,POLYCT alone,1977,7.624151132897795,0.4592396161430964,6.753690586341034,0.7061203844208397
legacy_reused_holdout,1,bestCI,0,0,1.5,gamma,dynasurv,1,MONOCT std alone,POLYCT alone,1977,6.140454321818946,-0.0123201814615132,5.094080111118496,0.5442589782498736
legacy_reused_holdout,1,bestCI,0,0,1.5,gamma,dynasurv,2,ET alone,ET+ANTI-CDK wo CT,840,1.13444923129801,-0.3369851303479194,-0.5726665067294121,0.6154761904761905
legacy_reused_holdout,1,bestCI,0,0,1.5,gamma,dynasurv,2,ET alone,MONOCT std alone,840,1.3740853804089648,0.0562261031749226,0.9483924223301432,0.6654761904761904
legacy_reused_holdout,1,bestCI,0,0,1.5,gamma,dynasurv,2,ET alone,POLYCT alone,840,2.6092109118587063,-0.1737130591523583,2.0473038861405786,0.638095238095238
legacy_reused_holdout,1,bestCI,0,0,1.5,gamma,dynasurv,2,ET+ANTI-CDK wo CT,MONOCT std alone,840,1.8488848224598735,0.393211233522842,1.5210589290595555,0.719047619047619
legacy_reused_holdout,1,bestCI,0,0,1.5,gamma,dynasurv,2,ET+ANTI-CDK wo CT,POLYCT alone,840,3.069128830867501,0.1632720711955611,2.6199703928699907,0.5869047619047619
legacy_reused_holdout,1,bestCI,0,0,1.5,gamma,dynasurv,2,MONOCT std alone,POLYCT alone,840,1.6144514839577648,-0.2299391623272809,1.0989114042057906,0.6511904761904762
legacy_reused_holdout,1,bestCI,0,0,1.5,gamma,dynasurv,3,ET alone,ET+ANTI-CDK wo CT,438,0.7324132386041181,-0.2733263691594094,-0.424305347568801,0.728310502283105
legacy_reused_holdout,1,bestCI,0,0,1.5,gamma,dynasurv,3,ET alone,MONOCT std alone,438,0.7108842763293501,0.0180189057844191,0.2688815549356431,0.6940639269406392
legacy_reused_holdout,1,bestCI,0,0,1.5,gamma,dynasurv,3,ET alone,POLYCT alone,438,0.9861504930487188,-0.0880615095614352,0.4429847280501284,0.7191780821917808
legacy_reused_holdout,1,bestCI,0,0,1.5,gamma,dynasurv,3,ET+ANTI-CDK wo CT,MONOCT std alone,438,0.934064624831208,0.2913452749438285,0.6931868428997994,0.815068493150685
legacy_reused_holdout,1,bestCI,0,0,1.5,gamma,dynasurv,3,ET+ANTI-CDK wo CT,POLYCT alone,438,1.2353175402151932,0.1852648595979742,0.8672899862119623,0.6666666666666666
legacy_reused_holdout,1,bestCI,0,0,1.5,gamma,dynasurv,3,MONOCT std alone,POLYCT alone,438,0.7102076110827666,-0.1060804153458543,0.1741032178179689,0.7853881278538812
legacy_reused_holdout,1,bestCI,0,0,1.5,gamma,dynasurv,4,MONOCT std alone,POLYCT alone,198,0.7073197033539548,-0.2116651581677573,0.1349168615492957,0.7777777777777778
legacy_reused_holdout,1,bestCI,0,0,1.5,gamma,dynasurv,all,ET alone,ET+ANTI-CDK wo CT,3255,0.7715248053340839,-0.4418578230116999,-0.2463101066376531,0.8635944700460829
legacy_reused_holdout,1,bestCI,0,0,1.5,gamma,dynasurv,all,ET alone,MONOCT std alone,3255,1.662485564070801,-0.0147670744866929,1.247500800988158,0.706605222734255
legacy_reused_holdout,1,bestCI,0,0,1.5,gamma,dynasurv,all,ET alone,POLYCT alone,3255,6.1572988762934315,-0.0958635774132096,4.648526903676637,0.6457757296466974
legacy_reused_holdout,1,bestCI,0,0,1.5,gamma,dynasurv,all,ET+ANTI-CDK wo CT,MONOCT std alone,3255,1.811253699010072,0.4270907485250069,1.4938110268351006,0.7889400921658987
legacy_reused_holdout,1,bestCI,0,0,1.5,gamma,dynasurv,all,ET+ANTI-CDK wo CT,POLYCT alone,3255,6.159658656703196,0.3459942455984902,4.89483712952358,0.6700460829493088
legacy_reused_holdout,1,bestCI,0,0,1.5,gamma,dynasurv,all,MONOCT std alone,POLYCT alone,3453,4.723840277162534,-0.0885834979273176,3.2137427615381573,0.6142484795829714
legacy_reused_holdout,1,bestCI,0,0,1.5,gamma,oracle,1,ET alone,ET+ANTI-CDK wo CT,1977,1.1595063940541275e-06,-0.5237545547390033,-5.271771436055062e-07,1.0
legacy_reused_holdout,1,bestCI,0,0,1.5,gamma,oracle,1,ET alone,MONOCT std alone,1977,2.113349509338701e-06,-0.0521947571343936,1.0809074247677963e-06,1.0
legacy_reused_holdout,1,bestCI,0,0,1.5,gamma,oracle,1,ET alone,POLYCT alone,1977,2.5923363611176726e-06,-0.0645149385959068,2.221633390725453e-07,1.0
legacy_reused_holdout,1,bestCI,0,0,1.5,gamma,oracle,1,ET+ANTI-CDK wo CT,MONOCT std alone,1977,2.1701365916977337e-06,0.4715597976046096,1.6080845685051417e-06,1.0
legacy_reused_holdout,1,bestCI,0,0,1.5,gamma,oracle,1,ET+ANTI-CDK wo CT,POLYCT alone,1977,2.683358526751288e-06,0.4592396161430964,7.493404827751959e-07,1.0
legacy_reused_holdout,1,bestCI,0,0,1.5,gamma,oracle,1,MONOCT std alone,POLYCT alone,1977,2.598296109465734e-06,-0.0123201814615132,-8.587440856657608e-07,1.0
legacy_reused_holdout,1,bestCI,0,0,1.5,gamma,oracle,2,ET alone,ET+ANTI-CDK wo CT,840,3.417207579769713e-06,-0.3369851303479194,-3.776207332939485e-07,1.0
legacy_reused_holdout,1,bestCI,0,0,1.5,gamma,oracle,2,ET alone,MONOCT std alone,840,4.169911408168657e-06,0.0562261031749226,2.262933073989004e-06,1.0
legacy_reused_holdout,1,bestCI,0,0,1.5,gamma,oracle,2,ET alone,POLYCT alone,840,4.642090180883156e-06,-0.1737130591523583,9.087606681335014e-07,1.0
legacy_reused_holdout,1,bestCI,0,0,1.5,gamma,oracle,2,ET+ANTI-CDK wo CT,MONOCT std alone,840,4.640099837022265e-06,0.393211233522842,2.6405538072760137e-06,1.0
legacy_reused_holdout,1,bestCI,0,0,1.5,gamma,oracle,2,ET+ANTI-CDK wo CT,POLYCT alone,840,5.411446944818452e-06,0.1632720711955611,1.286381401482961e-06,1.0
legacy_reused_holdout,1,bestCI,0,0,1.5,gamma,oracle,2,MONOCT std alone,POLYCT alone,840,5.179253832665001e-06,-0.2299391623272809,-1.3541724058208082e-06,1.0
legacy_reused_holdout,1,bestCI,0,0,1.5,gamma,oracle,3,ET alone,ET+ANTI-CDK wo CT,438,4.6736197623257095e-06,-0.2733263691594094,-5.663124763577443e-07,1.0
legacy_reused_holdout,1,bestCI,0,0,1.5,gamma,oracle,3,ET alone,MONOCT std alone,438,5.427999594537793e-06,0.0180189057844191,2.5117548393370492e-06,1.0
legacy_reused_holdout,1,bestCI,0,0,1.5,gamma,oracle,3,ET alone,POLYCT alone,438,7.296551762051696e-06,-0.0880615095614352,5.214627928906701e-07,1.0
legacy_reused_holdout,1,bestCI,0,0,1.5,gamma,oracle,3,ET+ANTI-CDK wo CT,MONOCT std alone,438,6.316255900921768e-06,0.2913452749438285,3.078067315698263e-06,1.0
legacy_reused_holdout,1,bestCI,0,0,1.5,gamma,oracle,3,ET+ANTI-CDK wo CT,POLYCT alone,438,7.6111606555268996e-06,0.1852648595979742,1.08777526927617e-06,1.0
legacy_reused_holdout,1,bestCI,0,0,1.5,gamma,oracle,3,MONOCT std alone,POLYCT alone,438,8.424166465134684e-06,-0.1060804153458543,-1.990292046449849e-06,1.0
legacy_reused_holdout,1,bestCI,0,0,1.5,gamma,oracle,4,MONOCT std alone,POLYCT alone,198,8.31842190028816e-06,-0.2116651581677573,-1.6495036778141348e-06,1.0
legacy_reused_holdout,1,bestCI,0,0,1.5,gamma,oracle,all,ET alone,ET+ANTI-CDK wo CT,3255,2.6017858811824743e-06,-0.4418578230116999,-4.938480779315135e-07,1.0
legacy_reused_holdout,1,bestCI,0,0,1.5,gamma,oracle,all,ET alone,MONOCT std alone,3255,3.341343524567311e-06,-0.0147670744866929,1.5784842951113015e-06,1.0
legacy_reused_holdout,1,bestCI,0,0,1.5,gamma,oracle,all,ET alone,POLYCT alone,3255,4.099604203387717e-06,-0.0958635774132096,4.396241431586789e-07,1.0
legacy_reused_holdout,1,bestCI,0,0,1.5,gamma,oracle,all,ET+ANTI-CDK wo CT,MONOCT std alone,3255,3.7128232303263538e-06,0.4270907485250069,2.072332373037611e-06,1.0
legacy_reused_holdout,1,bestCI,0,0,1.5,gamma,oracle,all,ET+ANTI-CDK wo CT,POLYCT alone,3255,4.4413505562747565e-06,0.3459942455984902,9.334722211318258e-07,1.0
legacy_reused_holdout,1,bestCI,0,0,1.5,gamma,oracle,all,MONOCT std alone,POLYCT alone,3453,4.83327383541558e-06,-0.0885834979273176,-1.1681411882236148e-06,1.0
legacy_reused_holdout,1,bestCI,0,0,1.5,gamma,naive_km,1,ET alone,ET+ANTI-CDK wo CT,1977,1.302461376993825,-0.5237545547390033,-1.272298416331374,1.0
legacy_reused_holdout,1,bestCI,0,0,1.5,gamma,naive_km,1,ET alone,MONOCT std alone,1977,2.0406089915468746,-0.0521947571343936,1.7347641735413817,0.6717248356095094
legacy_reused_holdout,1,bestCI,0,0,1.5,gamma,naive_km,1,ET alone,POLYCT alone,1977,1.9085590374085737,-0.0645149385959068,-0.8860661084367071,0.4390490642387455
legacy_reused_holdout,1,bestCI,0,0,1.5,gamma,naive_km,1,ET+ANTI-CDK wo CT,MONOCT std alone,1977,3.137162998812799,0.4715597976046096,3.007062589872755,0.7971674253920081
legacy_reused_holdout,1,bestCI,0,0,1.5,gamma,naive_km,1,ET+ANTI-CDK wo CT,POLYCT alone,1977,1.692816667164459,0.4592396161430964,0.3862323078946671,0.6944865958523014
legacy_reused_holdout,1,bestCI,0,0,1.5,gamma,naive_km,1,MONOCT std alone,POLYCT alone,1977,3.0837868163857713,-0.0123201814615132,-2.6208302819780895,0.6019221041982802
legacy_reused_holdout,1,bestCI,0,0,1.5,gamma,naive_km,2,ET alone,ET+ANTI-CDK wo CT,840,1.7531575636503094,-0.3369851303479194,-1.5300036527950442,0.6154761904761905
legacy_reused_holdout,1,bestCI,0,0,1.5,gamma,naive_km,2,ET alone,MONOCT std alone,840,1.9745686908211917,0.0562261031749226,1.7010533397504308,0.5869047619047619
legacy_reused_holdout,1,bestCI,0,0,1.5,gamma,naive_km,2,ET alone,POLYCT alone,840,1.6371149274266772,-0.1737130591523583,-0.3234099957713305,0.4916666666666666
legacy_reused_holdout,1,bestCI,0,0,1.5,gamma,naive_km,2,ET+ANTI-CDK wo CT,MONOCT std alone,840,3.411466846034553,0.393211233522842,3.231056992545475,0.7130952380952381
legacy_reused_holdout,1,bestCI,0,0,1.5,gamma,naive_km,2,ET+ANTI-CDK wo CT,POLYCT alone,840,2.100190372112241,0.1632720711955611,1.206593657023713,0.5666666666666667
legacy_reused_holdout,1,bestCI,0,0,1.5,gamma,naive_km,2,MONOCT std alone,POLYCT alone,840,2.5527484699309455,-0.2299391623272809,-2.024463335521762,0.6214285714285714
legacy_reused_holdout,1,bestCI,0,0,1.5,gamma,naive_km,3,ET alone,ET+ANTI-CDK wo CT,438,0.5862976920662181,-0.2733263691594094,-0.2847779859465674,0.728310502283105
legacy_reused_holdout,1,bestCI,0,0,1.5,gamma,naive_km,3,ET alone,MONOCT std alone,438,1.2733857759972431,0.0180189057844191,1.1326657953045012,0.5753424657534246
legacy_reused_holdout,1,bestCI,0,0,1.5,gamma,naive_km,3,ET alone,POLYCT alone,438,1.1759230181867295,-0.0880615095614352,0.6933701471483599,0.4748858447488584
legacy_reused_holdout,1,bestCI,0,0,1.5,gamma,naive_km,3,ET+ANTI-CDK wo CT,MONOCT std alone,438,1.5409426999952422,0.2913452749438285,1.417443781251068,0.8013698630136986
legacy_reused_holdout,1,bestCI,0,0,1.5,gamma,naive_km,3,ET+ANTI-CDK wo CT,POLYCT alone,438,1.391453603212889,0.1852648595979742,0.9781481330949272,0.589041095890411
legacy_reused_holdout,1,bestCI,0,0,1.5,gamma,naive_km,3,MONOCT std alone,POLYCT alone,438,1.0453682554017103,-0.1060804153458543,-0.4392956481561415,0.6095890410958904
legacy_reused_holdout,1,bestCI,0,0,1.5,gamma,naive_km,4,MONOCT std alone,POLYCT alone,198,0.9323010568498596,-0.2116651581677573,-0.1378966185854355,0.6060606060606061
legacy_reused_holdout,1,bestCI,0,0,1.5,gamma,naive_km,all,ET alone,ET+ANTI-CDK wo CT,3255,1.3674003346087145,-0.4418578230116999,-1.2059200599937203,0.8642089093701997
legacy_reused_holdout,1,bestCI,0,0,1.5,gamma,naive_km,all,ET alone,MONOCT std alone,3255,1.937400684210711,-0.0147670744866929,1.6450449139247452,0.6368663594470046
legacy_reused_holdout,1,bestCI,0,0,1.5,gamma,naive_km,all,ET alone,POLYCT alone,3255,1.757879052952207,-0.0958635774132096,-0.5283320947392645,0.4574500768049155
legacy_reused_holdout,1,bestCI,0,0,1.5,gamma,naive_km,all,ET+ANTI-CDK wo CT,MONOCT std alone,3255,3.0496789968700058,0.4270907485250069,2.8509649739184653,0.776036866359447
legacy_reused_holdout,1,bestCI,0,0,1.5,gamma,naive_km,all,ET+ANTI-CDK wo CT,POLYCT alone,3255,1.7718094096417691,0.3459942455984902,0.6775879652544559,0.6473118279569893
legacy_reused_holdout,1,bestCI,0,0,1.5,gamma,naive_km,all,MONOCT std alone,POLYCT alone,3453,2.686721313551598,-0.0885834979273176,-2.0566596274779227,0.6078772082247321
legacy_reused_holdout,1,bestCI,1,1,1.5,gamma,dynasurv,1,ET alone,ET+ANTI-CDK wo CT,1977,0.7399495298509899,-0.5200382727689561,-0.3128661256723586,0.9762266059686392
legacy_reused_holdout,1,bestCI,1,1,1.5,gamma,dynasurv,1,ET alone,MONOCT std alone,1977,1.4499941087419794,-0.0476524147360834,0.9926207575171504,0.7486090035407182
legacy_reused_holdout,1,bestCI,1,1,1.5,gamma,dynasurv,1,ET alone,POLYCT alone,1977,3.459717993426522,-0.0744229479754214,2.660086505028034,0.7121901871522509
legacy_reused_holdout,1,bestCI,1,1,1.5,gamma,dynasurv,1,ET+ANTI-CDK wo CT,MONOCT std alone,1977,1.8074466798843805,0.4723858580328727,1.3054869427941536,0.8229640870005058
legacy_reused_holdout,1,bestCI,1,1,1.5,gamma,dynasurv,1,ET+ANTI-CDK wo CT,POLYCT alone,1977,3.746567792014659,0.4456153247935347,2.9729525710957474,0.7334344967121902
legacy_reused_holdout,1,bestCI,1,1,1.5,gamma,dynasurv,1,MONOCT std alone,POLYCT alone,1977,2.5564032550786413,-0.0267705332393379,1.6674656283015938,0.5867475973697521
legacy_reused_holdout,1,bestCI,1,1,1.5,gamma,dynasurv,2,ET alone,ET+ANTI-CDK wo CT,840,1.2873260075822257,-0.325450048604352,-0.9237393282267026,0.6178571428571429
legacy_reused_holdout,1,bestCI,1,1,1.5,gamma,dynasurv,2,ET alone,MONOCT std alone,840,1.0196810888917085,0.0439238596559616,0.2124923121332076,0.6857142857142857
legacy_reused_holdout,1,bestCI,1,1,1.5,gamma,dynasurv,2,ET alone,POLYCT alone,840,1.3536545999310443,-0.1827962658283922,0.4244289657948229,0.7428571428571429
legacy_reused_holdout,1,bestCI,1,1,1.5,gamma,dynasurv,2,ET+ANTI-CDK wo CT,MONOCT std alone,840,1.5561818588499476,0.3693739082603137,1.136231550952943,0.736904761904762
legacy_reused_holdout,1,bestCI,1,1,1.5,gamma,dynasurv,2,ET+ANTI-CDK wo CT,POLYCT alone,840,2.0214913729254573,0.1426537827759598,1.3481682940215256,0.6511904761904762
legacy_reused_holdout,1,bestCI,1,1,1.5,gamma,dynasurv,2,MONOCT std alone,POLYCT alone,840,1.139534150521654,-0.2267201254843539,0.2119366480736798,0.7785714285714286
legacy_reused_holdout,1,bestCI,1,1,1.5,gamma,dynasurv,3,ET alone,ET+ANTI-CDK wo CT,438,0.7122458350628159,-0.2756541188180575,-0.4422045533239712,0.723744292237443
legacy_reused_holdout,1,bestCI,1,1,1.5,gamma,dynasurv,3,ET alone,MONOCT std alone,438,0.6490548351298852,0.0107835951710387,0.0354707863663986,0.634703196347032
legacy_reused_holdout,1,bestCI,1,1,1.5,gamma,dynasurv,3,ET alone,POLYCT alone,438,0.8172642931407762,-0.0790981940955286,0.0616170868307714,0.7077625570776256
legacy_reused_holdout,1,bestCI,1,1,1.5,gamma,dynasurv,3,ET+ANTI-CDK wo CT,MONOCT std alone,438,0.8356202571745991,0.2864377139890963,0.4776753545915311,0.8013698630136986
legacy_reused_holdout,1,bestCI,1,1,1.5,gamma,dynasurv,3,ET+ANTI-CDK wo CT,POLYCT alone,438,0.99673340100755,0.1965559247225289,0.5038215991765495,0.7328767123287672
legacy_reused_holdout,1,bestCI,1,1,1.5,gamma,dynasurv,3,MONOCT std alone,POLYCT alone,438,0.7027175934087292,-0.0898817892665674,0.0261463041896631,0.815068493150685
legacy_reused_holdout,1,bestCI,1,1,1.5,gamma,dynasurv,4,MONOCT std alone,POLYCT alone,198,0.7744454202259733,-0.2047502881033437,0.0480558758718984,0.7525252525252525
legacy_reused_holdout,1,bestCI,1,1,1.5,gamma,dynasurv,all,ET alone,ET+ANTI-CDK wo CT,3255,0.9102095925100658,-0.4369370845266332,-0.4879148694566736,0.8497695852534562
legacy_reused_holdout,1,bestCI,1,1,1.5,gamma,dynasurv,all,ET alone,MONOCT std alone,3255,1.2657020586309746,-0.0161565490437217,0.6625010915470786,0.7170506912442396
legacy_reused_holdout,1,bestCI,1,1,1.5,gamma,dynasurv,all,ET alone,POLYCT alone,3255,2.7987129194156593,-0.103019367267926,1.7334869013331726,0.7195084485407066
legacy_reused_holdout,1,bestCI,1,1,1.5,gamma,dynasurv,all,ET+ANTI-CDK wo CT,MONOCT std alone,3255,1.6441169349616462,0.4207805354829115,1.150416020608397,0.7978494623655914
legacy_reused_holdout,1,bestCI,1,1,1.5,gamma,dynasurv,all,ET+ANTI-CDK wo CT,POLYCT alone,3255,3.116697849295393,0.3339177172587072,2.221401591975912,0.7121351766513057
legacy_reused_holdout,1,bestCI,1,1,1.5,gamma,dynasurv,all,MONOCT std alone,POLYCT alone,3453,2.0382883599926056,-0.0936226557672305,1.0123294900834845,0.6718795250506806
legacy_reused_holdout,1,bestCI,1,1,1.5,gamma,oracle,1,ET alone,ET+ANTI-CDK wo CT,1977,1.145098863603138e-06,-0.5200382727689561,-5.232913045105647e-07,1.0
legacy_reused_holdout,1,bestCI,1,1,1.5,gamma,oracle,1,ET alone,MONOCT std alone,1977,2.1116965935981466e-06,-0.0476524147360834,1.0665719991434508e-06,1.0
legacy_reused_holdout,1,bestCI,1,1,1.5,gamma,oracle,1,ET alone,POLYCT alone,1977,2.5267244912571582e-06,-0.0744229479754214,2.0504823187994514e-07,1.0
legacy_reused_holdout,1,bestCI,1,1,1.5,gamma,oracle,1,ET+ANTI-CDK wo CT,MONOCT std alone,1977,2.1565527695689418e-06,0.4723858580328727,1.589863303619321e-06,1.0
legacy_reused_holdout,1,bestCI,1,1,1.5,gamma,oracle,1,ET+ANTI-CDK wo CT,POLYCT alone,1977,2.684684909058199e-06,0.4456153247935347,7.283395364598988e-07,1.0
legacy_reused_holdout,1,bestCI,1,1,1.5,gamma,oracle,1,MONOCT std alone,POLYCT alone,1977,2.641791787836473e-06,-0.0267705332393379,-8.615237672322806e-07,1.0
legacy_reused_holdout,1,bestCI,1,1,1.5,gamma,oracle,2,ET alone,ET+ANTI-CDK wo CT,840,3.1349756733974387e-06,-0.325450048604352,-5.513365635700929e-07,1.0
legacy_reused_holdout,1,bestCI,1,1,1.5,gamma,oracle,2,ET alone,MONOCT std alone,840,4.032131178955008e-06,0.0439238596559616,2.2468973012446103e-06,1.0
legacy_reused_holdout,1,bestCI,1,1,1.5,gamma,oracle,2,ET alone,POLYCT alone,840,4.815510304174249e-06,-0.1827962658283922,8.87185975240179e-07,1.0
legacy_reused_holdout,1,bestCI,1,1,1.5,gamma,oracle,2,ET+ANTI-CDK wo CT,MONOCT std alone,840,4.586473337073603e-06,0.3693739082603137,2.7982338646759253e-06,1.0
legacy_reused_holdout,1,bestCI,1,1,1.5,gamma,oracle,2,ET+ANTI-CDK wo CT,POLYCT alone,840,5.48941770706863e-06,0.1426537827759598,1.4385225386992495e-06,1.0
legacy_reused_holdout,1,bestCI,1,1,1.5,gamma,oracle,2,MONOCT std alone,POLYCT alone,840,5.264620258232584e-06,-0.2267201254843539,-1.359711326032187e-06,1.0
legacy_reused_holdout,1,bestCI,1,1,1.5,gamma,oracle,3,ET alone,ET+ANTI-CDK wo CT,438,4.7063558409634825e-06,-0.2756541188180575,-4.158740311566156e-07,1.0
legacy_reused_holdout,1,bestCI,1,1,1.5,gamma,oracle,3,ET alone,MONOCT std alone,438,5.105628050817267e-06,0.0107835951710387,2.715994452139048e-06,1.0
legacy_reused_holdout,1,bestCI,1,1,1.5,gamma,oracle,3,ET alone,POLYCT alone,438,6.82589914519889e-06,-0.0790981940955286,8.931889504820711e-07,1.0
legacy_reused_holdout,1,bestCI,1,1,1.5,gamma,oracle,3,ET+ANTI-CDK wo CT,MONOCT std alone,438,5.842581866687492e-06,0.2864377139890963,3.1318684832748467e-06,1.0
legacy_reused_holdout,1,bestCI,1,1,1.5,gamma,oracle,3,ET+ANTI-CDK wo CT,POLYCT alone,438,6.855600142721808e-06,0.1965559247225289,1.30906298168032e-06,1.0
legacy_reused_holdout,1,bestCI,1,1,1.5,gamma,oracle,3,MONOCT std alone,POLYCT alone,438,6.868458304066043e-06,-0.0898817892665674,-1.8228055016084044e-06,1.0
legacy_reused_holdout,1,bestCI,1,1,1.5,gamma,oracle,4,MONOCT std alone,POLYCT alone,198,8.50434565654027e-06,-0.2047502881033437,-1.4494158134814583e-06,1.0
legacy_reused_holdout,1,bestCI,1,1,1.5,gamma,oracle,all,ET alone,ET+ANTI-CDK wo CT,3255,2.5126121725990886e-06,-0.4369370845266332,-5.160744848131671e-07,1.0
legacy_reused_holdout,1,bestCI,1,1,1.5,gamma,oracle,all,ET alone,MONOCT std alone,3255,3.2267263552097723e-06,-0.0161565490437217,1.593122010874748e-06,1.0
legacy_reused_holdout,1,bestCI,1,1,1.5,gamma,oracle,all,ET alone,POLYCT alone,3255,4.016417940855293e-06,-0.103019367267926,4.736815158307151e-07,1.0
legacy_reused_holdout,1,bestCI,1,1,1.5,gamma,oracle,all,ET+ANTI-CDK wo CT,MONOCT std alone,3255,3.584227134776236e-06,0.4207805354829115,2.1091964957919984e-06,1.0
legacy_reused_holdout,1,bestCI,1,1,1.5,gamma,oracle,all,ET+ANTI-CDK wo CT,POLYCT alone,3255,4.298654077749463e-06,0.3339177172587072,9.8975600065776e-07,1.0
legacy_reused_holdout,1,bestCI,1,1,1.5,gamma,oracle,all,MONOCT std alone,POLYCT alone,3453,4.56831327613343e-06,-0.0936226557672305,-1.1383617556925962e-06,1.0
legacy_reused_holdout,1,bestCI,1,1,1.5,gamma,naive_km,1,ET alone,ET+ANTI-CDK wo CT,1977,1.0172487238097037,-0.5200382727689561,-0.9801921307927208,1.0
legacy_reused_holdout,1,bestCI,1,1,1.5,gamma,naive_km,1,ET alone,MONOCT std alone,1977,1.8178037778947824,-0.0476524147360834,1.4692715262868057,0.6717248356095094
legacy_reused_holdout,1,bestCI,1,1,1.5,gamma,naive_km,1,ET alone,POLYCT alone,1977,1.6743725638221538,-0.0744229479754214,0.164683347632398,0.5609509357612544
legacy_reused_holdout,1,bestCI,1,1,1.5,gamma,naive_km,1,ET+ANTI-CDK wo CT,MONOCT std alone,1977,2.6053063865314097,0.4723858580328727,2.449463657079526,0.7971674253920081
legacy_reused_holdout,1,bestCI,1,1,1.5,gamma,naive_km,1,ET+ANTI-CDK wo CT,POLYCT alone,1977,1.9791192973227856,0.4456153247935347,1.1448754784251185,0.6944865958523014
legacy_reused_holdout,1,bestCI,1,1,1.5,gamma,naive_km,1,MONOCT std alone,POLYCT alone,1977,2.067367186986917,-0.0267705332393379,-1.3045881786544076,0.6019221041982802
legacy_reused_holdout,1,bestCI,1,1,1.5,gamma,naive_km,2,ET alone,ET+ANTI-CDK wo CT,840,1.9794152239740743,-0.325450048604352,-1.7877458950690586,0.6154761904761905
legacy_reused_holdout,1,bestCI,1,1,1.5,gamma,naive_km,2,ET alone,MONOCT std alone,840,1.6451960596551678,0.0439238596559616,1.3091720722618718,0.5869047619047619
legacy_reused_holdout,1,bestCI,1,1,1.5,gamma,naive_km,2,ET alone,POLYCT alone,840,1.569460247649021,-0.1827962658283922,-0.0625741247690033,0.4916666666666666
legacy_reused_holdout,1,bestCI,1,1,1.5,gamma,naive_km,2,ET+ANTI-CDK wo CT,MONOCT std alone,840,3.281055340700086,0.3693739082603137,3.0969179673309317,0.7130952380952381
legacy_reused_holdout,1,bestCI,1,1,1.5,gamma,naive_km,2,ET+ANTI-CDK wo CT,POLYCT alone,840,2.4406920910596765,0.1426537827759598,1.725171770300056,0.5666666666666667
legacy_reused_holdout,1,bestCI,1,1,1.5,gamma,naive_km,2,MONOCT std alone,POLYCT alone,840,2.0636341361122637,-0.2267201254843539,-1.371746197030875,0.6214285714285714
legacy_reused_holdout,1,bestCI,1,1,1.5,gamma,naive_km,3,ET alone,ET+ANTI-CDK wo CT,438,1.040837250498757,-0.2756541188180575,-0.904699288606874,0.728310502283105
legacy_reused_holdout,1,bestCI,1,1,1.5,gamma,naive_km,3,ET alone,MONOCT std alone,438,0.8229393981308429,0.0107835951710387,0.571189902335015,0.5753424657534246
legacy_reused_holdout,1,bestCI,1,1,1.5,gamma,naive_km,3,ET alone,POLYCT alone,438,0.95136015197634,-0.0790981940955286,-0.1256412130139517,0.5251141552511416
legacy_reused_holdout,1,bestCI,1,1,1.5,gamma,naive_km,3,ET+ANTI-CDK wo CT,MONOCT std alone,438,1.5961374158308808,0.2864377139890963,1.4758891909418888,0.8013698630136986
legacy_reused_holdout,1,bestCI,1,1,1.5,gamma,naive_km,3,ET+ANTI-CDK wo CT,POLYCT alone,438,1.2550234832677314,0.1965559247225289,0.779058075592922,0.589041095890411
legacy_reused_holdout,1,bestCI,1,1,1.5,gamma,naive_km,3,MONOCT std alone,POLYCT alone,438,1.177475618606846,-0.0898817892665674,-0.6968311153489668,0.6095890410958904
legacy_reused_holdout,1,bestCI,1,1,1.5,gamma,naive_km,4,MONOCT std alone,POLYCT alone,198,1.0234917901447529,-0.2047502881033437,-0.4982145996846645,0.6060606060606061
legacy_reused_holdout,1,bestCI,1,1,1.5,gamma,naive_km,all,ET alone,ET+ANTI-CDK wo CT,3255,1.3361894845216975,-0.4369370845266332,-1.1784346183855696,0.8642089093701997
legacy_reused_holdout,1,bestCI,1,1,1.5,gamma,naive_km,all,ET alone,MONOCT std alone,3255,1.6723144536873722,-0.0161565490437217,1.307107688292388,0.6368663594470046
legacy_reused_holdout,1,bestCI,1,1,1.5,gamma,naive_km,all,ET alone,POLYCT alone,3255,1.5685157157996574,-0.103019367267926,0.0669695429072741,0.5382488479262673
legacy_reused_holdout,1,bestCI,1,1,1.5,gamma,naive_km,all,ET+ANTI-CDK wo CT,MONOCT std alone,3255,2.6913910921605506,0.4207805354829115,2.485542306677958,0.776036866359447
legacy_reused_holdout,1,bestCI,1,1,1.5,gamma,naive_km,all,ET+ANTI-CDK wo CT,POLYCT alone,3255,2.0318119441333313,0.3339177172587072,1.2454041612928437,0.6473118279569893
legacy_reused_holdout,1,bestCI,1,1,1.5,gamma,naive_km,all,MONOCT std alone,POLYCT alone,3453,1.928462917223421,-0.0936226557672305,-1.197595179254593,0.6078772082247321
legacy_reused_holdout,1,bestCI,2,2,1.5,gamma,dynasurv,1,ET alone,ET+ANTI-CDK wo CT,1977,1.577094041176467,-0.5301608304543913,-0.336822762055832,0.9802731411229136
legacy_reused_holdout,1,bestCI,2,2,1.5,gamma,dynasurv,1,ET alone,MONOCT std alone,1977,1.293130546748593,-0.0405659851913714,0.8108197626953387,0.7900859888720283
legacy_reused_holdout,1,bestCI,2,2,1.5,gamma,dynasurv,1,ET alone,POLYCT alone,1977,1.27776987975453,-0.0678642326595357,0.033493042886453,0.8270106221547799
legacy_reused_holdout,1,bestCI,2,2,1.5,gamma,dynasurv,1,ET+ANTI-CDK wo CT,MONOCT std alone,1977,1.868626209995765,0.48959484526302,1.1476427035651051,0.821446636317653
legacy_reused_holdout,1,bestCI,2,2,1.5,gamma,dynasurv,1,ET+ANTI-CDK wo CT,POLYCT alone,1977,1.7165411104834458,0.4622965977948556,0.3703159167009939,0.7855336368234699
legacy_reused_holdout,1,bestCI,2,2,1.5,gamma,dynasurv,1,MONOCT std alone,POLYCT alone,1977,1.3709292342936052,-0.0272982474681643,-0.777326786864111,0.7567020738492666
legacy_reused_holdout,1,bestCI,2,2,1.5,gamma,dynasurv,2,ET alone,ET+ANTI-CDK wo CT,840,1.2029390624973124,-0.3184499454437763,-0.5956232833922832,0.6345238095238095
legacy_reused_holdout,1,bestCI,2,2,1.5,gamma,dynasurv,2,ET alone,MONOCT std alone,840,1.5088564081945146,0.0523846117315442,0.9494956763925402,0.6428571428571429
legacy_reused_holdout,1,bestCI,2,2,1.5,gamma,dynasurv,2,ET alone,POLYCT alone,840,1.440502553953693,-0.1749487504617538,0.478725729908165,0.6988095238095238
legacy_reused_holdout,1,bestCI,2,2,1.5,gamma,dynasurv,2,ET+ANTI-CDK wo CT,MONOCT std alone,840,1.9862378372890572,0.3708345571753206,1.5451188405755338,0.7130952380952381
legacy_reused_holdout,1,bestCI,2,2,1.5,gamma,dynasurv,2,ET+ANTI-CDK wo CT,POLYCT alone,840,1.9290733769936304,0.1435011949820225,1.074349013300448,0.6285714285714286
legacy_reused_holdout,1,bestCI,2,2,1.5,gamma,dynasurv,2,MONOCT std alone,POLYCT alone,840,1.316730771532731,-0.2273333621932981,-0.4707698868797304,0.6976190476190476
legacy_reused_holdout,1,bestCI,2,2,1.5,gamma,dynasurv,3,ET alone,ET+ANTI-CDK wo CT,438,0.5731281608329883,-0.2817253578220447,-0.1448499750579754,0.723744292237443
legacy_reused_holdout,1,bestCI,2,2,1.5,gamma,dynasurv,3,ET alone,MONOCT std alone,438,0.9453352058256356,0.0012739186362291,0.5713466520234083,0.6278538812785388
legacy_reused_holdout,1,bestCI,2,2,1.5,gamma,dynasurv,3,ET alone,POLYCT alone,438,0.8735960123676745,-0.0917619068349675,0.2704048354352788,0.678082191780822
legacy_reused_holdout,1,bestCI,2,2,1.5,gamma,dynasurv,3,ET+ANTI-CDK wo CT,MONOCT std alone,438,0.9615948364619272,0.2829992764582739,0.7161966568837062,0.7808219178082192
legacy_reused_holdout,1,bestCI,2,2,1.5,gamma,dynasurv,3,ET+ANTI-CDK wo CT,POLYCT alone,438,0.959363687619101,0.1899634509870771,0.4152548999002214,0.6621004566210046
legacy_reused_holdout,1,bestCI,2,2,1.5,gamma,dynasurv,3,MONOCT std alone,POLYCT alone,438,0.8263410422799131,-0.0930358254711967,-0.3009417867858071,0.728310502283105
legacy_reused_holdout,1,bestCI,2,2,1.5,gamma,dynasurv,4,ET alone,MONOCT std alone,198,1.152552403908962,0.0979695974270223,0.556177789123881,0.6363636363636364
legacy_reused_holdout,1,bestCI,2,2,1.5,gamma,dynasurv,4,ET alone,POLYCT alone,198,1.1901699004540596,-0.108718281934892,0.3869393228990186,0.6060606060606061
legacy_reused_holdout,1,bestCI,2,2,1.5,gamma,dynasurv,4,MONOCT std alone,POLYCT alone,198,0.7746633211398717,-0.2066878793619143,-0.16923843642254,0.696969696969697
legacy_reused_holdout,1,bestCI,2,2,1.5,gamma,dynasurv,all,ET alone,ET+ANTI-CDK wo CT,3255,1.388636113852899,-0.4420957366227833,-0.3777777751684459,0.8565284178187405
legacy_reused_holdout,1,bestCI,2,2,1.5,gamma,dynasurv,all,ET alone,MONOCT std alone,3453,1.304133430604476,-0.0047031341487475,0.7995772062236377,0.7248769186214885
legacy_reused_holdout,1,bestCI,2,2,1.5,gamma,dynasurv,all,ET alone,POLYCT alone,3453,1.2718539709581294,-0.0992882923175788,0.1921218262006736,0.7642629597451491
legacy_reused_holdout,1,bestCI,2,2,1.5,gamma,dynasurv,all,ET+ANTI-CDK wo CT,MONOCT std alone,3255,1.806468883747808,0.4311470722583667,1.1921608710857494,0.7880184331797235
legacy_reused_holdout,1,bestCI,2,2,1.5,gamma,dynasurv,all,ET+ANTI-CDK wo CT,POLYCT alone,3255,1.695235490442794,0.3433810657934464,0.5580490046067916,0.7284178187403993
legacy_reused_holdout,1,bestCI,2,2,1.5,gamma,dynasurv,all,MONOCT std alone,POLYCT alone,3453,1.2723468379851457,-0.0945851581688313,-0.6074553949241253,0.7353026353895163
legacy_reused_holdout,1,bestCI,2,2,1.5,gamma,oracle,1,ET alone,ET+ANTI-CDK wo CT,1977,1.1560610029660722e-06,-0.5301608304543913,-5.226708295058557e-07,1.0
legacy_reused_holdout,1,bestCI,2,2,1.5,gamma,oracle,1,ET alone,MONOCT std alone,1977,2.1205294192257834e-06,-0.0405659851913714,1.0680309687621792e-06,1.0
legacy_reused_holdout,1,bestCI,2,2,1.5,gamma,oracle,1,ET alone,POLYCT alone,1977,2.6168139943932916e-06,-0.0678642326595357,2.199587150336635e-07,1.0
legacy_reused_holdout,1,bestCI,2,2,1.5,gamma,oracle,1,ET+ANTI-CDK wo CT,MONOCT std alone,1977,2.170432473183307e-06,0.48959484526302,1.5907017982264016e-06,1.0
legacy_reused_holdout,1,bestCI,2,2,1.5,gamma,oracle,1,ET+ANTI-CDK wo CT,POLYCT alone,1977,2.742527617535055e-06,0.4622965977948556,7.426295444701303e-07,1.0
legacy_reused_holdout,1,bestCI,2,2,1.5,gamma,oracle,1,MONOCT std alone,POLYCT alone,1977,2.6791087903998354e-06,-0.0272982474681643,-8.480722537458629e-07,1.0
legacy_reused_holdout,1,bestCI,2,2,1.5,gamma,oracle,2,ET alone,ET+ANTI-CDK wo CT,840,3.1298477267557827e-06,-0.3184499454437763,-5.41488288596792e-07,1.0
legacy_reused_holdout,1,bestCI,2,2,1.5,gamma,oracle,2,ET alone,MONOCT std alone,840,3.9741533849177105e-06,0.0523846117315442,2.168941961346038e-06,1.0
legacy_reused_holdout,1,bestCI,2,2,1.5,gamma,oracle,2,ET alone,POLYCT alone,840,4.865030669589425e-06,-0.1749487504617538,8.177721725344256e-07,1.0
legacy_reused_holdout,1,bestCI,2,2,1.5,gamma,oracle,2,ET+ANTI-CDK wo CT,MONOCT std alone,840,4.514210850868484e-06,0.3708345571753206,2.7104302499636468e-06,1.0
legacy_reused_holdout,1,bestCI,2,2,1.5,gamma,oracle,2,ET+ANTI-CDK wo CT,POLYCT alone,840,5.390151208084071e-06,0.1435011949820225,1.3592604611312176e-06,1.0
legacy_reused_holdout,1,bestCI,2,2,1.5,gamma,oracle,2,MONOCT std alone,POLYCT alone,840,5.227204835782513e-06,-0.2273333621932981,-1.3511697888324292e-06,1.0
legacy_reused_holdout,1,bestCI,2,2,1.5,gamma,oracle,3,ET alone,ET+ANTI-CDK wo CT,438,5.1513419393536506e-06,-0.2817253578220447,-3.212490883863772e-07,1.0
legacy_reused_holdout,1,bestCI,2,2,1.5,gamma,oracle,3,ET alone,MONOCT std alone,438,5.4000006523663225e-06,0.0012739186362291,2.803039825114567e-06,1.0
legacy_reused_holdout,1,bestCI,2,2,1.5,gamma,oracle,3,ET alone,POLYCT alone,438,7.0343618014620715e-06,-0.0917619068349675,1.0935595885358529e-06,1.0
legacy_reused_holdout,1,bestCI,2,2,1.5,gamma,oracle,3,ET+ANTI-CDK wo CT,MONOCT std alone,438,6.066680862136641e-06,0.2829992764582739,3.1242889134697194e-06,1.0
legacy_reused_holdout,1,bestCI,2,2,1.5,gamma,oracle,3,ET+ANTI-CDK wo CT,POLYCT alone,438,6.6718919024776055e-06,0.1899634509870771,1.414808676991619e-06,1.0
legacy_reused_holdout,1,bestCI,2,2,1.5,gamma,oracle,3,MONOCT std alone,POLYCT alone,438,7.0849654054806875e-06,-0.0930358254711967,-1.7094802365336117e-06,1.0
legacy_reused_holdout,1,bestCI,2,2,1.5,gamma,oracle,4,ET alone,MONOCT std alone,198,6.344096594096103e-06,0.0979695974270223,2.9436769229534976e-06,1.0
legacy_reused_holdout,1,bestCI,2,2,1.5,gamma,oracle,4,ET alone,POLYCT alone,198,6.9224151318117624e-06,-0.108718281934892,1.1748691826490854e-06,1.0
legacy_reused_holdout,1,bestCI,2,2,1.5,gamma,oracle,4,MONOCT std alone,POLYCT alone,198,8.373230657630048e-06,-0.2066878793619143,-1.7688077402766569e-06,1.0
legacy_reused_holdout,1,bestCI,2,2,1.5,gamma,oracle,all,ET alone,ET+ANTI-CDK wo CT,3255,2.628785485430766e-06,-0.4420957366227833,-5.004231928840142e-07,1.0
legacy_reused_holdout,1,bestCI,2,2,1.5,gamma,oracle,all,ET alone,MONOCT std alone,3453,3.524677776547103e-06,-0.0047031341487475,1.6634775403803412e-06,1.0
legacy_reused_holdout,1,bestCI,2,2,1.5,gamma,oracle,all,ET alone,POLYCT alone,3453,4.324675912373895e-06,-0.0992882923175788,5.309557493254902e-07,1.0
legacy_reused_holdout,1,bestCI,2,2,1.5,gamma,oracle,all,ET+ANTI-CDK wo CT,MONOCT std alone,3255,3.615601631732587e-06,0.4311470722583667,2.08602685386472e-06,1.0
legacy_reused_holdout,1,bestCI,2,2,1.5,gamma,oracle,all,ET+ANTI-CDK wo CT,POLYCT alone,3255,4.249234111137432e-06,0.3433810657934464,9.92210014483241e-07,1.0
legacy_reused_holdout,1,bestCI,2,2,1.5,gamma,oracle,all,MONOCT std alone,POLYCT alone,3453,4.5982592744658986e-06,-0.0945851581688313,-1.1325217910418406e-06,1.0
legacy_reused_holdout,1,bestCI,2,2,1.5,gamma,naive_km,1,ET alone,ET+ANTI-CDK wo CT,1977,1.111300607905246,-0.5301608304543913,-1.0764555860213147,1.0
legacy_reused_holdout,1,bestCI,2,2,1.5,gamma,naive_km,1,ET alone,MONOCT std alone,1977,1.9563493423390192,-0.0405659851913714,1.635535058924376,0.6717248356095094
legacy_reused_holdout,1,bestCI,2,2,1.5,gamma,naive_km,1,ET alone,POLYCT alone,1977,1.729033998404084,-0.0678642326595357,-0.3337632557452986,0.4390490642387455
legacy_reused_holdout,1,bestCI,2,2,1.5,gamma,naive_km,1,ET+ANTI-CDK wo CT,MONOCT std alone,1977,2.8569227804430684,0.48959484526302,2.7119906449456916,0.7971674253920081
legacy_reused_holdout,1,bestCI,2,2,1.5,gamma,naive_km,1,ET+ANTI-CDK wo CT,POLYCT alone,1977,1.81150527846691,0.4622965977948556,0.742692330276016,0.6944865958523014
legacy_reused_holdout,1,bestCI,2,2,1.5,gamma,naive_km,1,MONOCT std alone,POLYCT alone,1977,2.5533906977873255,-0.0272982474681643,-1.9692983146696743,0.6019221041982802
legacy_reused_holdout,1,bestCI,2,2,1.5,gamma,naive_km,2,ET alone,ET+ANTI-CDK wo CT,840,1.732384433662074,-0.3184499454437763,-1.5180771102017625,0.6154761904761905
legacy_reused_holdout,1,bestCI,2,2,1.5,gamma,naive_km,2,ET alone,MONOCT std alone,840,1.7816160276500903,0.0523846117315442,1.483380311972934,0.5869047619047619
legacy_reused_holdout,1,bestCI,2,2,1.5,gamma,naive_km,2,ET alone,POLYCT alone,840,1.6679741640532433,-0.1749487504617538,0.5294212610091212,0.5083333333333333
legacy_reused_holdout,1,bestCI,2,2,1.5,gamma,naive_km,2,ET+ANTI-CDK wo CT,MONOCT std alone,840,3.190071136634541,0.3708345571753206,3.0014574221746964,0.7130952380952381
legacy_reused_holdout,1,bestCI,2,2,1.5,gamma,naive_km,2,ET+ANTI-CDK wo CT,POLYCT alone,840,2.6700406541613537,0.1435011949820225,2.047498371210884,0.5666666666666667
legacy_reused_holdout,1,bestCI,2,2,1.5,gamma,naive_km,2,MONOCT std alone,POLYCT alone,840,1.827238106299037,-0.2273333621932981,-0.9539590509638132,0.6214285714285714
legacy_reused_holdout,1,bestCI,2,2,1.5,gamma,naive_km,3,ET alone,ET+ANTI-CDK wo CT,438,0.5747720246089593,-0.2817253578220447,-0.2392367714139504,0.728310502283105
legacy_reused_holdout,1,bestCI,2,2,1.5,gamma,naive_km,3,ET alone,MONOCT std alone,438,1.511043427425236,0.0012739186362291,1.395354497536724,0.5753424657534246
legacy_reused_holdout,1,bestCI,2,2,1.5,gamma,naive_km,3,ET alone,POLYCT alone,438,1.2041367869714787,-0.0917619068349675,0.7284800050471936,0.4748858447488584
legacy_reused_holdout,1,bestCI,2,2,1.5,gamma,naive_km,3,ET+ANTI-CDK wo CT,MONOCT std alone,438,1.7416138690375422,0.2829992764582739,1.6345912689506752,0.8013698630136986
legacy_reused_holdout,1,bestCI,2,2,1.5,gamma,naive_km,3,ET+ANTI-CDK wo CT,POLYCT alone,438,1.3962767912003098,0.1899634509870771,0.967716776461144,0.589041095890411
legacy_reused_holdout,1,bestCI,2,2,1.5,gamma,naive_km,3,MONOCT std alone,POLYCT alone,438,1.1645979071679553,-0.0930358254711967,-0.6668744924895309,0.6095890410958904
legacy_reused_holdout,1,bestCI,2,2,1.5,gamma,naive_km,4,ET alone,MONOCT std alone,198,1.1560455097257345,0.0979695974270223,0.9862876640761268,0.5808080808080808
legacy_reused_holdout,1,bestCI,2,2,1.5,gamma,naive_km,4,ET alone,POLYCT alone,198,1.0576192229648318,-0.108718281934892,0.5072243647337826,0.4696969696969697
legacy_reused_holdout,1,bestCI,2,2,1.5,gamma,naive_km,4,MONOCT std alone,POLYCT alone,198,1.023611328838124,-0.2066878793619143,-0.4790632993423441,0.6060606060606061
legacy_reused_holdout,1,bestCI,2,2,1.5,gamma,naive_km,all,ET alone,ET+ANTI-CDK wo CT,3255,1.2526154719818507,-0.4420957366227833,-1.077764415364955,0.8642089093701997
legacy_reused_holdout,1,bestCI,2,2,1.5,gamma,naive_km,all,ET alone,MONOCT std alone,3453,1.8247540202692751,-0.0047031341487475,1.530826093529949,0.6336518969012453
legacy_reused_holdout,1,bestCI,2,2,1.5,gamma,naive_km,all,ET alone,POLYCT alone,3453,1.6237364446139406,-0.0992882923175788,0.0591858004828167,0.4622067767158992
legacy_reused_holdout,1,bestCI,2,2,1.5,gamma,naive_km,all,ET+ANTI-CDK wo CT,MONOCT std alone,3255,2.8269682442241777,0.4311470722583667,2.6417145055252753,0.776036866359447
legacy_reused_holdout,1,bestCI,2,2,1.5,gamma,naive_km,all,ET+ANTI-CDK wo CT,POLYCT alone,3255,2.0236698693693795,0.3433810657934464,1.109696257100709,0.6473118279569893
legacy_reused_holdout,1,bestCI,2,2,1.5,gamma,naive_km,all,MONOCT std alone,POLYCT alone,3453,2.1856864356702053,-0.0945851581688313,-1.4716402930471324,0.6078772082247321
legacy_reused_holdout,1,bestCI,0,0,0.0,heterogeneity,dynasurv,1,ET alone,ET+ANTI-CDK wo CT,1977,0.5296291928373031,-0.554845165581811,0.1718063169432764,0.9828022255943348
legacy_reused_holdout,1,bestCI,0,0,0.0,heterogeneity,dynasurv,1,ET alone,MONOCT std alone,1977,2.015620394945842,0.3064783327231177,0.9457976110329858,0.8952959028831563
legacy_reused_holdout,1,bestCI,0,0,0.0,heterogeneity,dynasurv,1,ET alone,POLYCT alone,1977,5.805849105253389,0.0,4.323351860046387,0.0
legacy_reused_holdout,1,bestCI,0,0,0.0,heterogeneity,dynasurv,1,ET+ANTI-CDK wo CT,MONOCT std alone,1977,1.921702904767789,0.8613234983049287,0.7739912046827422,0.9752149721800708
legacy_reused_holdout,1,bestCI,0,0,0.0,heterogeneity,dynasurv,1,ET+ANTI-CDK wo CT,POLYCT alone,1977,5.566399363447167,0.554845165581811,4.151544738440406,0.992412746585736
legacy_reused_holdout,1,bestCI,0,0,0.0,heterogeneity,dynasurv,1,MONOCT std alone,POLYCT alone,1977,5.217839837838205,-0.3064783327231177,3.377554010594822,0.152250885179565
legacy_reused_holdout,1,bestCI,0,0,0.0,heterogeneity,dynasurv,2,ET alone,ET+ANTI-CDK wo CT,840,0.3268132943323744,-0.5892642897125655,0.0856071275230818,0.9976190476190476
legacy_reused_holdout,1,bestCI,0,0,0.0,heterogeneity,dynasurv,2,ET alone,MONOCT std alone,840,1.0859931324448782,0.317833451299309,0.6443585476592786,0.9083333333333332
legacy_reused_holdout,1,bestCI,0,0,0.0,heterogeneity,dynasurv,2,ET alone,POLYCT alone,840,2.6815008080508296,0.0,1.8136820793151855,0.0
legacy_reused_holdout,1,bestCI,0,0,0.0,heterogeneity,dynasurv,2,ET+ANTI-CDK wo CT,MONOCT std alone,840,0.97117898091488,0.9070977410118746,0.5587513009269072,0.9678571428571427
legacy_reused_holdout,1,bestCI,0,0,0.0,heterogeneity,dynasurv,2,ET+ANTI-CDK wo CT,POLYCT alone,840,2.554333176042755,0.5892642897125655,1.728074892187459,0.9702380952380952
legacy_reused_holdout,1,bestCI,0,0,0.0,heterogeneity,dynasurv,2,MONOCT std alone,POLYCT alone,840,1.851306764076319,-0.317833451299309,1.169323531655907,0.2226190476190476
legacy_reused_holdout,1,bestCI,0,0,0.0,heterogeneity,dynasurv,3,ET alone,ET+ANTI-CDK wo CT,438,0.2706501340343085,-0.3451304231291492,-0.0601685847634594,0.9954337899543378
legacy_reused_holdout,1,bestCI,0,0,0.0,heterogeneity,dynasurv,3,ET alone,MONOCT std alone,438,0.6158976591078578,0.1875352428784623,-0.0165324078431381,0.6529680365296804
legacy_reused_holdout,1,bestCI,0,0,0.0,heterogeneity,dynasurv,3,ET alone,POLYCT alone,438,1.033677553650069,0.0,0.3990304470062256,0.0
legacy_reused_holdout,1,bestCI,0,0,0.0,heterogeneity,dynasurv,3,ET+ANTI-CDK wo CT,MONOCT std alone,438,0.5658579505060338,0.5326656660076116,0.0436362067226435,0.8744292237442922
legacy_reused_holdout,1,bestCI,0,0,0.0,heterogeneity,dynasurv,3,ET+ANTI-CDK wo CT,POLYCT alone,438,0.9912681569464008,0.3451304231291492,0.459199031769685,0.867579908675799
legacy_reused_holdout,1,bestCI,0,0,0.0,heterogeneity,dynasurv,3,MONOCT std alone,POLYCT alone,438,0.7091028699338644,-0.1875352428784623,0.4155628250470414,0.3789954337899543
legacy_reused_holdout,1,bestCI,0,0,0.0,heterogeneity,dynasurv,4,ET+ANTI-CDK wo CT,MONOCT std alone,198,0.7680089820805517,0.6326620615681421,-0.0242764986714135,0.8282828282828283
legacy_reused_holdout,1,bestCI,0,0,0.0,heterogeneity,dynasurv,4,ET+ANTI-CDK wo CT,POLYCT alone,198,1.041039497177871,0.4122825505719994,0.4572905657304908,0.8535353535353535
legacy_reused_holdout,1,bestCI,0,0,0.0,heterogeneity,dynasurv,4,MONOCT std alone,POLYCT alone,198,0.7166042360617412,-0.2203795109961427,0.4815669451926149,0.3535353535353535
legacy_reused_holdout,1,bestCI,0,0,0.0,heterogeneity,dynasurv,all,ET alone,ET+ANTI-CDK wo CT,3255,0.4558425889195712,-0.5355078405666246,0.1183462864684953,0.988325652841782
legacy_reused_holdout,1,bestCI,0,0,0.0,heterogeneity,dynasurv,all,ET alone,MONOCT std alone,3255,1.680175826775841,0.2934034406346513,0.7385135353403853,0.8660522273425499
legacy_reused_holdout,1,bestCI,0,0,0.0,heterogeneity,dynasurv,all,ET alone,POLYCT alone,3255,4.740532152838934,0.0,3.147629499435425,0.0
legacy_reused_holdout,1,bestCI,0,0,0.0,heterogeneity,dynasurv,all,ET+ANTI-CDK wo CT,MONOCT std alone,3453,1.555076164828769,0.8176580679121473,0.5832139241990587,0.952215464813206
legacy_reused_holdout,1,bestCI,0,0,0.0,heterogeneity,dynasurv,all,ET+ANTI-CDK wo CT,POLYCT alone,3453,4.417490243034251,0.5284419247198432,2.8818013480615288,0.9632203880683464
legacy_reused_holdout,1,bestCI,0,0,0.0,heterogeneity,dynasurv,all,MONOCT std alone,POLYCT alone,3453,4.063868499297829,-0.2892161431923041,2.29858742386247,0.2096727483347813
legacy_reused_holdout,1,bestCI,0,0,0.0,heterogeneity,oracle,1,ET alone,ET+ANTI-CDK wo CT,1977,1.029965074816917e-06,-0.554845165581811,-5.552817451404124e-07,1.0
legacy_reused_holdout,1,bestCI,0,0,0.0,heterogeneity,oracle,1,ET alone,MONOCT std alone,1977,5.694622751230403e-07,0.3064783327231177,2.2841696711850545e-07,1.0
legacy_reused_holdout,1,bestCI,0,0,0.0,heterogeneity,oracle,1,ET alone,POLYCT alone,1977,0.0,0.0,0.0,1.0
legacy_reused_holdout,1,bestCI,0,0,0.0,heterogeneity,oracle,1,ET+ANTI-CDK wo CT,MONOCT std alone,1977,1.591721401561055e-06,0.8613234983049287,7.836987121478955e-07,1.0
legacy_reused_holdout,1,bestCI,0,0,0.0,heterogeneity,oracle,1,ET+ANTI-CDK wo CT,POLYCT alone,1977,1.029965074816917e-06,0.554845165581811,5.552817451404124e-07,1.0
legacy_reused_holdout,1,bestCI,0,0,0.0,heterogeneity,oracle,1,MONOCT std alone,POLYCT alone,1977,5.694622751230403e-07,-0.3064783327231177,-2.2841696711850545e-07,1.0
legacy_reused_holdout,1,bestCI,0,0,0.0,heterogeneity,oracle,2,ET alone,ET+ANTI-CDK wo CT,840,1.9787758800101053e-06,-0.5892642897125655,-1.3372538565370462e-07,1.0
legacy_reused_holdout,1,bestCI,0,0,0.0,heterogeneity,oracle,2,ET alone,MONOCT std alone,840,1.1294756737143343e-06,0.317833451299309,-1.0777228215408385e-07,1.0
legacy_reused_holdout,1,bestCI,0,0,0.0,heterogeneity,oracle,2,ET alone,POLYCT alone,840,0.0,0.0,0.0,1.0
legacy_reused_holdout,1,bestCI,0,0,0.0,heterogeneity,oracle,2,ET+ANTI-CDK wo CT,MONOCT std alone,840,3.0934895181126228e-06,0.9070977410118746,2.5953103444109615e-08,1.0
legacy_reused_holdout,1,bestCI,0,0,0.0,heterogeneity,oracle,2,ET+ANTI-CDK wo CT,POLYCT alone,840,1.9787758800101053e-06,0.5892642897125655,1.3372538565370462e-07,1.0
legacy_reused_holdout,1,bestCI,0,0,0.0,heterogeneity,oracle,2,MONOCT std alone,POLYCT alone,840,1.1294756737143343e-06,-0.317833451299309,1.0777228215408385e-07,1.0
legacy_reused_holdout,1,bestCI,0,0,0.0,heterogeneity,oracle,3,ET alone,ET+ANTI-CDK wo CT,438,2.7373047829154366e-06,-0.3451304231291492,-5.167419256379979e-07,1.0
legacy_reused_holdout,1,bestCI,0,0,0.0,heterogeneity,oracle,3,ET alone,MONOCT std alone,438,1.5600645354887184e-06,0.1875352428784623,5.6358361394392986e-08,1.0
legacy_reused_holdout,1,bestCI,0,0,0.0,heterogeneity,oracle,3,ET alone,POLYCT alone,438,0.0,0.0,0.0,1.0
legacy_reused_holdout,1,bestCI,0,0,0.0,heterogeneity,oracle,3,ET+ANTI-CDK wo CT,MONOCT std alone,438,4.277969136621339e-06,0.5326656660076116,5.731002870046353e-07,1.0
legacy_reused_holdout,1,bestCI,0,0,0.0,heterogeneity,oracle,3,ET+ANTI-CDK wo CT,POLYCT alone,438,2.7373047829154366e-06,0.3451304231291492,5.167419256379979e-07,1.0
legacy_reused_holdout,1,bestCI,0,0,0.0,heterogeneity,oracle,3,MONOCT std alone,POLYCT alone,438,1.5600645354887184e-06,-0.1875352428784623,-5.6358361394392986e-08,1.0
legacy_reused_holdout,1,bestCI,0,0,0.0,heterogeneity,oracle,4,ET+ANTI-CDK wo CT,MONOCT std alone,198,5.640036450815294e-06,0.6326620615681421,-1.1083753563845278e-06,1.0
legacy_reused_holdout,1,bestCI,0,0,0.0,heterogeneity,oracle,4,ET+ANTI-CDK wo CT,POLYCT alone,198,3.62242241715895e-06,0.4122825505719994,-5.358282141321169e-07,1.0
legacy_reused_holdout,1,bestCI,0,0,0.0,heterogeneity,oracle,4,MONOCT std alone,POLYCT alone,198,2.0385849071447285e-06,-0.2203795109961427,5.725471424466999e-07,1.0
legacy_reused_holdout,1,bestCI,0,0,0.0,heterogeneity,oracle,all,ET alone,ET+ANTI-CDK wo CT,3255,1.6318814097728437e-06,-0.5355078405666246,-4.413070036068945e-07,1.0
legacy_reused_holdout,1,bestCI,0,0,0.0,heterogeneity,oracle,all,ET alone,MONOCT std alone,3255,9.239469534491126e-07,0.2934034406346513,1.1850586456585432e-07,1.0
legacy_reused_holdout,1,bestCI,0,0,0.0,heterogeneity,oracle,all,ET alone,POLYCT alone,3255,0.0,0.0,0.0,1.0
legacy_reused_holdout,1,bestCI,0,0,0.0,heterogeneity,oracle,all,ET+ANTI-CDK wo CT,MONOCT std alone,3453,2.814963519055623e-06,0.8176580679121473,4.64156549639938e-07,1.0
legacy_reused_holdout,1,bestCI,0,0,0.0,heterogeneity,oracle,all,ET+ANTI-CDK wo CT,POLYCT alone,3453,1.8063127526477965e-06,0.5284419247198432,3.852766611300851e-07,1.0
legacy_reused_holdout,1,bestCI,0,0,0.0,heterogeneity,oracle,all,MONOCT std alone,POLYCT alone,3453,1.021287443416786e-06,-0.2892161431923041,-7.887988850985296e-08,1.0
legacy_reused_holdout,1,bestCI,0,0,0.0,heterogeneity,naive_km,1,ET alone,ET+ANTI-CDK wo CT,1977,0.7242437526224837,-0.554845165581811,-0.659903699456655,1.0
legacy_reused_holdout,1,bestCI,0,0,0.0,heterogeneity,naive_km,1,ET alone,MONOCT std alone,1977,1.3126940775691345,0.3064783327231177,1.3035142597088898,1.0
legacy_reused_holdout,1,bestCI,0,0,0.0,heterogeneity,naive_km,1,ET alone,POLYCT alone,1977,0.5329695906045836,0.0,0.5329695906045835,0.0
legacy_reused_holdout,1,bestCI,0,0,0.0,heterogeneity,naive_km,1,ET+ANTI-CDK wo CT,MONOCT std alone,1977,2.0150482995322476,0.8613234983049287,1.9634179591655443,1.0
legacy_reused_holdout,1,bestCI,0,0,0.0,heterogeneity,naive_km,1,ET+ANTI-CDK wo CT,POLYCT alone,1977,1.2296352332287983,0.554845165581811,1.1928732900612382,1.0
legacy_reused_holdout,1,bestCI,0,0,0.0,heterogeneity,naive_km,1,MONOCT std alone,POLYCT alone,1977,0.7859741745793755,-0.3064783327231177,-0.7705446691043063,1.0
legacy_reused_holdout,1,bestCI,0,0,0.0,heterogeneity,naive_km,2,ET alone,ET+ANTI-CDK wo CT,840,0.5884446412338649,-0.5892642897125655,-0.5381531820174668,1.0
legacy_reused_holdout,1,bestCI,0,0,0.0,heterogeneity,naive_km,2,ET alone,MONOCT std alone,840,1.4156678480464682,0.317833451299309,1.410750272308448,1.0
legacy_reused_holdout,1,bestCI,0,0,0.0,heterogeneity,naive_km,2,ET alone,POLYCT alone,840,0.6490569724448643,0.0,0.649056972444864,0.0
legacy_reused_holdout,1,bestCI,0,0,0.0,heterogeneity,naive_km,2,ET+ANTI-CDK wo CT,MONOCT std alone,840,1.9810847007929897,0.9070977410118746,1.948903454325915,1.0
legacy_reused_holdout,1,bestCI,0,0,0.0,heterogeneity,naive_km,2,ET+ANTI-CDK wo CT,POLYCT alone,840,1.2108369829749166,0.5892642897125655,1.1872101544623306,1.0
legacy_reused_holdout,1,bestCI,0,0,0.0,heterogeneity,naive_km,2,MONOCT std alone,POLYCT alone,840,0.7707631336741744,-0.317833451299309,-0.7616932998635841,1.0
legacy_reused_holdout,1,bestCI,0,0,0.0,heterogeneity,naive_km,3,ET alone,ET+ANTI-CDK wo CT,438,0.1924672762174623,-0.3451304231291492,-0.0972070405468499,1.0
legacy_reused_holdout,1,bestCI,0,0,0.0,heterogeneity,naive_km,3,ET alone,MONOCT std alone,438,0.7401544354792196,0.1875352428784623,0.7353898813657804,1.0
legacy_reused_holdout,1,bestCI,0,0,0.0,heterogeneity,naive_km,3,ET alone,POLYCT alone,438,0.6370925206391043,0.0,0.6370925206391043,0.0
legacy_reused_holdout,1,bestCI,0,0,0.0,heterogeneity,naive_km,3,ET+ANTI-CDK wo CT,MONOCT std alone,438,0.8692650626225837,0.5326656660076116,0.8325969219126305,1.0
legacy_reused_holdout,1,bestCI,0,0,0.0,heterogeneity,naive_km,3,ET+ANTI-CDK wo CT,POLYCT alone,438,0.7528547597249929,0.3451304231291492,0.7342995611859542,1.0
legacy_reused_holdout,1,bestCI,0,0,0.0,heterogeneity,naive_km,3,MONOCT std alone,POLYCT alone,438,0.1292001620363375,-0.1875352428784623,-0.0982973607266761,1.0
legacy_reused_holdout,1,bestCI,0,0,0.0,heterogeneity,naive_km,4,ET+ANTI-CDK wo CT,MONOCT std alone,198,1.027796191010813,0.6326620615681421,0.9966225822762276,1.0
legacy_reused_holdout,1,bestCI,0,0,0.0,heterogeneity,naive_km,4,ET+ANTI-CDK wo CT,POLYCT alone,198,1.4422435826760442,0.4122825505719994,1.4323806432523316,1.0
legacy_reused_holdout,1,bestCI,0,0,0.0,heterogeneity,naive_km,4,MONOCT std alone,POLYCT alone,198,0.4436217865388572,-0.2203795109961427,0.4357580609761041,0.0
legacy_reused_holdout,1,bestCI,0,0,0.0,heterogeneity,naive_km,all,ET alone,ET+ANTI-CDK wo CT,3255,0.6425953853654065,-0.5355078405666246,-0.5527665039877109,1.0
legacy_reused_holdout,1,bestCI,0,0,0.0,heterogeneity,naive_km,all,ET alone,MONOCT std alone,3255,1.2796534399382788,0.2934034406346513,1.2547399963815002,1.0
legacy_reused_holdout,1,bestCI,0,0,0.0,heterogeneity,naive_km,all,ET alone,POLYCT alone,3255,0.5795356162734911,0.0,0.5769386364113287,0.0
legacy_reused_holdout,1,bestCI,0,0,0.0,heterogeneity,naive_km,all,ET+ANTI-CDK wo CT,MONOCT std alone,3453,1.853630167117467,0.8176580679121473,1.7610092470293877,1.0
legacy_reused_holdout,1,bestCI,0,0,0.0,heterogeneity,naive_km,all,ET+ANTI-CDK wo CT,POLYCT alone,3453,1.1889152676237422,0.5284419247198432,1.1470609902585682,1.0
legacy_reused_holdout,1,bestCI,0,0,0.0,heterogeneity,naive_km,all,MONOCT std alone,POLYCT alone,3453,0.7152721424156315,-0.2892161431923041,-0.6139482567708197,0.9426585577758472
legacy_reused_holdout,1,bestCI,1,1,0.0,heterogeneity,dynasurv,1,ET alone,ET+ANTI-CDK wo CT,1977,1.0192535310907096,-0.55237760072943,-0.7403203057647106,0.9929185634800204
legacy_reused_holdout,1,bestCI,1,1,0.0,heterogeneity,dynasurv,1,ET alone,MONOCT std alone,1977,2.5649198322273694,0.3053119996136795,1.9489483019762863,0.943348507840162
legacy_reused_holdout,1,bestCI,1,1,0.0,heterogeneity,dynasurv,1,ET alone,POLYCT alone,1977,3.1718201590874817,0.0,2.124483346939087,0.0
legacy_reused_holdout,1,bestCI,1,1,0.0,heterogeneity,dynasurv,1,ET+ANTI-CDK wo CT,MONOCT std alone,1977,3.2337837485917795,0.8576896003431095,2.6892683693224178,0.9878603945371776
legacy_reused_holdout,1,bestCI,1,1,0.0,heterogeneity,dynasurv,1,ET+ANTI-CDK wo CT,POLYCT alone,1977,3.7486974924431022,0.55237760072943,2.8648038911223765,0.9499241274658572
legacy_reused_holdout,1,bestCI,1,1,0.0,heterogeneity,dynasurv,1,MONOCT std alone,POLYCT alone,1977,1.876892133337708,-0.3053119996136795,0.1755350896662841,0.4653515427415275
legacy_reused_holdout,1,bestCI,1,1,0.0,heterogeneity,dynasurv,2,ET alone,ET+ANTI-CDK wo CT,840,0.912149606905055,-0.5792420266565911,-0.7834758402409919,0.9892857142857144
legacy_reused_holdout,1,bestCI,1,1,0.0,heterogeneity,dynasurv,2,ET alone,MONOCT std alone,840,0.5669378645873929,0.3122440671208212,0.2455215955493142,0.8892857142857142
legacy_reused_holdout,1,bestCI,1,1,0.0,heterogeneity,dynasurv,2,ET alone,POLYCT alone,840,0.7786673032130483,0.0,0.2417443841695785,0.0
legacy_reused_holdout,1,bestCI,1,1,0.0,heterogeneity,dynasurv,2,ET+ANTI-CDK wo CT,MONOCT std alone,840,1.169119532690619,0.8914860937774124,1.0289974953949508,1.0
legacy_reused_holdout,1,bestCI,1,1,0.0,heterogeneity,dynasurv,2,ET+ANTI-CDK wo CT,POLYCT alone,840,1.356963893453133,0.5792420266565911,1.0252202393117318,0.9833333333333332
legacy_reused_holdout,1,bestCI,1,1,0.0,heterogeneity,dynasurv,2,MONOCT std alone,POLYCT alone,840,0.5553811467667746,-0.3122440671208212,-0.0037771666762521,0.7702380952380953
legacy_reused_holdout,1,bestCI,1,1,0.0,heterogeneity,dynasurv,3,ET alone,ET+ANTI-CDK wo CT,438,0.3603332443146746,-0.3478861099337361,-0.2195051068211772,0.9726027397260274
legacy_reused_holdout,1,bestCI,1,1,0.0,heterogeneity,dynasurv,3,ET alone,MONOCT std alone,438,0.4366444593521238,0.1891120543969445,0.3007191249834723,0.9634703196347032
legacy_reused_holdout,1,bestCI,1,1,0.0,heterogeneity,dynasurv,3,ET alone,POLYCT alone,438,0.5195341829716229,0.0,0.1389270573854446,0.0
legacy_reused_holdout,1,bestCI,1,1,0.0,heterogeneity,dynasurv,3,ET+ANTI-CDK wo CT,MONOCT std alone,438,0.6646424304966917,0.5369981643306807,0.5202242020023271,0.9908675799086758
legacy_reused_holdout,1,bestCI,1,1,0.0,heterogeneity,dynasurv,3,ET+ANTI-CDK wo CT,POLYCT alone,438,0.7504581567982642,0.3478861099337361,0.3584320897008158,0.91324200913242
legacy_reused_holdout,1,bestCI,1,1,0.0,heterogeneity,dynasurv,3,MONOCT std alone,POLYCT alone,438,0.4865506455218708,-0.1891120543969445,-0.1617920526968664,0.821917808219178
legacy_reused_holdout,1,bestCI,1,1,0.0,heterogeneity,dynasurv,4,MONOCT std alone,POLYCT alone,198,0.4989932301829899,-0.2153787653173529,-0.1503698487554467,0.7777777777777778
legacy_reused_holdout,1,bestCI,1,1,0.0,heterogeneity,dynasurv,all,ET alone,ET+ANTI-CDK wo CT,3255,0.9290706047407764,-0.5317935284745302,-0.6813752117979918,0.989247311827957
legacy_reused_holdout,1,bestCI,1,1,0.0,heterogeneity,dynasurv,all,ET alone,MONOCT std alone,3255,2.0259313325904085,0.2914647986001831,1.2875648806982176,0.9321044546850998
legacy_reused_holdout,1,bestCI,1,1,0.0,heterogeneity,dynasurv,all,ET alone,POLYCT alone,3255,2.5106244462557497,0.0,1.371434450149536,0.0
legacy_reused_holdout,1,bestCI,1,1,0.0,heterogeneity,dynasurv,all,ET+ANTI-CDK wo CT,MONOCT std alone,3255,2.6007105113764446,0.8232583270747135,1.9689400924962093,0.9913978494623656
legacy_reused_holdout,1,bestCI,1,1,0.0,heterogeneity,dynasurv,all,ET+ANTI-CDK wo CT,POLYCT alone,3255,3.0143366533297633,0.5317935284745302,2.0528095427382382,0.9536098310291858
legacy_reused_holdout,1,bestCI,1,1,0.0,heterogeneity,dynasurv,all,MONOCT std alone,POLYCT alone,3453,1.461595564087769,-0.2871019157186307,0.0704378696695127,0.6026643498407183
legacy_reused_holdout,1,bestCI,1,1,0.0,heterogeneity,oracle,1,ET alone,ET+ANTI-CDK wo CT,1977,1.007781526823544e-06,-0.55237760072943,-5.57010235824329e-07,1.0
legacy_reused_holdout,1,bestCI,1,1,0.0,heterogeneity,oracle,1,ET alone,MONOCT std alone,1977,5.612127827895604e-07,0.3053119996136795,2.297678305396289e-07,1.0
legacy_reused_holdout,1,bestCI,1,1,0.0,heterogeneity,oracle,1,ET alone,POLYCT alone,1977,0.0,0.0,0.0,1.0
legacy_reused_holdout,1,bestCI,1,1,0.0,heterogeneity,oracle,1,ET+ANTI-CDK wo CT,MONOCT std alone,1977,1.5612448629404974e-06,0.8576896003431095,7.867780664749802e-07,1.0
legacy_reused_holdout,1,bestCI,1,1,0.0,heterogeneity,oracle,1,ET+ANTI-CDK wo CT,POLYCT alone,1977,1.007781526823544e-06,0.55237760072943,5.57010235824329e-07,1.0
legacy_reused_holdout,1,bestCI,1,1,0.0,heterogeneity,oracle,1,MONOCT std alone,POLYCT alone,1977,5.612127827895604e-07,-0.3053119996136795,-2.297678305396289e-07,1.0
legacy_reused_holdout,1,bestCI,1,1,0.0,heterogeneity,oracle,2,ET alone,ET+ANTI-CDK wo CT,840,1.968650020885338e-06,-0.5792420266565911,-1.8815055846665985e-07,1.0
legacy_reused_holdout,1,bestCI,1,1,0.0,heterogeneity,oracle,2,ET alone,MONOCT std alone,840,1.116873818921682e-06,0.3122440671208212,-7.20211639215762e-08,1.0
legacy_reused_holdout,1,bestCI,1,1,0.0,heterogeneity,oracle,2,ET alone,POLYCT alone,840,0.0,0.0,0.0,1.0
legacy_reused_holdout,1,bestCI,1,1,0.0,heterogeneity,oracle,2,ET+ANTI-CDK wo CT,MONOCT std alone,840,3.070688914456114e-06,0.8914860937774124,1.1612939443406135e-07,1.0
legacy_reused_holdout,1,bestCI,1,1,0.0,heterogeneity,oracle,2,ET+ANTI-CDK wo CT,POLYCT alone,840,1.968650020885338e-06,0.5792420266565911,1.8815055846665985e-07,1.0
legacy_reused_holdout,1,bestCI,1,1,0.0,heterogeneity,oracle,2,MONOCT std alone,POLYCT alone,840,1.116873818921682e-06,-0.3122440671208212,7.20211639215762e-08,1.0
legacy_reused_holdout,1,bestCI,1,1,0.0,heterogeneity,oracle,3,ET alone,ET+ANTI-CDK wo CT,438,2.6812271790792203e-06,-0.3478861099337361,-5.173160271820798e-07,1.0
legacy_reused_holdout,1,bestCI,1,1,0.0,heterogeneity,oracle,3,ET alone,MONOCT std alone,438,1.5347032789987164e-06,0.1891120543969445,5.1024019204204414e-08,1.0
legacy_reused_holdout,1,bestCI,1,1,0.0,heterogeneity,oracle,3,ET alone,POLYCT alone,438,0.0,0.0,0.0,1.0
legacy_reused_holdout,1,bestCI,1,1,0.0,heterogeneity,oracle,3,ET+ANTI-CDK wo CT,MONOCT std alone,438,4.196179942724961e-06,0.5369981643306807,5.683400463585286e-07,1.0
legacy_reused_holdout,1,bestCI,1,1,0.0,heterogeneity,oracle,3,ET+ANTI-CDK wo CT,POLYCT alone,438,2.6812271790792203e-06,0.3478861099337361,5.173160271820798e-07,1.0
legacy_reused_holdout,1,bestCI,1,1,0.0,heterogeneity,oracle,3,MONOCT std alone,POLYCT alone,438,1.5347032789987164e-06,-0.1891120543969445,-5.1024019204204414e-08,1.0
legacy_reused_holdout,1,bestCI,1,1,0.0,heterogeneity,oracle,4,MONOCT std alone,POLYCT alone,198,2.0644623890139766e-06,-0.2153787653173529,4.880244166838299e-07,1.0
legacy_reused_holdout,1,bestCI,1,1,0.0,heterogeneity,oracle,all,ET alone,ET+ANTI-CDK wo CT,3255,1.6076000748412845e-06,-0.5317935284745302,-4.564793013583923e-07,1.0
legacy_reused_holdout,1,bestCI,1,1,0.0,heterogeneity,oracle,all,ET alone,MONOCT std alone,3255,9.111234581463996e-07,0.2914647986001831,1.278346370425787e-07,1.0
legacy_reused_holdout,1,bestCI,1,1,0.0,heterogeneity,oracle,all,ET alone,POLYCT alone,3255,0.0,0.0,0.0,1.0
legacy_reused_holdout,1,bestCI,1,1,0.0,heterogeneity,oracle,all,ET+ANTI-CDK wo CT,MONOCT std alone,3255,2.5066210362413095e-06,0.8232583270747135,5.843139381234153e-07,1.0
legacy_reused_holdout,1,bestCI,1,1,0.0,heterogeneity,oracle,all,ET+ANTI-CDK wo CT,POLYCT alone,3255,1.6076000748412845e-06,0.5317935284745302,4.564793013583923e-07,1.0
legacy_reused_holdout,1,bestCI,1,1,0.0,heterogeneity,oracle,all,MONOCT std alone,POLYCT alone,3453,1.013377373210786e-06,-0.2871019157186307,-9.252039068208263e-08,1.0
legacy_reused_holdout,1,bestCI,1,1,0.0,heterogeneity,naive_km,1,ET alone,ET+ANTI-CDK wo CT,1977,0.6860677422761309,-0.55237760072943,-0.6187363331305337,1.0
legacy_reused_holdout,1,bestCI,1,1,0.0,heterogeneity,naive_km,1,ET alone,MONOCT std alone,1977,1.9209616156979816,0.3053119996136795,1.914776625090492,1.0
legacy_reused_holdout,1,bestCI,1,1,0.0,heterogeneity,naive_km,1,ET alone,POLYCT alone,1977,1.0488520339856289,0.0,1.0488520339856289,0.0
legacy_reused_holdout,1,bestCI,1,1,0.0,heterogeneity,naive_km,1,ET+ANTI-CDK wo CT,MONOCT std alone,1977,2.573214908636685,0.8576896003431095,2.533512958221025,1.0
legacy_reused_holdout,1,bestCI,1,1,0.0,heterogeneity,naive_km,1,ET+ANTI-CDK wo CT,POLYCT alone,1977,1.6937252608369509,0.55237760072943,1.6675883671161622,1.0
legacy_reused_holdout,1,bestCI,1,1,0.0,heterogeneity,naive_km,1,MONOCT std alone,POLYCT alone,1977,0.8795165731651622,-0.3053119996136795,-0.8659245911048634,1.0
legacy_reused_holdout,1,bestCI,1,1,0.0,heterogeneity,naive_km,2,ET alone,ET+ANTI-CDK wo CT,840,1.1840192830340854,-0.5792420266565911,-1.158326266386119,1.0
legacy_reused_holdout,1,bestCI,1,1,0.0,heterogeneity,naive_km,2,ET alone,MONOCT std alone,840,1.047351749211217,0.3122440671208212,1.0402469495088564,1.0
legacy_reused_holdout,1,bestCI,1,1,0.0,heterogeneity,naive_km,2,ET alone,POLYCT alone,840,0.4667218708133927,0.0,0.4667218708133926,0.0
legacy_reused_holdout,1,bestCI,1,1,0.0,heterogeneity,naive_km,2,ET+ANTI-CDK wo CT,MONOCT std alone,840,2.228962442446744,0.8914860937774124,2.1985732158949745,1.0
legacy_reused_holdout,1,bestCI,1,1,0.0,heterogeneity,naive_km,2,ET+ANTI-CDK wo CT,POLYCT alone,840,1.6434607909567376,0.5792420266565911,1.625048137199511,1.0
legacy_reused_holdout,1,bestCI,1,1,0.0,heterogeneity,naive_km,2,MONOCT std alone,POLYCT alone,840,0.5863130448028191,-0.3122440671208212,-0.573525078695464,1.0
legacy_reused_holdout,1,bestCI,1,1,0.0,heterogeneity,naive_km,3,ET alone,ET+ANTI-CDK wo CT,438,0.6932336892152371,-0.3478861099337361,-0.6730683394549551,1.0
legacy_reused_holdout,1,bestCI,1,1,0.0,heterogeneity,naive_km,3,ET alone,MONOCT std alone,438,0.1379356143864269,0.1891120543969445,0.1095003802887405,1.0
legacy_reused_holdout,1,bestCI,1,1,0.0,heterogeneity,naive_km,3,ET alone,POLYCT alone,438,0.0931862844193727,0.0,-0.0931862844193727,0.0
legacy_reused_holdout,1,bestCI,1,1,0.0,heterogeneity,naive_km,3,ET+ANTI-CDK wo CT,MONOCT std alone,438,0.8214480269487044,0.5369981643306807,0.7825687197436959,1.0
legacy_reused_holdout,1,bestCI,1,1,0.0,heterogeneity,naive_km,3,ET+ANTI-CDK wo CT,POLYCT alone,438,0.6031709177659409,0.3478861099337361,0.5798820550355825,1.0
legacy_reused_holdout,1,bestCI,1,1,0.0,heterogeneity,naive_km,3,MONOCT std alone,POLYCT alone,438,0.2193576633794255,-0.1891120543969445,-0.2026866647081132,1.0
legacy_reused_holdout,1,bestCI,1,1,0.0,heterogeneity,naive_km,4,MONOCT std alone,POLYCT alone,198,0.2367861367923407,-0.2153787653173529,-0.2220953042755118,1.0
legacy_reused_holdout,1,bestCI,1,1,0.0,heterogeneity,naive_km,all,ET alone,ET+ANTI-CDK wo CT,3255,0.8439975822702543,-0.5317935284745302,-0.7652963831166438,1.0
legacy_reused_holdout,1,bestCI,1,1,0.0,heterogeneity,naive_km,all,ET alone,MONOCT std alone,3255,1.5896248457413031,0.2914647986001831,1.4461695827827374,1.0
legacy_reused_holdout,1,bestCI,1,1,0.0,heterogeneity,naive_km,all,ET alone,POLYCT alone,3255,0.8517911306907667,0.0,0.7449496928101851,0.0
legacy_reused_holdout,1,bestCI,1,1,0.0,heterogeneity,naive_km,all,ET+ANTI-CDK wo CT,MONOCT std alone,3255,2.3226315251724063,0.8232583270747135,2.211465965899381,1.0
legacy_reused_holdout,1,bestCI,1,1,0.0,heterogeneity,naive_km,all,ET+ANTI-CDK wo CT,POLYCT alone,3255,1.5774515767653925,0.5317935284745302,1.5102460759268288,1.0
legacy_reused_holdout,1,bestCI,1,1,0.0,heterogeneity,naive_km,all,MONOCT std alone,POLYCT alone,3453,0.7320088610385775,-0.2871019157186307,-0.6737461952236343,1.0
legacy_reused_holdout,1,bestCI,2,2,0.0,heterogeneity,dynasurv,1,ET alone,ET+ANTI-CDK wo CT,1977,0.3124520830724581,-0.5608004905259445,0.0043730117356612,0.9974709155285788
legacy_reused_holdout,1,bestCI,2,2,0.0,heterogeneity,dynasurv,1,ET alone,MONOCT std alone,1977,1.9842304194840097,0.3099325821984922,1.8106376006018008,0.9979767324228628
legacy_reused_holdout,1,bestCI,2,2,0.0,heterogeneity,dynasurv,1,ET alone,POLYCT alone,1977,2.2428502449628316,0.0,1.8156613111495972,0.0
legacy_reused_holdout,1,bestCI,2,2,0.0,heterogeneity,dynasurv,1,ET+ANTI-CDK wo CT,MONOCT std alone,1977,2.0105762709692363,0.8707330727244366,1.8062648272847184,0.9984825493171472
legacy_reused_holdout,1,bestCI,2,2,0.0,heterogeneity,dynasurv,1,ET+ANTI-CDK wo CT,POLYCT alone,1977,2.1935779801196436,0.5608004905259445,1.8112886570418043,0.9994941831057156
legacy_reused_holdout,1,bestCI,2,2,0.0,heterogeneity,dynasurv,1,MONOCT std alone,POLYCT alone,1977,0.7415052391902796,-0.3099325821984922,0.0050237999547635,0.7157309054122407
legacy_reused_holdout,1,bestCI,2,2,0.0,heterogeneity,dynasurv,2,ET alone,ET+ANTI-CDK wo CT,840,0.2274004561881799,-0.5830008191431523,0.0837724012697697,0.9988095238095238
legacy_reused_holdout,1,bestCI,2,2,0.0,heterogeneity,dynasurv,2,ET alone,MONOCT std alone,840,1.2401350382807468,0.3141787786310404,1.046545551317385,0.9964285714285714
legacy_reused_holdout,1,bestCI,2,2,0.0,heterogeneity,dynasurv,2,ET alone,POLYCT alone,840,1.3783952267404378,0.0,1.1423851251602173,0.0
legacy_reused_holdout,1,bestCI,2,2,0.0,heterogeneity,dynasurv,2,ET+ANTI-CDK wo CT,MONOCT std alone,840,1.19002427986685,0.8971795977741928,0.96277320965226,0.9988095238095238
legacy_reused_holdout,1,bestCI,2,2,0.0,heterogeneity,dynasurv,2,ET+ANTI-CDK wo CT,POLYCT alone,840,1.305902579529166,0.5830008191431523,1.058612664285803,0.9940476190476192
legacy_reused_holdout,1,bestCI,2,2,0.0,heterogeneity,dynasurv,2,MONOCT std alone,POLYCT alone,840,0.2920933262851181,-0.3141787786310404,0.0958395738428324,0.8404761904761905
legacy_reused_holdout,1,bestCI,2,2,0.0,heterogeneity,dynasurv,3,ET alone,ET+ANTI-CDK wo CT,438,0.2607940722043625,-0.3508721192224569,0.1881489504917211,0.9634703196347032
legacy_reused_holdout,1,bestCI,2,2,0.0,heterogeneity,dynasurv,3,ET alone,MONOCT std alone,438,0.7904702393327431,0.1899443252072348,0.6900903599276529,0.9954337899543378
legacy_reused_holdout,1,bestCI,2,2,0.0,heterogeneity,dynasurv,3,ET alone,POLYCT alone,438,0.8506349097068486,0.0,0.7082449793815613,0.0
legacy_reused_holdout,1,bestCI,2,2,0.0,heterogeneity,dynasurv,3,ET+ANTI-CDK wo CT,MONOCT std alone,438,0.6694791098592444,0.5408164444296917,0.501941424337093,0.9931506849315068
legacy_reused_holdout,1,bestCI,2,2,0.0,heterogeneity,dynasurv,3,ET+ANTI-CDK wo CT,POLYCT alone,438,0.7302599406188045,0.3508721192224569,0.5200961033956462,0.9748858447488584
legacy_reused_holdout,1,bestCI,2,2,0.0,heterogeneity,dynasurv,3,MONOCT std alone,POLYCT alone,438,0.2053038570082315,-0.1899443252072348,0.0181546045527472,0.819634703196347
legacy_reused_holdout,1,bestCI,2,2,0.0,heterogeneity,dynasurv,4,ET alone,MONOCT std alone,198,0.9714680186147122,0.2123272558745106,0.86880157980359,1.0
legacy_reused_holdout,1,bestCI,2,2,0.0,heterogeneity,dynasurv,4,ET alone,POLYCT alone,198,1.019999476821569,0.0,0.8482397794723511,0.0
legacy_reused_holdout,1,bestCI,2,2,0.0,heterogeneity,dynasurv,4,MONOCT std alone,POLYCT alone,198,0.2853748246819942,-0.2123272558745106,-0.020561666220788,0.797979797979798
legacy_reused_holdout,1,bestCI,2,2,0.0,heterogeneity,dynasurv,all,ET alone,ET+ANTI-CDK wo CT,3255,0.2859937535871513,-0.5382811815881647,0.0495924742364801,0.9932411674347158
legacy_reused_holdout,1,bestCI,2,2,0.0,heterogeneity,dynasurv,all,ET alone,MONOCT std alone,3453,1.661840243142893,0.2901486533913741,1.4286160093512406,0.9973935708079932
legacy_reused_holdout,1,bestCI,2,2,0.0,heterogeneity,dynasurv,all,ET alone,POLYCT alone,3453,1.8691607863753672,0.0,1.4559308290481567,0.0
legacy_reused_holdout,1,bestCI,2,2,0.0,heterogeneity,dynasurv,all,ET+ANTI-CDK wo CT,MONOCT std alone,3255,1.6973588801503223,0.833163671141855,1.4130767062842926,0.9978494623655914
legacy_reused_holdout,1,bestCI,2,2,0.0,heterogeneity,dynasurv,all,ET+ANTI-CDK wo CT,POLYCT alone,3255,1.8532153007804637,0.5382811815881647,1.4433039634084783,0.9947772657450076
legacy_reused_holdout,1,bestCI,2,2,0.0,heterogeneity,dynasurv,all,MONOCT std alone,POLYCT alone,3453,0.5878556495683616,-0.2901486533913741,0.0273147302899489,0.7639733565015928
legacy_reused_holdout,1,bestCI,2,2,0.0,heterogeneity,oracle,1,ET alone,ET+ANTI-CDK wo CT,1977,1.0216820426889374e-06,-0.5608004905259445,-5.515369335684639e-07,1.0
legacy_reused_holdout,1,bestCI,2,2,0.0,heterogeneity,oracle,1,ET alone,MONOCT std alone,1977,5.654846318497088e-07,0.3099325821984922,2.2518249048752994e-07,1.0
legacy_reused_holdout,1,bestCI,2,2,0.0,heterogeneity,oracle,1,ET alone,POLYCT alone,1977,0.0,0.0,0.0,1.0
legacy_reused_holdout,1,bestCI,2,2,0.0,heterogeneity,oracle,1,ET+ANTI-CDK wo CT,MONOCT std alone,1977,1.579442380549241e-06,0.8707330727244366,7.767194242225273e-07,1.0
legacy_reused_holdout,1,bestCI,2,2,0.0,heterogeneity,oracle,1,ET+ANTI-CDK wo CT,POLYCT alone,1977,1.0216820426889374e-06,0.5608004905259445,5.515369335684639e-07,1.0
legacy_reused_holdout,1,bestCI,2,2,0.0,heterogeneity,oracle,1,MONOCT std alone,POLYCT alone,1977,5.654846318497088e-07,-0.3099325821984922,-2.2518249048752994e-07,1.0
legacy_reused_holdout,1,bestCI,2,2,0.0,heterogeneity,oracle,2,ET alone,ET+ANTI-CDK wo CT,840,2.031244546265087e-06,-0.5830008191431523,-1.513069269876155e-07,1.0
legacy_reused_holdout,1,bestCI,2,2,0.0,heterogeneity,oracle,2,ET alone,MONOCT std alone,840,1.140094135359781e-06,0.3141787786310404,-9.050537269628125e-08,1.0
legacy_reused_holdout,1,bestCI,2,2,0.0,heterogeneity,oracle,2,ET alone,POLYCT alone,840,0.0,0.0,0.0,1.0
legacy_reused_holdout,1,bestCI,2,2,0.0,heterogeneity,oracle,2,ET+ANTI-CDK wo CT,MONOCT std alone,840,3.156856408749062e-06,0.8971795977741928,6.080155434684542e-08,1.0
legacy_reused_holdout,1,bestCI,2,2,0.0,heterogeneity,oracle,2,ET+ANTI-CDK wo CT,POLYCT alone,840,2.031244546265087e-06,0.5830008191431523,1.513069269876155e-07,1.0
legacy_reused_holdout,1,bestCI,2,2,0.0,heterogeneity,oracle,2,MONOCT std alone,POLYCT alone,840,1.140094135359781e-06,-0.3141787786310404,9.050537269628125e-08,1.0
legacy_reused_holdout,1,bestCI,2,2,0.0,heterogeneity,oracle,3,ET alone,ET+ANTI-CDK wo CT,438,2.8419528465710577e-06,-0.3508721192224569,-4.0154251851332035e-07,1.0
legacy_reused_holdout,1,bestCI,2,2,0.0,heterogeneity,oracle,3,ET alone,MONOCT std alone,438,1.630164435145289e-06,0.1899443252072348,-1.1382148973337893e-08,1.0
legacy_reused_holdout,1,bestCI,2,2,0.0,heterogeneity,oracle,3,ET alone,POLYCT alone,438,0.0,0.0,0.0,1.0
legacy_reused_holdout,1,bestCI,2,2,0.0,heterogeneity,oracle,3,ET+ANTI-CDK wo CT,MONOCT std alone,438,4.4531017471784566e-06,0.5408164444296917,3.9016036956773803e-07,1.0
legacy_reused_holdout,1,bestCI,2,2,0.0,heterogeneity,oracle,3,ET+ANTI-CDK wo CT,POLYCT alone,438,2.8419528465710577e-06,0.3508721192224569,4.0154251851332035e-07,1.0
legacy_reused_holdout,1,bestCI,2,2,0.0,heterogeneity,oracle,3,MONOCT std alone,POLYCT alone,438,1.630164435145289e-06,-0.1899443252072348,1.1382148973337893e-08,1.0
legacy_reused_holdout,1,bestCI,2,2,0.0,heterogeneity,oracle,4,ET alone,MONOCT std alone,198,1.9211675883339314e-06,0.2123272558745106,-3.4473557108949393e-07,1.0
legacy_reused_holdout,1,bestCI,2,2,0.0,heterogeneity,oracle,4,ET alone,POLYCT alone,198,0.0,0.0,0.0,1.0
legacy_reused_holdout,1,bestCI,2,2,0.0,heterogeneity,oracle,4,MONOCT std alone,POLYCT alone,198,1.9211675883339314e-06,-0.2123272558745106,3.4473557108949393e-07,1.0
legacy_reused_holdout,1,bestCI,2,2,0.0,heterogeneity,oracle,all,ET alone,ET+ANTI-CDK wo CT,3255,1.66900494173958e-06,-0.5382811815881647,-4.28068190339026e-07,1.0
legacy_reused_holdout,1,bestCI,2,2,0.0,heterogeneity,oracle,all,ET alone,MONOCT std alone,3453,1.023724860516103e-06,0.2901486533913741,8.569888393372693e-08,1.0
legacy_reused_holdout,1,bestCI,2,2,0.0,heterogeneity,oracle,all,ET alone,POLYCT alone,3453,0.0,0.0,0.0,1.0
legacy_reused_holdout,1,bestCI,2,2,0.0,heterogeneity,oracle,all,ET+ANTI-CDK wo CT,MONOCT std alone,3255,2.5991085459900077e-06,0.833163671141855,5.399501841196752e-07,1.0
legacy_reused_holdout,1,bestCI,2,2,0.0,heterogeneity,oracle,all,ET+ANTI-CDK wo CT,POLYCT alone,3255,1.66900494173958e-06,0.5382811815881647,4.28068190339026e-07,1.0
legacy_reused_holdout,1,bestCI,2,2,0.0,heterogeneity,oracle,all,MONOCT std alone,POLYCT alone,3453,1.023724860516103e-06,-0.2901486533913741,-8.569888393372693e-08,1.0
legacy_reused_holdout,1,bestCI,2,2,0.0,heterogeneity,naive_km,1,ET alone,ET+ANTI-CDK wo CT,1977,0.5892031866491578,-0.5608004905259445,-0.51138792398534,1.0
legacy_reused_holdout,1,bestCI,2,2,0.0,heterogeneity,naive_km,1,ET alone,MONOCT std alone,1977,1.736328463084455,0.3099325821984922,1.7296659533533896,1.0
legacy_reused_holdout,1,bestCI,2,2,0.0,heterogeneity,naive_km,1,ET alone,POLYCT alone,1977,0.6741814621122123,0.0,0.6741814621122124,0.0
legacy_reused_holdout,1,bestCI,2,2,0.0,heterogeneity,naive_km,1,ET+ANTI-CDK wo CT,MONOCT std alone,1977,2.2846991123454528,0.8707330727244366,2.241053877338729,1.0
legacy_reused_holdout,1,bestCI,2,2,0.0,heterogeneity,naive_km,1,ET+ANTI-CDK wo CT,POLYCT alone,1977,1.2211541899413088,0.5608004905259445,1.1855693860975525,1.0
legacy_reused_holdout,1,bestCI,2,2,0.0,heterogeneity,naive_km,1,MONOCT std alone,POLYCT alone,1977,1.0663675411310978,-0.3099325821984922,-1.0554844912411774,1.0
legacy_reused_holdout,1,bestCI,2,2,0.0,heterogeneity,naive_km,2,ET alone,ET+ANTI-CDK wo CT,840,0.7107660567631492,-0.5830008191431523,-0.6688252293502505,1.0
legacy_reused_holdout,1,bestCI,2,2,0.0,heterogeneity,naive_km,2,ET alone,MONOCT std alone,840,1.3792117262708783,0.3141787786310404,1.374066861902506,1.0
legacy_reused_holdout,1,bestCI,2,2,0.0,heterogeneity,naive_km,2,ET alone,POLYCT alone,840,1.19501064763876,0.0,1.1950106476387603,0.0
legacy_reused_holdout,1,bestCI,2,2,0.0,heterogeneity,naive_km,2,ET+ANTI-CDK wo CT,MONOCT std alone,840,2.0742336367229046,0.8971795977741928,2.0428920912527566,1.0
legacy_reused_holdout,1,bestCI,2,2,0.0,heterogeneity,naive_km,2,ET+ANTI-CDK wo CT,POLYCT alone,840,1.8792938504615544,0.5830008191431523,1.8638358769890109,1.0
legacy_reused_holdout,1,bestCI,2,2,0.0,heterogeneity,naive_km,2,MONOCT std alone,POLYCT alone,840,0.2150031924669038,-0.3141787786310404,-0.1790562142637456,1.0
legacy_reused_holdout,1,bestCI,2,2,0.0,heterogeneity,naive_km,3,ET alone,ET+ANTI-CDK wo CT,438,0.4132409265988805,-0.3508721192224569,0.374457434040773,0.0
legacy_reused_holdout,1,bestCI,2,2,0.0,heterogeneity,naive_km,3,ET alone,MONOCT std alone,438,1.1715552968457694,0.1899443252072348,1.168253340267115,1.0
legacy_reused_holdout,1,bestCI,2,2,0.0,heterogeneity,naive_km,3,ET alone,POLYCT alone,438,1.1035493465923736,0.0,1.1035493465923736,0.0
legacy_reused_holdout,1,bestCI,2,2,0.0,heterogeneity,naive_km,3,ET+ANTI-CDK wo CT,MONOCT std alone,438,0.8360822057627161,0.5408164444296917,0.7937959062263424,1.0
legacy_reused_holdout,1,bestCI,2,2,0.0,heterogeneity,naive_km,3,ET+ANTI-CDK wo CT,POLYCT alone,438,0.7497497652257402,0.3508721192224569,0.7290919125516007,1.0
legacy_reused_holdout,1,bestCI,2,2,0.0,heterogeneity,naive_km,3,MONOCT std alone,POLYCT alone,438,0.1091446440260257,-0.1899443252072348,-0.0647039936747415,1.0
legacy_reused_holdout,1,bestCI,2,2,0.0,heterogeneity,naive_km,4,ET alone,MONOCT std alone,198,0.6704572382087564,0.2123272558745106,0.6655446124006181,1.0
legacy_reused_holdout,1,bestCI,2,2,0.0,heterogeneity,naive_km,4,ET alone,POLYCT alone,198,0.5030061566955748,0.0,0.5030061566955748,0.0
legacy_reused_holdout,1,bestCI,2,2,0.0,heterogeneity,naive_km,4,MONOCT std alone,POLYCT alone,198,0.1816095447767111,-0.2123272558745106,-0.1625384557050434,1.0
legacy_reused_holdout,1,bestCI,2,2,0.0,heterogeneity,naive_km,all,ET alone,ET+ANTI-CDK wo CT,3255,0.6034948800004603,-0.5382811815881647,-0.4328155951653977,0.8654377880184332
legacy_reused_holdout,1,bestCI,2,2,0.0,heterogeneity,naive_km,all,ET alone,MONOCT std alone,3453,1.5455603937237663,0.2901486533913741,1.5109292065074065,1.0
legacy_reused_holdout,1,bestCI,2,2,0.0,heterogeneity,naive_km,all,ET alone,POLYCT alone,3453,0.8812577507300221,0.0,0.8455301266856605,0.0
legacy_reused_holdout,1,bestCI,2,2,0.0,heterogeneity,naive_km,all,ET+ANTI-CDK wo CT,MONOCT std alone,3255,2.091594921416145,0.833163671141855,1.995169117996351,1.0
legacy_reused_holdout,1,bestCI,2,2,0.0,heterogeneity,naive_km,all,ET+ANTI-CDK wo CT,POLYCT alone,3255,1.3757850820335595,0.5382811815881647,1.2991812813158927,1.0
legacy_reused_holdout,1,bestCI,2,2,0.0,heterogeneity,naive_km,all,MONOCT std alone,POLYCT alone,3453,0.8159117614399909,-0.2901486533913741,-0.6653990798217462,1.0
legacy_reused_holdout,1,bestCI,0,0,0.5,heterogeneity,dynasurv,1,ET alone,ET+ANTI-CDK wo CT,1977,0.4840250033551864,-0.5413839467929185,0.066616112844783,0.995953464845726
legacy_reused_holdout,1,bestCI,0,0,0.5,heterogeneity,dynasurv,1,ET alone,MONOCT std alone,1977,0.8904275689727942,0.1257163087597471,0.5146023233661075,0.7738998482549317
legacy_reused_holdout,1,bestCI,0,0,0.5,heterogeneity,dynasurv,1,ET alone,POLYCT alone,1977,2.7536437463212695,-0.0489540319413207,2.111745141026404,0.6793120890237734
legacy_reused_holdout,1,bestCI,0,0,0.5,heterogeneity,dynasurv,1,ET+ANTI-CDK wo CT,MONOCT std alone,1977,0.8867759875040656,0.6671002555526655,0.4479862999282915,0.9615579160343956
legacy_reused_holdout,1,bestCI,0,0,0.5,heterogeneity,dynasurv,1,ET+ANTI-CDK wo CT,POLYCT alone,1977,2.5303099779373657,0.4924299148515976,2.045128879170009,0.8396560445118867
legacy_reused_holdout,1,bestCI,0,0,0.5,heterogeneity,dynasurv,1,MONOCT std alone,POLYCT alone,1977,2.181031393427533,-0.1746703407010678,1.5971426984510069,0.5447647951441578
legacy_reused_holdout,1,bestCI,0,0,0.5,heterogeneity,dynasurv,2,ET alone,ET+ANTI-CDK wo CT,840,0.8261743981394521,-0.4714099314469947,-0.4182199094038353,0.9226190476190476
legacy_reused_holdout,1,bestCI,0,0,0.5,heterogeneity,dynasurv,2,ET alone,MONOCT std alone,840,0.7531396444086755,0.1847423040256509,-0.2621199511871347,0.4642857142857143
legacy_reused_holdout,1,bestCI,0,0,0.5,heterogeneity,dynasurv,2,ET alone,POLYCT alone,840,1.179651818290793,-0.1010540577335844,0.0312697070403585,0.6297619047619047
legacy_reused_holdout,1,bestCI,0,0,0.5,heterogeneity,dynasurv,2,ET+ANTI-CDK wo CT,MONOCT std alone,840,0.6594633764354719,0.6561522354726459,0.1560999880190228,0.8773809523809524
legacy_reused_holdout,1,bestCI,0,0,0.5,heterogeneity,dynasurv,2,ET+ANTI-CDK wo CT,POLYCT alone,840,0.913746438180832,0.3703558737134104,0.4494896238947744,0.7761904761904762
legacy_reused_holdout,1,bestCI,0,0,0.5,heterogeneity,dynasurv,2,MONOCT std alone,POLYCT alone,840,0.8995383465814943,-0.2857963617592354,0.2933896563648481,0.7761904761904762
legacy_reused_holdout,1,bestCI,0,0,0.5,heterogeneity,dynasurv,3,ET alone,ET+ANTI-CDK wo CT,438,0.5304859024388505,-0.3127745008536605,-0.2531590843132706,0.906392694063927
legacy_reused_holdout,1,bestCI,0,0,0.5,heterogeneity,dynasurv,3,ET alone,MONOCT std alone,438,0.7322708169012974,0.1043652281969561,-0.4884712383955493,0.2990867579908676
legacy_reused_holdout,1,bestCI,0,0,0.5,heterogeneity,dynasurv,3,ET alone,POLYCT alone,438,0.7312272904255597,-0.050827075796517,-0.4006751281448281,0.6415525114155252
legacy_reused_holdout,1,bestCI,0,0,0.5,heterogeneity,dynasurv,3,ET+ANTI-CDK wo CT,MONOCT std alone,438,0.4747261229393856,0.4171397290506167,-0.2353121540822786,0.7328767123287672
legacy_reused_holdout,1,bestCI,0,0,0.5,heterogeneity,dynasurv,3,ET+ANTI-CDK wo CT,POLYCT alone,438,0.435105245861254,0.2619474250571434,-0.1475160363809769,0.8105022831050228
legacy_reused_holdout,1,bestCI,0,0,0.5,heterogeneity,dynasurv,3,MONOCT std alone,POLYCT alone,438,0.388125991063367,-0.1551923039934732,0.0877961028001405,0.7648401826484018
legacy_reused_holdout,1,bestCI,0,0,0.5,heterogeneity,dynasurv,4,ET+ANTI-CDK wo CT,MONOCT std alone,198,0.679081557808169,0.5141919980433891,-0.4221087674287269,0.6313131313131313
legacy_reused_holdout,1,bestCI,0,0,0.5,heterogeneity,dynasurv,4,ET+ANTI-CDK wo CT,POLYCT alone,198,0.5812286162735815,0.2925301450872036,-0.1866050991797062,0.7121212121212122
legacy_reused_holdout,1,bestCI,0,0,0.5,heterogeneity,dynasurv,4,MONOCT std alone,POLYCT alone,198,0.4591095219165535,-0.2216618529561856,0.2355036598671177,0.6414141414141414
legacy_reused_holdout,1,bestCI,0,0,0.5,heterogeneity,dynasurv,all,ET alone,ET+ANTI-CDK wo CT,3255,0.5969162267478157,-0.4925639436556001,-0.1015324785398344,0.9649769585253456
legacy_reused_holdout,1,bestCI,0,0,0.5,heterogeneity,dynasurv,all,ET alone,MONOCT std alone,3255,0.8367179564009819,0.1380757750383513,0.179182076323877,0.6301075268817204
legacy_reused_holdout,1,bestCI,0,0,0.5,heterogeneity,dynasurv,all,ET alone,POLYCT alone,3255,2.2442163643401294,-0.0626512408120051,1.2367713093621149,0.6614439324116743
legacy_reused_holdout,1,bestCI,0,0,0.5,heterogeneity,dynasurv,all,ET+ANTI-CDK wo CT,MONOCT std alone,3453,0.781702098029312,0.6239624384481329,0.240413748876391,0.893136403127715
legacy_reused_holdout,1,bestCI,0,0,0.5,heterogeneity,dynasurv,all,ET+ANTI-CDK wo CT,POLYCT alone,3453,1.9779287568699,0.4220349888454006,1.2508634229053928,0.8132059079061685
legacy_reused_holdout,1,bestCI,0,0,0.5,heterogeneity,dynasurv,all,MONOCT std alone,POLYCT alone,3453,1.7180162552965532,-0.2019274496027324,1.010449674029002,0.6345207066319143
legacy_reused_holdout,1,bestCI,0,0,0.5,heterogeneity,oracle,1,ET alone,ET+ANTI-CDK wo CT,1977,1.0848062222565784e-06,-0.5413839467929185,-5.389018787882449e-07,1.0
legacy_reused_holdout,1,bestCI,0,0,0.5,heterogeneity,oracle,1,ET alone,MONOCT std alone,1977,1.0314940439495856e-06,0.1257163087597471,6.483556533598556e-07,1.0
legacy_reused_holdout,1,bestCI,0,0,0.5,heterogeneity,oracle,1,ET alone,POLYCT alone,1977,1.2291804011816184e-06,-0.0489540319413207,1.5403455015661205e-07,1.0
legacy_reused_holdout,1,bestCI,0,0,0.5,heterogeneity,oracle,1,ET+ANTI-CDK wo CT,MONOCT std alone,1977,1.4730107231922563e-06,0.6671002555526655,1.1872575322868784e-06,1.0
legacy_reused_holdout,1,bestCI,0,0,0.5,heterogeneity,oracle,1,ET+ANTI-CDK wo CT,POLYCT alone,1977,1.4736073293753116e-06,0.4924299148515976,6.929364290142459e-07,1.0
legacy_reused_holdout,1,bestCI,0,0,0.5,heterogeneity,oracle,1,MONOCT std alone,POLYCT alone,1977,1.279002244224508e-06,-0.1746703407010678,-4.943211032171213e-07,1.0
legacy_reused_holdout,1,bestCI,0,0,0.5,heterogeneity,oracle,2,ET alone,ET+ANTI-CDK wo CT,840,2.158953856945283e-06,-0.4714099314469947,-1.474848107529958e-07,1.0
legacy_reused_holdout,1,bestCI,0,0,0.5,heterogeneity,oracle,2,ET alone,MONOCT std alone,840,1.898917243404193e-06,0.1847423040256509,1.025022156486699e-06,1.0
legacy_reused_holdout,1,bestCI,0,0,0.5,heterogeneity,oracle,2,ET alone,POLYCT alone,840,2.238256411019032e-06,-0.1010540577335844,5.335330985345443e-07,1.0
legacy_reused_holdout,1,bestCI,0,0,0.5,heterogeneity,oracle,2,ET+ANTI-CDK wo CT,MONOCT std alone,840,2.487650969977076e-06,0.6561522354726459,1.172506966962139e-06,1.0
legacy_reused_holdout,1,bestCI,0,0,0.5,heterogeneity,oracle,2,ET+ANTI-CDK wo CT,POLYCT alone,840,2.7924702654720684e-06,0.3703558737134104,6.810179091765178e-07,1.0
legacy_reused_holdout,1,bestCI,0,0,0.5,heterogeneity,oracle,2,MONOCT std alone,POLYCT alone,840,2.577552078322588e-06,-0.2857963617592354,-4.914890579521547e-07,1.0
legacy_reused_holdout,1,bestCI,0,0,0.5,heterogeneity,oracle,3,ET alone,ET+ANTI-CDK wo CT,438,2.969391081311489e-06,-0.3127745008536605,-4.110156504033569e-07,1.0
legacy_reused_holdout,1,bestCI,0,0,0.5,heterogeneity,oracle,3,ET alone,MONOCT std alone,438,2.3848277142515205e-06,0.1043652281969561,1.168139004373292e-06,1.0
legacy_reused_holdout,1,bestCI,0,0,0.5,heterogeneity,oracle,3,ET alone,POLYCT alone,438,3.359808120781016e-06,-0.050827075796517,3.499647317217747e-07,1.0
legacy_reused_holdout,1,bestCI,0,0,0.5,heterogeneity,oracle,3,ET+ANTI-CDK wo CT,MONOCT std alone,438,3.5616061388707816e-06,0.4171397290506167,1.579154654762771e-06,1.0
legacy_reused_holdout,1,bestCI,0,0,0.5,heterogeneity,oracle,3,ET+ANTI-CDK wo CT,POLYCT alone,438,4.055199462529544e-06,0.2619474250571434,7.60980382097376e-07,1.0
legacy_reused_holdout,1,bestCI,0,0,0.5,heterogeneity,oracle,3,MONOCT std alone,POLYCT alone,438,3.898933999356934e-06,-0.1551923039934732,-8.181742726653951e-07,1.0
legacy_reused_holdout,1,bestCI,0,0,0.5,heterogeneity,oracle,4,ET+ANTI-CDK wo CT,MONOCT std alone,198,3.66809052590348e-06,0.5141919980433891,3.0394440708736425e-07,1.0
legacy_reused_holdout,1,bestCI,0,0,0.5,heterogeneity,oracle,4,ET+ANTI-CDK wo CT,POLYCT alone,198,4.216899216720248e-06,0.2925301450872036,-6.03326547055083e-08,1.0
legacy_reused_holdout,1,bestCI,0,0,0.5,heterogeneity,oracle,4,MONOCT std alone,POLYCT alone,198,3.7531383127607298e-06,-0.2216618529561856,-3.6427706168185026e-07,1.0
legacy_reused_holdout,1,bestCI,0,0,0.5,heterogeneity,oracle,all,ET alone,ET+ANTI-CDK wo CT,3255,1.7618435200049282e-06,-0.4925639436556001,-4.206823689401063e-07,1.0
legacy_reused_holdout,1,bestCI,0,0,0.5,heterogeneity,oracle,all,ET alone,MONOCT std alone,3255,1.5303901318085502e-06,0.1380757750383513,8.155031097079046e-07,1.0
legacy_reused_holdout,1,bestCI,0,0,0.5,heterogeneity,oracle,all,ET alone,POLYCT alone,3255,1.9311914376718513e-06,-0.0626512408120051,2.783344580509217e-07,1.0
legacy_reused_holdout,1,bestCI,0,0,0.5,heterogeneity,oracle,all,ET+ANTI-CDK wo CT,MONOCT std alone,3453,2.264573325695047e-06,0.6239624384481329,1.1827294310595704e-06,1.0
legacy_reused_holdout,1,bestCI,0,0,0.5,heterogeneity,oracle,all,ET+ANTI-CDK wo CT,POLYCT alone,3453,2.4991719895330582e-06,0.4220349888454006,6.554746324050065e-07,1.0
legacy_reused_holdout,1,bestCI,0,0,0.5,heterogeneity,oracle,all,MONOCT std alone,POLYCT alone,3453,2.2997384435532603e-06,-0.2019274496027324,-5.272547985712972e-07,1.0
legacy_reused_holdout,1,bestCI,0,0,0.5,heterogeneity,naive_km,1,ET alone,ET+ANTI-CDK wo CT,1977,0.7901724605119632,-0.5413839467929185,-0.7383050574513144,1.0
legacy_reused_holdout,1,bestCI,0,0,0.5,heterogeneity,naive_km,1,ET alone,MONOCT std alone,1977,1.2362689195366965,0.1257163087597471,1.138420958710386,0.7561962569549823
legacy_reused_holdout,1,bestCI,0,0,0.5,heterogeneity,naive_km,1,ET alone,POLYCT alone,1977,0.829487802566126,-0.0489540319413207,0.0397365184539139,0.4390490642387455
legacy_reused_holdout,1,bestCI,0,0,0.5,heterogeneity,naive_km,1,ET+ANTI-CDK wo CT,MONOCT std alone,1977,1.911238258019129,0.6671002555526655,1.8767260161617,0.9650986342943856
legacy_reused_holdout,1,bestCI,0,0,0.5,heterogeneity,naive_km,1,ET+ANTI-CDK wo CT,POLYCT alone,1977,1.119301823499295,0.4924299148515976,0.7780415759052286,0.8007081436519979
legacy_reused_holdout,1,bestCI,0,0,0.5,heterogeneity,naive_km,1,MONOCT std alone,POLYCT alone,1977,1.3540618732866527,-0.1746703407010678,-1.098684440256472,0.6914516944865958
legacy_reused_holdout,1,bestCI,0,0,0.5,heterogeneity,naive_km,2,ET alone,ET+ANTI-CDK wo CT,840,0.9165846507317058,-0.4714099314469947,-0.8041724607853461,0.9452380952380952
legacy_reused_holdout,1,bestCI,0,0,0.5,heterogeneity,naive_km,2,ET alone,MONOCT std alone,840,1.470845716846938,0.1847423040256509,1.3959467411120714,0.6964285714285714
legacy_reused_holdout,1,bestCI,0,0,0.5,heterogeneity,naive_km,2,ET alone,POLYCT alone,840,0.8537312237476173,-0.1010540577335844,0.3261876074389443,0.5083333333333333
legacy_reused_holdout,1,bestCI,0,0,0.5,heterogeneity,naive_km,2,ET+ANTI-CDK wo CT,MONOCT std alone,840,2.250066047330423,0.6561522354726459,2.2001192018974165,0.9142857142857144
legacy_reused_holdout,1,bestCI,0,0,0.5,heterogeneity,naive_km,2,ET+ANTI-CDK wo CT,POLYCT alone,840,1.391855425528016,0.3703558737134104,1.1303600682242902,0.6880952380952381
legacy_reused_holdout,1,bestCI,0,0,0.5,heterogeneity,naive_km,2,MONOCT std alone,POLYCT alone,840,1.3179873871608612,-0.2857963617592354,-1.0697591336731271,0.6904761904761905
legacy_reused_holdout,1,bestCI,0,0,0.5,heterogeneity,naive_km,3,ET alone,ET+ANTI-CDK wo CT,438,0.3396397306270989,-0.3127745008536605,-0.2086408671198198,0.91324200913242
legacy_reused_holdout,1,bestCI,0,0,0.5,heterogeneity,naive_km,3,ET alone,MONOCT std alone,438,0.831154433088668,0.1043652281969561,0.7878548958847434,0.6963470319634704
legacy_reused_holdout,1,bestCI,0,0,0.5,heterogeneity,naive_km,3,ET alone,POLYCT alone,438,0.7380797494530849,-0.050827075796517,0.5765997643790501,0.4748858447488584
legacy_reused_holdout,1,bestCI,0,0,0.5,heterogeneity,naive_km,3,ET+ANTI-CDK wo CT,MONOCT std alone,438,1.0323812463753483,0.4171397290506167,0.9964957630045632,0.9360730593607306
legacy_reused_holdout,1,bestCI,0,0,0.5,heterogeneity,naive_km,3,ET+ANTI-CDK wo CT,POLYCT alone,438,0.9149763642232888,0.2619474250571434,0.78524063149887,0.7488584474885844
legacy_reused_holdout,1,bestCI,0,0,0.5,heterogeneity,naive_km,3,MONOCT std alone,POLYCT alone,438,0.509588073098538,-0.1551923039934732,-0.2112551315056932,0.6986301369863014
legacy_reused_holdout,1,bestCI,0,0,0.5,heterogeneity,naive_km,4,ET+ANTI-CDK wo CT,MONOCT std alone,198,1.2036741152741512,0.5141919980433891,1.1734199428589505,0.9696969696969696
legacy_reused_holdout,1,bestCI,0,0,0.5,heterogeneity,naive_km,4,ET+ANTI-CDK wo CT,POLYCT alone,198,1.5444760461624487,0.2925301450872036,1.474712781427712,0.7626262626262627
legacy_reused_holdout,1,bestCI,0,0,0.5,heterogeneity,naive_km,4,MONOCT std alone,POLYCT alone,198,0.5478256973786749,-0.2216618529561856,0.3012928385687619,0.2676767676767677
legacy_reused_holdout,1,bestCI,0,0,0.5,heterogeneity,naive_km,all,ET alone,ET+ANTI-CDK wo CT,3255,0.7820209070532457,-0.4925639436556001,-0.6840303119629556,0.9741935483870968
legacy_reused_holdout,1,bestCI,0,0,0.5,heterogeneity,naive_km,all,ET alone,MONOCT std alone,3255,1.2567962971684872,0.1380757750383513,1.1577062802771405,0.7327188940092166
legacy_reused_holdout,1,bestCI,0,0,0.5,heterogeneity,naive_km,all,ET alone,POLYCT alone,3255,0.8241963721280395,-0.0626512408120051,0.1859008860307603,0.4617511520737327
legacy_reused_holdout,1,bestCI,0,0,0.5,heterogeneity,naive_km,all,ET+ANTI-CDK wo CT,MONOCT std alone,3453,1.8818328911078324,0.6239624384481329,1.803414351702167,0.9493194323776426
legacy_reused_holdout,1,bestCI,0,0,0.5,heterogeneity,naive_km,all,ET+ANTI-CDK wo CT,POLYCT alone,3453,1.1964753755311723,0.4220349888454006,0.9046102462184282,0.7645525629887054
legacy_reused_holdout,1,bestCI,0,0,0.5,heterogeneity,naive_km,all,MONOCT std alone,POLYCT alone,3453,1.2338872245012915,-0.2019274496027324,-0.898804105483739,0.667825079640892
legacy_reused_holdout,1,bestCI,1,1,0.5,heterogeneity,dynasurv,1,ET alone,ET+ANTI-CDK wo CT,1977,0.9914176166920752,-0.5380961028769798,-0.8554911287590675,1.0
legacy_reused_holdout,1,bestCI,1,1,0.5,heterogeneity,dynasurv,1,ET alone,MONOCT std alone,1977,1.8599774974766183,0.1275525339656889,1.7368428460544527,0.7632776934749621
legacy_reused_holdout,1,bestCI,1,1,0.5,heterogeneity,dynasurv,1,ET alone,POLYCT alone,1977,2.514493739761737,-0.0538385932898748,2.2454131668067205,0.6479514415781487
legacy_reused_holdout,1,bestCI,1,1,0.5,heterogeneity,dynasurv,1,ET+ANTI-CDK wo CT,MONOCT std alone,1977,2.7290077539600275,0.6656486368426687,2.5923340940228097,0.9650986342943856
legacy_reused_holdout,1,bestCI,1,1,0.5,heterogeneity,dynasurv,1,ET+ANTI-CDK wo CT,POLYCT alone,1977,3.296669120919786,0.484257509587105,3.1009044147750777,0.806272129489125
legacy_reused_holdout,1,bestCI,1,1,0.5,heterogeneity,dynasurv,1,MONOCT std alone,POLYCT alone,1977,1.0394147744980693,-0.1813911272555637,0.5085703207522678,0.6762771876580678
legacy_reused_holdout,1,bestCI,1,1,0.5,heterogeneity,dynasurv,2,ET alone,ET+ANTI-CDK wo CT,840,1.159583875206842,-0.4596774176755916,-0.9886298580965032,0.9452380952380952
legacy_reused_holdout,1,bestCI,1,1,0.5,heterogeneity,dynasurv,2,ET alone,MONOCT std alone,840,1.0544764646023017,0.1762955552400429,0.7551978462873619,0.6964285714285714
legacy_reused_holdout,1,bestCI,1,1,0.5,heterogeneity,dynasurv,2,ET alone,POLYCT alone,840,1.3553297778941895,-0.1050186894522991,0.9682396791564312,0.5916666666666667
legacy_reused_holdout,1,bestCI,1,1,0.5,heterogeneity,dynasurv,2,ET+ANTI-CDK wo CT,MONOCT std alone,840,2.0177564616282764,0.6359729729156347,1.7438275851745753,0.9142857142857144
legacy_reused_holdout,1,bestCI,1,1,0.5,heterogeneity,dynasurv,2,ET+ANTI-CDK wo CT,POLYCT alone,840,2.3292783240226753,0.3546587282232926,1.9568694776482896,0.6880952380952381
legacy_reused_holdout,1,bestCI,1,1,0.5,heterogeneity,dynasurv,2,MONOCT std alone,POLYCT alone,840,0.6090422992938397,-0.281314244692342,0.2130418552208111,0.7619047619047619
legacy_reused_holdout,1,bestCI,1,1,0.5,heterogeneity,dynasurv,3,ET alone,ET+ANTI-CDK wo CT,438,0.593661834973937,-0.3155757504921392,-0.5150308292884394,0.91324200913242
legacy_reused_holdout,1,bestCI,1,1,0.5,heterogeneity,dynasurv,3,ET alone,MONOCT std alone,438,0.6174801559645242,0.1008935178840266,0.377579191771735,0.6872146118721462
legacy_reused_holdout,1,bestCI,1,1,0.5,heterogeneity,dynasurv,3,ET alone,POLYCT alone,438,0.7454087626515827,-0.0479676732750204,0.452666849824932,0.6552511415525114
legacy_reused_holdout,1,bestCI,1,1,0.5,heterogeneity,dynasurv,3,ET+ANTI-CDK wo CT,MONOCT std alone,438,1.0568452553751415,0.416469268376166,0.892610140269464,0.9360730593607306
legacy_reused_holdout,1,bestCI,1,1,0.5,heterogeneity,dynasurv,3,ET+ANTI-CDK wo CT,POLYCT alone,438,1.181588290685324,0.2676080772171187,0.9676978281249832,0.7534246575342466
legacy_reused_holdout,1,bestCI,1,1,0.5,heterogeneity,dynasurv,3,MONOCT std alone,POLYCT alone,438,0.3727438022745148,-0.1488611911590471,0.0750876655037775,0.7808219178082192
legacy_reused_holdout,1,bestCI,1,1,0.5,heterogeneity,dynasurv,4,MONOCT std alone,POLYCT alone,198,0.4174127314709853,-0.2155283748572528,0.1226491987174212,0.696969696969697
legacy_reused_holdout,1,bestCI,1,1,0.5,heterogeneity,dynasurv,all,ET alone,ET+ANTI-CDK wo CT,3255,0.9957004858589316,-0.4879161919971869,-0.8440364990809992,0.9741935483870968
legacy_reused_holdout,1,bestCI,1,1,0.5,heterogeneity,dynasurv,all,ET alone,MONOCT std alone,3255,1.5618806289049592,0.1365440819923215,1.3006094958122438,0.7357910906298003
legacy_reused_holdout,1,bestCI,1,1,0.5,heterogeneity,dynasurv,all,ET alone,POLYCT alone,3255,2.0950028695008736,-0.0662563560579025,1.674584340867778,0.6344086021505376
legacy_reused_holdout,1,bestCI,1,1,0.5,heterogeneity,dynasurv,all,ET+ANTI-CDK wo CT,MONOCT std alone,3255,2.392564831650998,0.6244602739895084,2.1446461141025326,0.9480798771121351
legacy_reused_holdout,1,bestCI,1,1,0.5,heterogeneity,dynasurv,all,ET+ANTI-CDK wo CT,POLYCT alone,3255,2.8616353995789146,0.4216598359392843,2.518620363111619,0.7686635944700461
legacy_reused_holdout,1,bestCI,1,1,0.5,heterogeneity,dynasurv,all,MONOCT std alone,POLYCT alone,3453,0.8581483991270586,-0.203530276303277,0.3595631812858438,0.7115551694178974
legacy_reused_holdout,1,bestCI,1,1,0.5,heterogeneity,oracle,1,ET alone,ET+ANTI-CDK wo CT,1977,1.0650339034528414e-06,-0.5380961028769798,-5.397634693649067e-07,1.0
legacy_reused_holdout,1,bestCI,1,1,0.5,heterogeneity,oracle,1,ET alone,MONOCT std alone,1977,1.029207337425589e-06,0.1275525339656889,6.402325468113368e-07,1.0
legacy_reused_holdout,1,bestCI,1,1,0.5,heterogeneity,oracle,1,ET alone,POLYCT alone,1977,1.1958994232401065e-06,-0.0538385932898748,1.3881241475027786e-07,1.0
legacy_reused_holdout,1,bestCI,1,1,0.5,heterogeneity,oracle,1,ET+ANTI-CDK wo CT,MONOCT std alone,1977,1.457019018541128e-06,0.6656486368426687,1.1799960162317549e-06,1.0
legacy_reused_holdout,1,bestCI,1,1,0.5,heterogeneity,oracle,1,ET+ANTI-CDK wo CT,POLYCT alone,1977,1.5110250666509117e-06,0.484257509587105,6.785758840388567e-07,1.0
legacy_reused_holdout,1,bestCI,1,1,0.5,heterogeneity,oracle,1,MONOCT std alone,POLYCT alone,1977,1.2856521207079385e-06,-0.1813911272555637,-5.014201321373868e-07,1.0
legacy_reused_holdout,1,bestCI,1,1,0.5,heterogeneity,oracle,2,ET alone,ET+ANTI-CDK wo CT,840,1.950366412176378e-06,-0.4596774176755916,-2.503703629419541e-07,1.0
legacy_reused_holdout,1,bestCI,1,1,0.5,heterogeneity,oracle,2,ET alone,MONOCT std alone,840,1.8288538633921248e-06,0.1762955552400429,1.0317091793110578e-06,1.0
legacy_reused_holdout,1,bestCI,1,1,0.5,heterogeneity,oracle,2,ET alone,POLYCT alone,840,2.267445317009415e-06,-0.1050186894522991,5.2257165877867e-07,1.0
legacy_reused_holdout,1,bestCI,1,1,0.5,heterogeneity,oracle,2,ET+ANTI-CDK wo CT,MONOCT std alone,840,2.3849881782323167e-06,0.6359729729156347,1.2820795420864783e-06,1.0
legacy_reused_holdout,1,bestCI,1,1,0.5,heterogeneity,oracle,2,ET+ANTI-CDK wo CT,POLYCT alone,840,2.6998370026269824e-06,0.3546587282232926,7.72942021720624e-07,1.0
legacy_reused_holdout,1,bestCI,1,1,0.5,heterogeneity,oracle,2,MONOCT std alone,POLYCT alone,840,2.562460952954906e-06,-0.281314244692342,-5.091375204768767e-07,1.0
legacy_reused_holdout,1,bestCI,1,1,0.5,heterogeneity,oracle,3,ET alone,ET+ANTI-CDK wo CT,438,3.0539981114764653e-06,-0.3155757504921392,-3.355291635642743e-07,1.0
legacy_reused_holdout,1,bestCI,1,1,0.5,heterogeneity,oracle,3,ET alone,MONOCT std alone,438,2.1905631133921468e-06,0.1008935178840266,1.2599737711227466e-06,1.0
legacy_reused_holdout,1,bestCI,1,1,0.5,heterogeneity,oracle,3,ET alone,POLYCT alone,438,3.2047799827877256e-06,-0.0479676732750204,5.437708288855148e-07,1.0
legacy_reused_holdout,1,bestCI,1,1,0.5,heterogeneity,oracle,3,ET+ANTI-CDK wo CT,MONOCT std alone,438,3.4590770784956703e-06,0.416469268376166,1.595502934548243e-06,1.0
legacy_reused_holdout,1,bestCI,1,1,0.5,heterogeneity,oracle,3,ET+ANTI-CDK wo CT,POLYCT alone,438,3.551103194331294e-06,0.2676080772171187,8.792999923734612e-07,1.0
legacy_reused_holdout,1,bestCI,1,1,0.5,heterogeneity,oracle,3,MONOCT std alone,POLYCT alone,438,3.297133623801331e-06,-0.1488611911590471,-7.162029422302929e-07,1.0
legacy_reused_holdout,1,bestCI,1,1,0.5,heterogeneity,oracle,4,MONOCT std alone,POLYCT alone,198,4.0136321951032e-06,-0.2155283748572528,-3.292760787088067e-07,1.0
legacy_reused_holdout,1,bestCI,1,1,0.5,heterogeneity,oracle,all,ET alone,ET+ANTI-CDK wo CT,3255,1.710453109607914e-06,-0.4879161919971869,-4.375991573546401e-07,1.0
legacy_reused_holdout,1,bestCI,1,1,0.5,heterogeneity,oracle,all,ET alone,MONOCT std alone,3255,1.46704694008133e-06,0.1365440819923215,8.246525245725334e-07,1.0
legacy_reused_holdout,1,bestCI,1,1,0.5,heterogeneity,oracle,all,ET alone,POLYCT alone,3255,1.891421739858101e-06,-0.0662563560579025,2.9233915835313873e-07,1.0
legacy_reused_holdout,1,bestCI,1,1,0.5,heterogeneity,oracle,all,ET+ANTI-CDK wo CT,MONOCT std alone,3255,2.0898266861373916e-06,0.6244602739895084,1.262251681954929e-06,1.0
legacy_reused_holdout,1,bestCI,1,1,0.5,heterogeneity,oracle,all,ET+ANTI-CDK wo CT,POLYCT alone,3255,2.228158497357657e-06,0.4216598359392843,7.299383157910455e-07,1.0
legacy_reused_holdout,1,bestCI,1,1,0.5,heterogeneity,oracle,all,MONOCT std alone,POLYCT alone,3453,2.2014506211978825e-06,-0.203530276303277,-5.206709153271483e-07,1.0
legacy_reused_holdout,1,bestCI,1,1,0.5,heterogeneity,naive_km,1,ET alone,ET+ANTI-CDK wo CT,1977,0.7668126271495201,-0.5380961028769798,-0.7149936542374261,1.0
legacy_reused_holdout,1,bestCI,1,1,0.5,heterogeneity,naive_km,1,ET alone,MONOCT std alone,1977,1.7413007791265298,0.1275525339656889,1.6739084106353297,0.7561962569549823
legacy_reused_holdout,1,bestCI,1,1,0.5,heterogeneity,naive_km,1,ET alone,POLYCT alone,1977,0.9797976290664572,-0.0538385932898748,0.5419060676998093,0.5609509357612544
legacy_reused_holdout,1,bestCI,1,1,0.5,heterogeneity,naive_km,1,ET+ANTI-CDK wo CT,MONOCT std alone,1977,2.4154269812962648,0.6656486368426687,2.3889020648727564,0.9650986342943856
legacy_reused_holdout,1,bestCI,1,1,0.5,heterogeneity,naive_km,1,ET+ANTI-CDK wo CT,POLYCT alone,1977,1.4822395999057825,0.484257509587105,1.256899721937235,0.8007081436519979
legacy_reused_holdout,1,bestCI,1,1,0.5,heterogeneity,naive_km,1,MONOCT std alone,POLYCT alone,1977,1.375793362442564,-0.1813911272555637,-1.1320023429355202,0.6914516944865958
legacy_reused_holdout,1,bestCI,1,1,0.5,heterogeneity,naive_km,2,ET alone,ET+ANTI-CDK wo CT,840,1.5325703020735904,-0.4596774176755916,-1.4695805067861245,0.9452380952380952
legacy_reused_holdout,1,bestCI,1,1,0.5,heterogeneity,naive_km,2,ET alone,MONOCT std alone,840,1.1001457162443815,0.1762955552400429,0.9996742444029278,0.6964285714285714
legacy_reused_holdout,1,bestCI,1,1,0.5,heterogeneity,naive_km,2,ET alone,POLYCT alone,840,0.7705070966847701,-0.1050186894522991,0.0383867921845375,0.4916666666666666
legacy_reused_holdout,1,bestCI,1,1,0.5,heterogeneity,naive_km,2,ET+ANTI-CDK wo CT,MONOCT std alone,840,2.5124857037779087,0.6359729729156347,2.469254751189053,0.9142857142857144
legacy_reused_holdout,1,bestCI,1,1,0.5,heterogeneity,naive_km,2,ET+ANTI-CDK wo CT,POLYCT alone,840,1.714058527689173,0.3546587282232926,1.5079672989706618,0.6880952380952381
legacy_reused_holdout,1,bestCI,1,1,0.5,heterogeneity,naive_km,2,MONOCT std alone,POLYCT alone,840,1.2262507192362524,-0.281314244692342,-0.9612874522183904,0.6904761904761905
legacy_reused_holdout,1,bestCI,1,1,0.5,heterogeneity,naive_km,3,ET alone,ET+ANTI-CDK wo CT,438,0.8561459355863389,-0.3155757504921392,-0.8125363711437636,0.91324200913242
legacy_reused_holdout,1,bestCI,1,1,0.5,heterogeneity,naive_km,3,ET alone,MONOCT std alone,438,0.3086225164460554,0.1008935178840266,0.1541557937571001,0.6963470319634704
legacy_reused_holdout,1,bestCI,1,1,0.5,heterogeneity,naive_km,3,ET alone,POLYCT alone,438,0.5054320186632141,-0.0479676732750204,-0.2229247976360691,0.5251141552511416
legacy_reused_holdout,1,bestCI,1,1,0.5,heterogeneity,naive_km,3,ET+ANTI-CDK wo CT,MONOCT std alone,438,1.001761639387695,0.416469268376166,0.9666921649008636,0.9360730593607306
legacy_reused_holdout,1,bestCI,1,1,0.5,heterogeneity,naive_km,3,ET+ANTI-CDK wo CT,POLYCT alone,438,0.7490235127376439,0.2676080772171187,0.5896115735076946,0.7488584474885844
legacy_reused_holdout,1,bestCI,1,1,0.5,heterogeneity,naive_km,3,MONOCT std alone,POLYCT alone,438,0.5936697231881263,-0.1488611911590471,-0.3770805913931692,0.6986301369863014
legacy_reused_holdout,1,bestCI,1,1,0.5,heterogeneity,naive_km,4,MONOCT std alone,POLYCT alone,198,0.5841414633836614,-0.2155283748572528,-0.3790105243728173,0.7323232323232324
legacy_reused_holdout,1,bestCI,1,1,0.5,heterogeneity,naive_km,all,ET alone,ET+ANTI-CDK wo CT,3255,1.030486922811266,-0.4879161919971869,-0.9228513089673438,0.9741935483870968
legacy_reused_holdout,1,bestCI,1,1,0.5,heterogeneity,naive_km,all,ET alone,MONOCT std alone,3255,1.4720024832808285,0.1365440819923215,1.2954112229769943,0.7327188940092166
legacy_reused_holdout,1,bestCI,1,1,0.5,heterogeneity,naive_km,all,ET alone,POLYCT alone,3255,0.8778746598174203,-0.0662563560579025,0.3090482764709482,0.5382488479262673
legacy_reused_holdout,1,bestCI,1,1,0.5,heterogeneity,naive_km,all,ET+ANTI-CDK wo CT,MONOCT std alone,3255,2.3038405024452544,0.6244602739895084,2.2182625319443376,0.9480798771121351
legacy_reused_holdout,1,bestCI,1,1,0.5,heterogeneity,naive_km,all,ET+ANTI-CDK wo CT,POLYCT alone,3255,1.4724492606276525,0.4216598359392843,1.231899585438292,0.7646697388632873
legacy_reused_holdout,1,bestCI,1,1,0.5,heterogeneity,naive_km,all,MONOCT std alone,POLYCT alone,3453,1.2303612378783786,-0.203530276303277,-0.951536482682594,0.6944685780480742
legacy_reused_holdout,1,bestCI,2,2,0.5,heterogeneity,dynasurv,1,ET alone,ET+ANTI-CDK wo CT,1977,0.633608622538701,-0.5481681305272004,0.316117130528154,0.7187658067779464
legacy_reused_holdout,1,bestCI,2,2,0.5,heterogeneity,dynasurv,1,ET alone,MONOCT std alone,1977,1.3428657109894373,0.1336970332925442,1.0842416282827732,0.7794638340920587
legacy_reused_holdout,1,bestCI,2,2,0.5,heterogeneity,dynasurv,1,ET alone,POLYCT alone,1977,2.077585817549469,-0.0505621004973508,1.4515718985472776,0.6170966110268084
legacy_reused_holdout,1,bestCI,2,2,0.5,heterogeneity,dynasurv,1,ET+ANTI-CDK wo CT,MONOCT std alone,1977,1.3286119609616742,0.6818651638197447,0.7681245126557802,0.9534648457258472
legacy_reused_holdout,1,bestCI,2,2,0.5,heterogeneity,dynasurv,1,ET+ANTI-CDK wo CT,POLYCT alone,1977,1.7437662099718316,0.4976060300298496,1.135454663710995,0.7991906929691451
legacy_reused_holdout,1,bestCI,2,2,0.5,heterogeneity,dynasurv,1,MONOCT std alone,POLYCT alone,1977,1.5794510967095048,-0.184259133789895,0.3673301808575372,0.7202832574607992
legacy_reused_holdout,1,bestCI,2,2,0.5,heterogeneity,dynasurv,2,ET alone,ET+ANTI-CDK wo CT,840,0.5781942508971749,-0.4591837985772289,0.0086945755738415,0.861904761904762
legacy_reused_holdout,1,bestCI,2,2,0.5,heterogeneity,dynasurv,2,ET alone,MONOCT std alone,840,0.9989647542530948,0.1821852588096658,0.8047853446563681,0.7119047619047619
legacy_reused_holdout,1,bestCI,2,2,0.5,heterogeneity,dynasurv,2,ET alone,POLYCT alone,840,1.103550584680126,-0.1007267177211089,0.7996870815860075,0.6273809523809524
legacy_reused_holdout,1,bestCI,2,2,0.5,heterogeneity,dynasurv,2,ET+ANTI-CDK wo CT,MONOCT std alone,840,1.0074620228082174,0.6413690573868949,0.7960908882918161,0.9142857142857144
legacy_reused_holdout,1,bestCI,2,2,0.5,heterogeneity,dynasurv,2,ET+ANTI-CDK wo CT,POLYCT alone,840,1.1204939227438353,0.3584570808561201,0.7909925060121661,0.6845238095238095
legacy_reused_holdout,1,bestCI,2,2,0.5,heterogeneity,dynasurv,2,MONOCT std alone,POLYCT alone,840,0.7393424833620512,-0.2829119765307748,-0.0050982630703604,0.7428571428571429
legacy_reused_holdout,1,bestCI,2,2,0.5,heterogeneity,dynasurv,3,ET alone,ET+ANTI-CDK wo CT,438,0.3780016632651988,-0.3197929762044754,0.130227511350235,0.6666666666666666
legacy_reused_holdout,1,bestCI,2,2,0.5,heterogeneity,dynasurv,3,ET alone,MONOCT std alone,438,0.6184520591328225,0.0960646534352999,0.4974414443582792,0.6917808219178082
legacy_reused_holdout,1,bestCI,2,2,0.5,heterogeneity,dynasurv,3,ET alone,POLYCT alone,438,0.7503700574970281,-0.0543227015318608,0.5779425321402287,0.589041095890411
legacy_reused_holdout,1,bestCI,2,2,0.5,heterogeneity,dynasurv,3,ET+ANTI-CDK wo CT,MONOCT std alone,438,0.5265527162311545,0.4158576296397754,0.3672139479092053,0.9200913242009132
legacy_reused_holdout,1,bestCI,2,2,0.5,heterogeneity,dynasurv,3,ET+ANTI-CDK wo CT,POLYCT alone,438,0.622423792380037,0.2654702746726146,0.4477149760865101,0.7488584474885844
legacy_reused_holdout,1,bestCI,2,2,0.5,heterogeneity,dynasurv,3,MONOCT std alone,POLYCT alone,438,0.4943846439271896,-0.1503873549671607,0.0805011101336913,0.7146118721461188
legacy_reused_holdout,1,bestCI,2,2,0.5,heterogeneity,dynasurv,4,ET alone,MONOCT std alone,198,0.6657983653226304,0.1546972030353187,0.5112992888737083,0.7272727272727273
legacy_reused_holdout,1,bestCI,2,2,0.5,heterogeneity,dynasurv,4,ET alone,POLYCT alone,198,0.8596491834806147,-0.0600970698436717,0.6618849350055674,0.5505050505050505
legacy_reused_holdout,1,bestCI,2,2,0.5,heterogeneity,dynasurv,4,MONOCT std alone,POLYCT alone,198,0.5718839716524459,-0.2147942728789904,0.1505855269225695,0.6313131313131313
legacy_reused_holdout,1,bestCI,2,2,0.5,heterogeneity,dynasurv,all,ET alone,ET+ANTI-CDK wo CT,3255,0.5910466530672891,-0.4944737660321683,0.2117685484322995,0.748694316436252
legacy_reused_holdout,1,bestCI,2,2,0.5,heterogeneity,dynasurv,all,ET alone,MONOCT std alone,3453,1.1615349228996144,0.1419232599551502,0.908972550172108,0.7489139878366637
legacy_reused_holdout,1,bestCI,2,2,0.5,heterogeneity,dynasurv,all,ET alone,POLYCT alone,3453,1.6974590405112626,-0.0637892495421361,1.136891604545493,0.612221256878077
legacy_reused_holdout,1,bestCI,2,2,0.5,heterogeneity,dynasurv,all,ET+ANTI-CDK wo CT,MONOCT std alone,3255,1.1710593013031605,0.6356199935050225,0.7213941857247138,0.938863287250384
legacy_reused_holdout,1,bestCI,2,2,0.5,heterogeneity,dynasurv,all,ET+ANTI-CDK wo CT,POLYCT alone,3255,1.490967826544645,0.4304599230705865,0.95401733465799,0.762826420890937
legacy_reused_holdout,1,bestCI,2,2,0.5,heterogeneity,dynasurv,all,MONOCT std alone,POLYCT alone,3453,1.2692687006132817,-0.2057125094972863,0.227919104664804,0.719953663481031
legacy_reused_holdout,1,bestCI,2,2,0.5,heterogeneity,oracle,1,ET alone,ET+ANTI-CDK wo CT,1977,1.0796911537162735e-06,-0.5481681305272004,-5.327100157659359e-07,1.0
legacy_reused_holdout,1,bestCI,2,2,0.5,heterogeneity,oracle,1,ET alone,MONOCT std alone,1977,1.036840083520476e-06,0.1336970332925442,6.400693148556069e-07,1.0
legacy_reused_holdout,1,bestCI,2,2,0.5,heterogeneity,oracle,1,ET alone,POLYCT alone,1977,1.2646712417349274e-06,-0.0505621004973508,1.5188342845223748e-07,1.0
legacy_reused_holdout,1,bestCI,2,2,0.5,heterogeneity,oracle,1,ET+ANTI-CDK wo CT,MONOCT std alone,1977,1.4634314728933617e-06,0.6818651638197447,1.172779330538276e-06,1.0
legacy_reused_holdout,1,bestCI,2,2,0.5,heterogeneity,oracle,1,ET+ANTI-CDK wo CT,POLYCT alone,1977,1.5316589331257023e-06,0.4976060300298496,6.845934441002122e-07,1.0
legacy_reused_holdout,1,bestCI,2,2,0.5,heterogeneity,oracle,1,MONOCT std alone,POLYCT alone,1977,1.331804419066452e-06,-0.184259133789895,-4.881858864380639e-07,1.0
legacy_reused_holdout,1,bestCI,2,2,0.5,heterogeneity,oracle,2,ET alone,ET+ANTI-CDK wo CT,840,2.039454909936949e-06,-0.4591837985772289,-2.266591897504e-07,1.0
legacy_reused_holdout,1,bestCI,2,2,0.5,heterogeneity,oracle,2,ET alone,MONOCT std alone,840,1.8118673230693025e-06,0.1821852588096658,9.892614817319512e-07,1.0
legacy_reused_holdout,1,bestCI,2,2,0.5,heterogeneity,oracle,2,ET alone,POLYCT alone,840,2.3636438320442006e-06,-0.1007267177211089,4.949468347392738e-07,1.0
legacy_reused_holdout,1,bestCI,2,2,0.5,heterogeneity,oracle,2,ET+ANTI-CDK wo CT,MONOCT std alone,840,2.440453698320774e-06,0.6413690573868949,1.2159206713713289e-06,1.0
legacy_reused_holdout,1,bestCI,2,2,0.5,heterogeneity,oracle,2,ET+ANTI-CDK wo CT,POLYCT alone,840,2.763182765487817e-06,0.3584570808561201,7.216060244341627e-07,1.0
legacy_reused_holdout,1,bestCI,2,2,0.5,heterogeneity,oracle,2,MONOCT std alone,POLYCT alone,840,2.5605753637314466e-06,-0.2829119765307748,-4.94314646881655e-07,1.0
legacy_reused_holdout,1,bestCI,2,2,0.5,heterogeneity,oracle,3,ET alone,ET+ANTI-CDK wo CT,438,3.3611787936745463e-06,-0.3197929762044754,-2.2416800943281245e-07,1.0
legacy_reused_holdout,1,bestCI,2,2,0.5,heterogeneity,oracle,3,ET alone,MONOCT std alone,438,2.306578504800039e-06,0.0960646534352999,1.2689768179724448e-06,1.0
legacy_reused_holdout,1,bestCI,2,2,0.5,heterogeneity,oracle,3,ET alone,POLYCT alone,438,3.293496277393172e-06,-0.0543227015318608,6.485114060206243e-07,1.0
legacy_reused_holdout,1,bestCI,2,2,0.5,heterogeneity,oracle,3,ET+ANTI-CDK wo CT,MONOCT std alone,438,3.678568857725322e-06,0.4158576296397754,1.4931448274468906e-06,1.0
legacy_reused_holdout,1,bestCI,2,2,0.5,heterogeneity,oracle,3,ET+ANTI-CDK wo CT,POLYCT alone,438,3.462519570584217e-06,0.2654702746726146,8.726794155089479e-07,1.0
legacy_reused_holdout,1,bestCI,2,2,0.5,heterogeneity,oracle,3,MONOCT std alone,POLYCT alone,438,3.4144693702357582e-06,-0.1503873549671607,-6.204654119656983e-07,1.0
legacy_reused_holdout,1,bestCI,2,2,0.5,heterogeneity,oracle,4,ET alone,MONOCT std alone,198,2.7378567121173193e-06,0.1546972030353187,1.1855696031848328e-06,1.0
legacy_reused_holdout,1,bestCI,2,2,0.5,heterogeneity,oracle,4,ET alone,POLYCT alone,198,3.1977405693893793e-06,-0.0600970698436717,6.320593126246665e-07,1.0
legacy_reused_holdout,1,bestCI,2,2,0.5,heterogeneity,oracle,4,MONOCT std alone,POLYCT alone,198,3.74757419817956e-06,-0.2147942728789904,-5.535102905462885e-07,1.0
legacy_reused_holdout,1,bestCI,2,2,0.5,heterogeneity,oracle,all,ET alone,ET+ANTI-CDK wo CT,3255,1.8170421480206707e-06,-0.4944737660321683,-4.122110625615072e-07,1.0
legacy_reused_holdout,1,bestCI,2,2,0.5,heterogeneity,oracle,all,ET alone,MONOCT std alone,3453,1.5870737831930463e-06,0.1419232599551502,8.360704627508042e-07,1.0
legacy_reused_holdout,1,bestCI,2,2,0.5,heterogeneity,oracle,all,ET alone,POLYCT alone,3453,2.058415534792835e-06,-0.0637892495421361,3.258686993856674e-07,1.0
legacy_reused_holdout,1,bestCI,2,2,0.5,heterogeneity,oracle,all,ET+ANTI-CDK wo CT,MONOCT std alone,3255,2.158386518944384e-06,0.6356199935050225,1.2270216697141123e-06,1.0
legacy_reused_holdout,1,bestCI,2,2,0.5,heterogeneity,oracle,all,ET+ANTI-CDK wo CT,POLYCT alone,3255,2.237973580753664e-06,0.4304599230705865,7.194543419353217e-07,1.0
legacy_reused_holdout,1,bestCI,2,2,0.5,heterogeneity,oracle,all,MONOCT std alone,POLYCT alone,3453,2.2123937275080487e-06,-0.2057125094972863,-5.102017633928924e-07,1.0
legacy_reused_holdout,1,bestCI,2,2,0.5,heterogeneity,naive_km,1,ET alone,ET+ANTI-CDK wo CT,1977,0.6612596005681595,-0.5481681305272004,-0.6003709439043323,1.0
legacy_reused_holdout,1,bestCI,2,2,0.5,heterogeneity,naive_km,1,ET alone,MONOCT std alone,1977,1.554929198494586,0.1336970332925442,1.4780329245421495,0.7561962569549823
legacy_reused_holdout,1,bestCI,2,2,0.5,heterogeneity,naive_km,1,ET alone,POLYCT alone,1977,0.8570667790695718,-0.0505621004973508,0.2011232517043547,0.5609509357612544
legacy_reused_holdout,1,bestCI,2,2,0.5,heterogeneity,naive_km,1,ET+ANTI-CDK wo CT,MONOCT std alone,1977,2.11038661780787,0.6818651638197447,2.0784038684464807,0.9650986342943856
legacy_reused_holdout,1,bestCI,2,2,0.5,heterogeneity,naive_km,1,ET+ANTI-CDK wo CT,POLYCT alone,1977,1.1370733106586666,0.4976060300298496,0.8014941956086865,0.8007081436519979
legacy_reused_holdout,1,bestCI,2,2,0.5,heterogeneity,naive_km,1,MONOCT std alone,POLYCT alone,1977,1.5037460565222758,-0.184259133789895,-1.2769096728377949,0.6914516944865958
legacy_reused_holdout,1,bestCI,2,2,0.5,heterogeneity,naive_km,2,ET alone,ET+ANTI-CDK wo CT,840,1.0440371872162593,-0.4591837985772289,-0.9546005477509812,0.9452380952380952
legacy_reused_holdout,1,bestCI,2,2,0.5,heterogeneity,naive_km,2,ET alone,MONOCT std alone,840,1.3792097249286777,0.1821852588096658,1.3017299258472226,0.6964285714285714
legacy_reused_holdout,1,bestCI,2,2,0.5,heterogeneity,naive_km,2,ET alone,POLYCT alone,840,1.171068896890164,-0.1007267177211089,0.8743793961052153,0.5083333333333333
legacy_reused_holdout,1,bestCI,2,2,0.5,heterogeneity,naive_km,2,ET+ANTI-CDK wo CT,MONOCT std alone,840,2.3028830680154533,0.6413690573868949,2.256330473598205,0.9142857142857144
legacy_reused_holdout,1,bestCI,2,2,0.5,heterogeneity,naive_km,2,ET+ANTI-CDK wo CT,POLYCT alone,840,2.000009953721958,0.3584570808561201,1.8289799438561969,0.6880952380952381
legacy_reused_holdout,1,bestCI,2,2,0.5,heterogeneity,naive_km,2,MONOCT std alone,POLYCT alone,840,0.882904813121103,-0.2829119765307748,-0.4273505297420071,0.6904761904761905
legacy_reused_holdout,1,bestCI,2,2,0.5,heterogeneity,naive_km,3,ET alone,ET+ANTI-CDK wo CT,438,0.3383185975248556,-0.3197929762044754,0.1910814298271862,0.91324200913242
legacy_reused_holdout,1,bestCI,2,2,0.5,heterogeneity,naive_km,3,ET alone,MONOCT std alone,438,1.2225377609495345,0.0960646534352999,1.1940757714476409,0.6963470319634704
legacy_reused_holdout,1,bestCI,2,2,0.5,heterogeneity,naive_km,3,ET alone,POLYCT alone,438,1.0282376126845645,-0.0543227015318608,0.918232379059784,0.4748858447488584
legacy_reused_holdout,1,bestCI,2,2,0.5,heterogeneity,naive_km,3,ET+ANTI-CDK wo CT,MONOCT std alone,438,1.0381962691229685,0.4158576296397754,1.0029943416204543,0.9360730593607306
legacy_reused_holdout,1,bestCI,2,2,0.5,heterogeneity,naive_km,3,ET+ANTI-CDK wo CT,POLYCT alone,438,0.8679770992746121,0.2654702746726146,0.7271509492325978,0.7488584474885844
legacy_reused_holdout,1,bestCI,2,2,0.5,heterogeneity,naive_km,3,MONOCT std alone,POLYCT alone,438,0.5400325531082599,-0.1503873549671607,-0.2758433923878566,0.6986301369863014
legacy_reused_holdout,1,bestCI,2,2,0.5,heterogeneity,naive_km,4,ET alone,MONOCT std alone,198,0.7199776510769825,0.1546972030353187,0.6652186387076959,0.7121212121212122
legacy_reused_holdout,1,bestCI,2,2,0.5,heterogeneity,naive_km,4,ET alone,POLYCT alone,198,0.6280155318539863,-0.0600970698436717,0.4341449162273239,0.4696969696969697
legacy_reused_holdout,1,bestCI,2,2,0.5,heterogeneity,naive_km,4,MONOCT std alone,POLYCT alone,198,0.5034443778797677,-0.2147942728789904,-0.2310737224803723,0.7323232323232324
legacy_reused_holdout,1,bestCI,2,2,0.5,heterogeneity,naive_km,all,ET alone,ET+ANTI-CDK wo CT,3255,0.7498522444622363,-0.4944737660321683,-0.5852854531322216,0.9741935483870968
legacy_reused_holdout,1,bestCI,2,2,0.5,heterogeneity,naive_km,all,ET alone,MONOCT std alone,3453,1.4374833477965394,0.1419232599551502,1.3525174364001409,0.731537793223284
legacy_reused_holdout,1,bestCI,2,2,0.5,heterogeneity,naive_km,all,ET alone,POLYCT alone,3453,0.9544183290515084,-0.0637892495421361,0.4692284496927558,0.5320011584129742
legacy_reused_holdout,1,bestCI,2,2,0.5,heterogeneity,naive_km,all,ET+ANTI-CDK wo CT,MONOCT std alone,3255,2.053947803080654,0.6356199935050225,1.9796109269956823,0.9480798771121351
legacy_reused_holdout,1,bestCI,2,2,0.5,heterogeneity,naive_km,all,ET+ANTI-CDK wo CT,POLYCT alone,3255,1.3852580931557088,0.4304599230705865,1.0566480163813996,0.7646697388632873
legacy_reused_holdout,1,bestCI,2,2,0.5,heterogeneity,naive_km,all,MONOCT std alone,POLYCT alone,3453,1.2392852333946995,-0.2057125094972863,-0.8832889867073853,0.6944685780480742
legacy_reused_holdout,1,bestCI,0,0,2.0,heterogeneity,dynasurv,1,ET alone,ET+ANTI-CDK wo CT,1977,0.5507135835104084,-0.4385031843561355,0.0026250863451187,0.9367728882144664
legacy_reused_holdout,1,bestCI,0,0,2.0,heterogeneity,dynasurv,1,ET alone,MONOCT std alone,1977,2.31159842009764,-0.398649767265212,1.2470012458418722,0.8204350025290845
legacy_reused_holdout,1,bestCI,0,0,2.0,heterogeneity,dynasurv,1,ET alone,POLYCT alone,1977,2.754601216342648,-0.0208779454395822,1.6525537848637155,0.7698533131006575
legacy_reused_holdout,1,bestCI,0,0,2.0,heterogeneity,dynasurv,1,ET+ANTI-CDK wo CT,MONOCT std alone,1977,2.3270308058599274,0.0398534170909235,1.2443762191013985,0.8184117349519474
legacy_reused_holdout,1,bestCI,0,0,2.0,heterogeneity,dynasurv,1,ET+ANTI-CDK wo CT,POLYCT alone,1977,2.8143296838180256,0.4176252389165533,1.6499285197046625,0.7885685381891755
legacy_reused_holdout,1,bestCI,0,0,2.0,heterogeneity,dynasurv,1,MONOCT std alone,POLYCT alone,1977,2.1661878213239834,0.3777718218256297,0.4055525986264882,0.8624178047546788
legacy_reused_holdout,1,bestCI,0,0,2.0,heterogeneity,dynasurv,2,ET alone,ET+ANTI-CDK wo CT,840,1.8303046131285448,-0.0201725895754456,-0.688609129632318,0.4678571428571428
legacy_reused_holdout,1,bestCI,0,0,2.0,heterogeneity,dynasurv,2,ET alone,MONOCT std alone,840,1.775007801960386,-0.2132098632354841,0.5760684566993819,0.7285714285714285
legacy_reused_holdout,1,bestCI,0,0,2.0,heterogeneity,dynasurv,2,ET alone,POLYCT alone,840,2.2681714882281043,-0.2465182234137375,0.4919089366286118,0.7857142857142857
legacy_reused_holdout,1,bestCI,0,0,2.0,heterogeneity,dynasurv,2,ET+ANTI-CDK wo CT,MONOCT std alone,840,2.1392822530464315,-0.1930372736600385,1.2646775267270551,0.7380952380952381
legacy_reused_holdout,1,bestCI,0,0,2.0,heterogeneity,dynasurv,2,ET+ANTI-CDK wo CT,POLYCT alone,840,2.539385002975538,-0.2263456338382918,1.1805180662609298,0.763095238095238
legacy_reused_holdout,1,bestCI,0,0,2.0,heterogeneity,dynasurv,2,MONOCT std alone,POLYCT alone,840,1.8754626088446544,-0.0333083601782534,-0.0841595126201893,0.8369047619047619
legacy_reused_holdout,1,bestCI,0,0,2.0,heterogeneity,dynasurv,3,ET alone,ET+ANTI-CDK wo CT,438,1.181639916821979,-0.1683507036738928,-0.4753975201076928,0.684931506849315
legacy_reused_holdout,1,bestCI,0,0,2.0,heterogeneity,dynasurv,3,ET alone,MONOCT std alone,438,1.2090132887273266,-0.1676519668766303,0.0185722268291755,0.6735159817351598
legacy_reused_holdout,1,bestCI,0,0,2.0,heterogeneity,dynasurv,3,ET alone,POLYCT alone,438,1.4716357788295196,-0.1247880182472703,-0.2608994819911482,0.7968036529680366
legacy_reused_holdout,1,bestCI,0,0,2.0,heterogeneity,dynasurv,3,ET+ANTI-CDK wo CT,MONOCT std alone,438,1.174531071235352,0.0006987367972624,0.4939698065415132,0.7146118721461188
legacy_reused_holdout,1,bestCI,0,0,2.0,heterogeneity,dynasurv,3,ET+ANTI-CDK wo CT,POLYCT alone,438,1.4851491492033266,0.0435626854266224,0.2144981275235118,0.817351598173516
legacy_reused_holdout,1,bestCI,0,0,2.0,heterogeneity,dynasurv,3,MONOCT std alone,POLYCT alone,438,1.4623754767824366,0.0428639486293599,-0.2794717088203237,0.7831050228310502
legacy_reused_holdout,1,bestCI,0,0,2.0,heterogeneity,dynasurv,4,MONOCT std alone,POLYCT alone,198,1.5048014199011537,-0.1477326428154454,-0.1232583249351038,0.7171717171717171
legacy_reused_holdout,1,bestCI,0,0,2.0,heterogeneity,dynasurv,all,ET alone,ET+ANTI-CDK wo CT,3255,1.1120310426275268,-0.2941945864591765,-0.2400817201700044,0.7818740399385561
legacy_reused_holdout,1,bestCI,0,0,2.0,heterogeneity,dynasurv,all,ET alone,MONOCT std alone,3255,2.0628267871946577,-0.3197107331776021,0.9085572378658652,0.7769585253456222
legacy_reused_holdout,1,bestCI,0,0,2.0,heterogeneity,dynasurv,all,ET alone,POLYCT alone,3255,2.495537219449739,-0.0930900638383711,1.0955540006440962,0.7775729646697389
legacy_reused_holdout,1,bestCI,0,0,2.0,heterogeneity,dynasurv,all,ET+ANTI-CDK wo CT,MONOCT std alone,3255,2.1576935718403236,-0.0255161467184256,1.1486389580358696,0.7837173579109062
legacy_reused_holdout,1,bestCI,0,0,2.0,heterogeneity,dynasurv,all,ET+ANTI-CDK wo CT,POLYCT alone,3255,2.602228475248966,0.2011045226208053,1.3356357804187455,0.7858678955453149
legacy_reused_holdout,1,bestCI,0,0,2.0,heterogeneity,dynasurv,all,MONOCT std alone,POLYCT alone,3453,1.9857904772577264,0.2051547105188933,0.1692063872937592,0.8378221836084564
legacy_reused_holdout,1,bestCI,0,0,2.0,heterogeneity,oracle,1,ET alone,ET+ANTI-CDK wo CT,1977,1.2789665628279196e-06,-0.4385031843561355,-5.582176557106244e-07,1.0
legacy_reused_holdout,1,bestCI,0,0,2.0,heterogeneity,oracle,1,ET alone,MONOCT std alone,1977,3.806169270786858e-06,-0.398649767265212,1.7827129323300106e-06,1.0
legacy_reused_holdout,1,bestCI,0,0,2.0,heterogeneity,oracle,1,ET alone,POLYCT alone,1977,5.286584915331588e-06,-0.0208779454395822,1.3835522517935408e-07,1.0
legacy_reused_holdout,1,bestCI,0,0,2.0,heterogeneity,oracle,1,ET+ANTI-CDK wo CT,MONOCT std alone,1977,3.92394466567203e-06,0.0398534170909235,2.3409305879990017e-06,1.0
legacy_reused_holdout,1,bestCI,0,0,2.0,heterogeneity,oracle,1,ET+ANTI-CDK wo CT,POLYCT alone,1977,5.424203649394614e-06,0.4176252389165533,6.965728809316118e-07,1.0
legacy_reused_holdout,1,bestCI,0,0,2.0,heterogeneity,oracle,1,MONOCT std alone,POLYCT alone,1977,5.077174338219015e-06,0.3777718218256297,-1.644357707053512e-06,1.0
legacy_reused_holdout,1,bestCI,0,0,2.0,heterogeneity,oracle,2,ET alone,ET+ANTI-CDK wo CT,840,6.952636412060029e-06,-0.0201725895754456,-1.354436589127983e-06,1.0
legacy_reused_holdout,1,bestCI,0,0,2.0,heterogeneity,oracle,2,ET alone,MONOCT std alone,840,8.017151829647675e-06,-0.2132098632354841,4.5974162533324314e-06,1.0
legacy_reused_holdout,1,bestCI,0,0,2.0,heterogeneity,oracle,2,ET alone,POLYCT alone,840,8.935541723656501e-06,-0.2465182234137375,9.370470077929572e-07,1.0
legacy_reused_holdout,1,bestCI,0,0,2.0,heterogeneity,oracle,2,ET+ANTI-CDK wo CT,MONOCT std alone,840,9.9418079967168e-06,-0.1930372736600385,5.951852842439598e-06,1.0
legacy_reused_holdout,1,bestCI,0,0,2.0,heterogeneity,oracle,2,ET+ANTI-CDK wo CT,POLYCT alone,840,1.0773855634578316e-05,-0.2263456338382918,2.2914835968446123e-06,1.0
legacy_reused_holdout,1,bestCI,0,0,2.0,heterogeneity,oracle,2,MONOCT std alone,POLYCT alone,840,9.493656065727448e-06,-0.0333083601782534,-3.660369245553352e-06,1.0
legacy_reused_holdout,1,bestCI,0,0,2.0,heterogeneity,oracle,3,ET alone,ET+ANTI-CDK wo CT,438,1.128189331552806e-05,-0.1683507036738928,-1.7076083888567517e-06,1.0
legacy_reused_holdout,1,bestCI,0,0,2.0,heterogeneity,oracle,3,ET alone,MONOCT std alone,438,1.1640919706252396e-05,-0.1676519668766303,5.3975428647434764e-06,1.0
legacy_reused_holdout,1,bestCI,0,0,2.0,heterogeneity,oracle,3,ET alone,POLYCT alone,438,1.6103460205013364e-05,-0.1247880182472703,-6.411027490826894e-08,1.0
legacy_reused_holdout,1,bestCI,0,0,2.0,heterogeneity,oracle,3,ET+ANTI-CDK wo CT,MONOCT std alone,438,1.5431271146964123e-05,0.0006987367972624,7.1051512536717855e-06,1.0
legacy_reused_holdout,1,bestCI,0,0,2.0,heterogeneity,oracle,3,ET+ANTI-CDK wo CT,POLYCT alone,438,1.678694965019726e-05,0.0435626854266224,1.6434981139623606e-06,1.0
legacy_reused_holdout,1,bestCI,0,0,2.0,heterogeneity,oracle,3,MONOCT std alone,POLYCT alone,438,1.816851790450817e-05,0.0428639486293599,-5.461653139658684e-06,1.0
legacy_reused_holdout,1,bestCI,0,0,2.0,heterogeneity,oracle,4,MONOCT std alone,POLYCT alone,198,1.7928192659158824e-05,-0.1477326428154454,-5.334120099093065e-06,1.0
legacy_reused_holdout,1,bestCI,0,0,2.0,heterogeneity,oracle,all,ET alone,ET+ANTI-CDK wo CT,3255,5.531307523375792e-06,-0.2941945864591765,-9.183580689797745e-07,1.0
legacy_reused_holdout,1,bestCI,0,0,2.0,heterogeneity,oracle,all,ET alone,MONOCT std alone,3255,6.6045936758236255e-06,-0.3197107331776021,2.995507494552019e-06,1.0
legacy_reused_holdout,1,bestCI,0,0,2.0,heterogeneity,oracle,all,ET alone,POLYCT alone,3255,8.513201533443284e-06,-0.0930900638383711,3.172250280375488e-07,1.0
legacy_reused_holdout,1,bestCI,0,0,2.0,heterogeneity,oracle,all,ET+ANTI-CDK wo CT,MONOCT std alone,3255,8.179329010326459e-06,-0.0255161467184256,3.9138655635109765e-06,1.0
legacy_reused_holdout,1,bestCI,0,0,2.0,heterogeneity,oracle,all,ET+ANTI-CDK wo CT,POLYCT alone,3255,9.25986352189496e-06,0.2011045226208053,1.235583097031201e-06,1.0
legacy_reused_holdout,1,bestCI,0,0,2.0,heterogeneity,oracle,all,MONOCT std alone,POLYCT alone,3453,9.848168280882232e-06,0.2051547105188933,-2.8305720266852408e-06,1.0
legacy_reused_holdout,1,bestCI,0,0,2.0,heterogeneity,naive_km,1,ET alone,ET+ANTI-CDK wo CT,1977,1.0542922854986116,-0.4385031843561355,-1.010251265820931,1.0
legacy_reused_holdout,1,bestCI,0,0,2.0,heterogeneity,naive_km,1,ET alone,MONOCT std alone,1977,2.271127948361956,-0.398649767265212,0.598432469793913,0.6241780475467881
legacy_reused_holdout,1,bestCI,0,0,2.0,heterogeneity,naive_km,1,ET alone,POLYCT alone,1977,3.6024857468676887,-0.0208779454395822,-1.415275096537468,0.4390490642387455
legacy_reused_holdout,1,bestCI,0,0,2.0,heterogeneity,naive_km,1,ET+ANTI-CDK wo CT,MONOCT std alone,1977,2.5847254527206505,0.0398534170909235,1.6086837356148438,0.6793120890237734
legacy_reused_holdout,1,bestCI,0,0,2.0,heterogeneity,naive_km,1,ET+ANTI-CDK wo CT,POLYCT alone,1977,3.29903173782455,0.4176252389165533,-0.4050238307165372,0.6307536671724836
legacy_reused_holdout,1,bestCI,0,0,2.0,heterogeneity,naive_km,1,MONOCT std alone,POLYCT alone,1977,3.734625980441411,0.3777718218256297,-2.0137075663313806,0.5599393019726859
legacy_reused_holdout,1,bestCI,0,0,2.0,heterogeneity,naive_km,2,ET alone,ET+ANTI-CDK wo CT,840,2.2880542130614243,-0.0201725895754456,-1.5322910329821822,0.4404761904761904
legacy_reused_holdout,1,bestCI,0,0,2.0,heterogeneity,naive_km,2,ET alone,MONOCT std alone,840,2.4409325260835666,-0.2132098632354841,1.3447620376964304,0.5357142857142857
legacy_reused_holdout,1,bestCI,0,0,2.0,heterogeneity,naive_km,2,ET alone,POLYCT alone,840,3.1727620997185193,-0.2465182234137375,-0.5460319053201699,0.4916666666666666
legacy_reused_holdout,1,bestCI,0,0,2.0,heterogeneity,naive_km,2,ET+ANTI-CDK wo CT,MONOCT std alone,840,3.7120474110628554,-0.1930372736600385,2.877053070678613,0.5892857142857143
legacy_reused_holdout,1,bestCI,0,0,2.0,heterogeneity,naive_km,2,ET+ANTI-CDK wo CT,POLYCT alone,840,3.593176707039353,-0.2263456338382918,0.9862591276620124,0.5142857142857142
legacy_reused_holdout,1,bestCI,0,0,2.0,heterogeneity,naive_km,2,MONOCT std alone,POLYCT alone,840,3.555826105418451,-0.0333083601782534,-1.8907939430166003,0.5833333333333334
legacy_reused_holdout,1,bestCI,0,0,2.0,heterogeneity,naive_km,3,ET alone,ET+ANTI-CDK wo CT,438,1.2691461684107417,-0.1683507036738928,-0.6880253263029237,0.680365296803653
legacy_reused_holdout,1,bestCI,0,0,2.0,heterogeneity,naive_km,3,ET alone,MONOCT std alone,438,1.4616453689270412,-0.1676519668766303,0.8041902941888929,0.5182648401826484
legacy_reused_holdout,1,bestCI,0,0,2.0,heterogeneity,naive_km,3,ET alone,POLYCT alone,438,1.9241929578984884,-0.1247880182472703,0.1606301725043971,0.4748858447488584
legacy_reused_holdout,1,bestCI,0,0,2.0,heterogeneity,naive_km,3,ET+ANTI-CDK wo CT,MONOCT std alone,438,2.0065582440093097,0.0006987367972624,1.4922156204918169,0.5958904109589042
legacy_reused_holdout,1,bestCI,0,0,2.0,heterogeneity,naive_km,3,ET+ANTI-CDK wo CT,POLYCT alone,438,2.220037775870654,0.0435626854266224,0.8486554988073209,0.5068493150684932
legacy_reused_holdout,1,bestCI,0,0,2.0,heterogeneity,naive_km,3,MONOCT std alone,POLYCT alone,438,2.004928813740228,0.0428639486293599,-0.6435601216844957,0.5753424657534246
legacy_reused_holdout,1,bestCI,0,0,2.0,heterogeneity,naive_km,4,MONOCT std alone,POLYCT alone,198,1.8304161962316765,-0.1477326428154454,-0.1276459777469683,0.5656565656565656
legacy_reused_holdout,1,bestCI,0,0,2.0,heterogeneity,naive_km,all,ET alone,ET+ANTI-CDK wo CT,3255,1.4976234290071078,-0.2941945864591765,-1.1016117705541304,0.8125960061443932
legacy_reused_holdout,1,bestCI,0,0,2.0,heterogeneity,naive_km,all,ET alone,MONOCT std alone,3255,2.226636921412126,-0.3197107331776021,0.8187208765905691,0.5870967741935483
legacy_reused_holdout,1,bestCI,0,0,2.0,heterogeneity,naive_km,all,ET alone,POLYCT alone,3255,3.313372370612841,-0.0930900638383711,-0.9788969741218408,0.4574500768049155
legacy_reused_holdout,1,bestCI,0,0,2.0,heterogeneity,naive_km,all,ET+ANTI-CDK wo CT,MONOCT std alone,3255,2.8557791842461846,-0.0255161467184256,1.9203326471446995,0.6448540706605222
legacy_reused_holdout,1,bestCI,0,0,2.0,heterogeneity,naive_km,all,ET+ANTI-CDK wo CT,POLYCT alone,3255,3.256602994443514,0.2011045226208053,0.1227147964322897,0.5840245775729647
legacy_reused_holdout,1,bestCI,0,0,2.0,heterogeneity,naive_km,all,MONOCT std alone,POLYCT alone,3453,3.429779496787207,0.2051547105188933,-1.7018592550428011,0.5679119606139589
legacy_reused_holdout,1,bestCI,1,1,2.0,heterogeneity,dynasurv,1,ET alone,ET+ANTI-CDK wo CT,1977,0.8733057887135768,-0.4332002121459991,-0.2811668199050873,0.9443601416287304
legacy_reused_holdout,1,bestCI,1,1,2.0,heterogeneity,dynasurv,1,ET alone,MONOCT std alone,1977,2.5854635240237713,-0.3899611164502711,1.726449840205154,0.8108244815376834
legacy_reused_holdout,1,bestCI,1,1,2.0,heterogeneity,dynasurv,1,ET alone,POLYCT alone,1977,5.087920746567907,-0.0366989046589385,3.851336327220584,0.7303995953464846
legacy_reused_holdout,1,bestCI,1,1,2.0,heterogeneity,dynasurv,1,ET+ANTI-CDK wo CT,MONOCT std alone,1977,2.6382206835613977,0.0432390956957279,2.0076167793195308,0.7824987354577643
legacy_reused_holdout,1,bestCI,1,1,2.0,heterogeneity,dynasurv,1,ET+ANTI-CDK wo CT,POLYCT alone,1977,5.420562084557898,0.3965013074870605,4.132502789497803,0.7541729893778453
legacy_reused_holdout,1,bestCI,1,1,2.0,heterogeneity,dynasurv,1,MONOCT std alone,POLYCT alone,1977,4.452313165484348,0.3532622117913325,2.1248864870154303,0.7546788062721295
legacy_reused_holdout,1,bestCI,1,1,2.0,heterogeneity,dynasurv,2,ET alone,ET+ANTI-CDK wo CT,840,2.219289821128801,-0.0191476551110664,-1.3233836683218558,0.4392857142857143
legacy_reused_holdout,1,bestCI,1,1,2.0,heterogeneity,dynasurv,2,ET alone,MONOCT std alone,840,1.760421045085,-0.2316096917394308,0.6187655822042135,0.7583333333333333
legacy_reused_holdout,1,bestCI,1,1,2.0,heterogeneity,dynasurv,2,ET alone,POLYCT alone,840,2.4487880552681265,-0.2715014595665408,0.6440637488045169,0.7488095238095238
legacy_reused_holdout,1,bestCI,1,1,2.0,heterogeneity,dynasurv,2,ET+ANTI-CDK wo CT,MONOCT std alone,840,2.7695127620611895,-0.2124620366283643,1.9421492505260691,0.6619047619047619
legacy_reused_holdout,1,bestCI,1,1,2.0,heterogeneity,dynasurv,2,ET+ANTI-CDK wo CT,POLYCT alone,840,3.3551356473753513,-0.2523538044554743,1.9674474171263727,0.6928571428571428
legacy_reused_holdout,1,bestCI,1,1,2.0,heterogeneity,dynasurv,2,MONOCT std alone,POLYCT alone,840,1.9387560365771457,-0.0398917678271099,0.0252982485566899,0.8178571428571428
legacy_reused_holdout,1,bestCI,1,1,2.0,heterogeneity,dynasurv,3,ET alone,ET+ANTI-CDK wo CT,438,1.2876831025252211,-0.1657558635064227,-0.6433752223662274,0.6643835616438356
legacy_reused_holdout,1,bestCI,1,1,2.0,heterogeneity,dynasurv,3,ET alone,MONOCT std alone,438,1.2320196212276584,-0.1814131224646185,0.470904597093067,0.678082191780822
legacy_reused_holdout,1,bestCI,1,1,2.0,heterogeneity,dynasurv,3,ET alone,POLYCT alone,438,1.6496599029136263,-0.0991521723252053,0.2171098090391869,0.7009132420091324
legacy_reused_holdout,1,bestCI,1,1,2.0,heterogeneity,dynasurv,3,ET+ANTI-CDK wo CT,MONOCT std alone,438,1.666941567058884,-0.0156572589581957,1.114279938668584,0.6552511415525114
legacy_reused_holdout,1,bestCI,1,1,2.0,heterogeneity,dynasurv,3,ET+ANTI-CDK wo CT,POLYCT alone,438,1.9715018955179624,0.0666036911812175,0.8604851059112202,0.7100456621004566
legacy_reused_holdout,1,bestCI,1,1,2.0,heterogeneity,dynasurv,3,MONOCT std alone,POLYCT alone,438,1.3093866797737097,0.0822609501394132,-0.25379478805388,0.8082191780821918
legacy_reused_holdout,1,bestCI,1,1,2.0,heterogeneity,dynasurv,4,MONOCT std alone,POLYCT alone,198,1.426119304808492,-0.1292723610494751,-0.1724184558297972,0.7777777777777778
legacy_reused_holdout,1,bestCI,1,1,2.0,heterogeneity,dynasurv,all,ET alone,ET+ANTI-CDK wo CT,3255,1.3990618380747686,-0.2903600362278799,-0.5988656255267282,0.7763440860215054
legacy_reused_holdout,1,bestCI,1,1,2.0,heterogeneity,dynasurv,all,ET alone,MONOCT std alone,3255,2.250349292128508,-0.3210335532788974,1.271646873152707,0.7794162826420891
legacy_reused_holdout,1,bestCI,1,1,2.0,heterogeneity,dynasurv,all,ET alone,POLYCT alone,3255,4.199610538130788,-0.1056969622196791,2.534623430115187,0.7311827956989247
legacy_reused_holdout,1,bestCI,1,1,2.0,heterogeneity,dynasurv,all,ET+ANTI-CDK wo CT,MONOCT std alone,3255,2.5652989034824025,-0.0306735170510174,1.8705124986794357,0.7342549923195084
legacy_reused_holdout,1,bestCI,1,1,2.0,heterogeneity,dynasurv,all,ET+ANTI-CDK wo CT,POLYCT alone,3255,4.6123937058542905,0.1846630740082007,3.1334888768279807,0.7324116743471583
legacy_reused_holdout,1,bestCI,1,1,2.0,heterogeneity,dynasurv,all,MONOCT std alone,POLYCT alone,3453,3.549381425290269,0.1955762167419516,1.1806689242874062,0.7781639154358528
legacy_reused_holdout,1,bestCI,1,1,2.0,heterogeneity,oracle,1,ET alone,ET+ANTI-CDK wo CT,1977,1.2652457330387166e-06,-0.4332002121459991,-5.513933816758687e-07,1.0
legacy_reused_holdout,1,bestCI,1,1,2.0,heterogeneity,oracle,1,ET alone,MONOCT std alone,1977,3.8009546336532934e-06,-0.3899611164502711,1.7615217803856886e-06,1.0
legacy_reused_holdout,1,bestCI,1,1,2.0,heterogeneity,oracle,1,ET alone,POLYCT alone,1977,5.122737352244759e-06,-0.0366989046589385,1.1839909189875765e-07,1.0
legacy_reused_holdout,1,bestCI,1,1,2.0,heterogeneity,oracle,1,ET+ANTI-CDK wo CT,MONOCT std alone,1977,3.901750865820349e-06,0.0432390956957279,2.312915162089313e-06,1.0
legacy_reused_holdout,1,bestCI,1,1,2.0,heterogeneity,oracle,1,ET+ANTI-CDK wo CT,POLYCT alone,1977,5.300015468767875e-06,0.3965013074870605,6.69792473595443e-07,1.0
legacy_reused_holdout,1,bestCI,1,1,2.0,heterogeneity,oracle,1,MONOCT std alone,POLYCT alone,1977,5.066231035037306e-06,0.3532622117913325,-1.6431226884106032e-06,1.0
legacy_reused_holdout,1,bestCI,1,1,2.0,heterogeneity,oracle,2,ET alone,ET+ANTI-CDK wo CT,840,6.753611349716734e-06,-0.0191476551110664,-1.611720840431069e-06,1.0
legacy_reused_holdout,1,bestCI,1,1,2.0,heterogeneity,oracle,2,ET alone,MONOCT std alone,840,7.889748886934203e-06,-0.2316096917394308,4.569033354773211e-06,1.0
legacy_reused_holdout,1,bestCI,1,1,2.0,heterogeneity,oracle,2,ET alone,POLYCT alone,840,9.463370007648e-06,-0.2715014595665408,9.846126886592366e-07,1.0
legacy_reused_holdout,1,bestCI,1,1,2.0,heterogeneity,oracle,2,ET+ANTI-CDK wo CT,MONOCT std alone,840,1.0122582656028398e-05,-0.2124620366283643,6.180754195173055e-06,1.0
legacy_reused_holdout,1,bestCI,1,1,2.0,heterogeneity,oracle,2,ET+ANTI-CDK wo CT,POLYCT alone,840,1.1098498032844504e-05,-0.2523538044554743,2.5963335291145917e-06,1.0
legacy_reused_holdout,1,bestCI,1,1,2.0,heterogeneity,oracle,2,MONOCT std alone,POLYCT alone,840,9.975722135538602e-06,-0.0398917678271099,-3.5844206661139744e-06,1.0
legacy_reused_holdout,1,bestCI,1,1,2.0,heterogeneity,oracle,3,ET alone,ET+ANTI-CDK wo CT,438,1.0818013071377363e-05,-0.1657558635064227,-1.4802487533494002e-06,1.0
legacy_reused_holdout,1,bestCI,1,1,2.0,heterogeneity,oracle,3,ET alone,MONOCT std alone,438,1.1031292624432237e-05,-0.1814131224646185,5.776278065749985e-06,1.0
legacy_reused_holdout,1,bestCI,1,1,2.0,heterogeneity,oracle,3,ET alone,POLYCT alone,438,1.4744936787627843e-05,-0.0991521723252053,5.375078085539942e-07,1.0
legacy_reused_holdout,1,bestCI,1,1,2.0,heterogeneity,oracle,3,ET+ANTI-CDK wo CT,MONOCT std alone,438,1.4148274880663205e-05,-0.0156572589581957,7.2565268190195875e-06,1.0
legacy_reused_holdout,1,bestCI,1,1,2.0,heterogeneity,oracle,3,ET+ANTI-CDK wo CT,POLYCT alone,438,1.5728003003780485e-05,0.0666036911812175,2.0177565618340054e-06,1.0
legacy_reused_holdout,1,bestCI,1,1,2.0,heterogeneity,oracle,3,MONOCT std alone,POLYCT alone,438,1.4626178284655089e-05,0.0822609501394132,-5.238770257140479e-06,1.0
legacy_reused_holdout,1,bestCI,1,1,2.0,heterogeneity,oracle,4,MONOCT std alone,POLYCT alone,198,1.7194492286263673e-05,-0.1292723610494751,-4.778433780106006e-06,1.0
legacy_reused_holdout,1,bestCI,1,1,2.0,heterogeneity,oracle,all,ET alone,ET+ANTI-CDK wo CT,3255,5.337667725066251e-06,-0.2903600362278799,-9.500151076924368e-07,1.0
legacy_reused_holdout,1,bestCI,1,1,2.0,heterogeneity,oracle,all,ET alone,MONOCT std alone,3255,6.419790481704937e-06,-0.3210335532788974,3.0262753826781896e-06,1.0
legacy_reused_holdout,1,bestCI,1,1,2.0,heterogeneity,oracle,all,ET alone,POLYCT alone,3255,8.264721106945977e-06,-0.1056969622196791,3.983342805602419e-07,1.0
legacy_reused_holdout,1,bestCI,1,1,2.0,heterogeneity,oracle,all,ET+ANTI-CDK wo CT,MONOCT std alone,3255,7.913613056982633e-06,-0.0306735170510174,3.976290490335932e-06,1.0
legacy_reused_holdout,1,bestCI,1,1,2.0,heterogeneity,oracle,all,ET+ANTI-CDK wo CT,POLYCT alone,3255,9.06285851888175e-06,0.1846630740082007,1.3483493882804345e-06,1.0
legacy_reused_holdout,1,bestCI,1,1,2.0,heterogeneity,oracle,all,MONOCT std alone,POLYCT alone,3453,9.110031269402128e-06,0.1955762167419516,-2.7512534537532662e-06,1.0
legacy_reused_holdout,1,bestCI,1,1,2.0,heterogeneity,naive_km,1,ET alone,ET+ANTI-CDK wo CT,1977,0.9577679692659512,-0.4332002121459991,-0.9118389979950752,1.0
legacy_reused_holdout,1,bestCI,1,1,2.0,heterogeneity,naive_km,1,ET alone,MONOCT std alone,1977,2.4337935982519476,-0.3899611164502711,1.0738586122319322,0.6241780475467881
legacy_reused_holdout,1,bestCI,1,1,2.0,heterogeneity,naive_km,1,ET alone,POLYCT alone,1977,3.3753184477093,-0.0366989046589385,-0.8240607022057584,0.4390490642387455
legacy_reused_holdout,1,bestCI,1,1,2.0,heterogeneity,naive_km,1,ET+ANTI-CDK wo CT,MONOCT std alone,1977,2.8278180982179446,0.0432390956957279,1.9856976102270072,0.6793120890237734
legacy_reused_holdout,1,bestCI,1,1,2.0,heterogeneity,naive_km,1,ET+ANTI-CDK wo CT,POLYCT alone,1977,3.2234756490753345,0.3965013074870605,0.0877782957893167,0.6307536671724836
legacy_reused_holdout,1,bestCI,1,1,2.0,heterogeneity,naive_km,1,MONOCT std alone,POLYCT alone,1977,3.644015104118092,0.3532622117913325,-1.897919314437691,0.5599393019726859
legacy_reused_holdout,1,bestCI,1,1,2.0,heterogeneity,naive_km,2,ET alone,ET+ANTI-CDK wo CT,840,2.7778614882698003,-0.0191476551110664,-2.2041621808944587,0.4404761904761904
legacy_reused_holdout,1,bestCI,1,1,2.0,heterogeneity,naive_km,2,ET alone,MONOCT std alone,840,2.2187241836151603,-0.2316096917394308,0.8838842064041419,0.5357142857142857
legacy_reused_holdout,1,bestCI,1,1,2.0,heterogeneity,naive_km,2,ET alone,POLYCT alone,840,3.1861003482628325,-0.2715014595665408,-0.8687963478849519,0.4916666666666666
legacy_reused_holdout,1,bestCI,1,1,2.0,heterogeneity,naive_km,2,ET+ANTI-CDK wo CT,MONOCT std alone,840,3.8693731628727193,-0.2124620366283643,3.088046387298601,0.5892857142857143
legacy_reused_holdout,1,bestCI,1,1,2.0,heterogeneity,naive_km,2,ET+ANTI-CDK wo CT,POLYCT alone,840,3.71369036046883,-0.2523538044554743,1.3353658330095064,0.5142857142857142
legacy_reused_holdout,1,bestCI,1,1,2.0,heterogeneity,naive_km,2,MONOCT std alone,POLYCT alone,840,3.471414611531688,-0.0398917678271099,-1.752680554289094,0.5833333333333334
legacy_reused_holdout,1,bestCI,1,1,2.0,heterogeneity,naive_km,3,ET alone,ET+ANTI-CDK wo CT,438,1.7451519637645172,-0.1657558635064227,-1.3788667576397555,0.680365296803653
legacy_reused_holdout,1,bestCI,1,1,2.0,heterogeneity,naive_km,3,ET alone,MONOCT std alone,438,1.2632865662088004,-0.1814131224646185,0.257037349244063,0.5182648401826484
legacy_reused_holdout,1,bestCI,1,1,2.0,heterogeneity,naive_km,3,ET alone,POLYCT alone,438,2.004585587957392,-0.0991521723252053,-0.5682519983011284,0.5251141552511416
legacy_reused_holdout,1,bestCI,1,1,2.0,heterogeneity,naive_km,3,ET+ANTI-CDK wo CT,MONOCT std alone,438,2.124438110168196,-0.0156572589581957,1.6359041068838185,0.5958904109589042
legacy_reused_holdout,1,bestCI,1,1,2.0,heterogeneity,naive_km,3,ET+ANTI-CDK wo CT,POLYCT alone,438,2.2125125246024697,0.0666036911812175,0.810614759338627,0.5068493150684932
legacy_reused_holdout,1,bestCI,1,1,2.0,heterogeneity,naive_km,3,MONOCT std alone,POLYCT alone,438,2.0855021407848287,0.0822609501394132,-0.8252893475451915,0.5753424657534246
legacy_reused_holdout,1,bestCI,1,1,2.0,heterogeneity,naive_km,4,MONOCT std alone,POLYCT alone,198,1.8973245175545288,-0.1292723610494751,-0.6906788631896532,0.5656565656565656
legacy_reused_holdout,1,bestCI,1,1,2.0,heterogeneity,naive_km,all,ET alone,ET+ANTI-CDK wo CT,3255,1.719979817076125,-0.2903600362278799,-1.308186043266919,0.8125960061443932
legacy_reused_holdout,1,bestCI,1,1,2.0,heterogeneity,naive_km,all,ET alone,MONOCT std alone,3255,2.2545101185684726,-0.3210335532788974,0.9149196831738584,0.5870967741935483
legacy_reused_holdout,1,bestCI,1,1,2.0,heterogeneity,naive_km,all,ET alone,POLYCT alone,3255,3.174911073238736,-0.1056969622196791,-0.8011831999201346,0.4642089093701997
legacy_reused_holdout,1,bestCI,1,1,2.0,heterogeneity,naive_km,all,ET+ANTI-CDK wo CT,MONOCT std alone,3255,3.054170850187499,-0.0306735170510174,2.2231057264407768,0.6448540706605222
legacy_reused_holdout,1,bestCI,1,1,2.0,heterogeneity,naive_km,all,ET+ANTI-CDK wo CT,POLYCT alone,3255,3.2448262806190873,0.1846630740082007,0.5070028433467845,0.5840245775729647
legacy_reused_holdout,1,bestCI,1,1,2.0,heterogeneity,naive_km,all,MONOCT std alone,POLYCT alone,3453,3.3604164677591384,0.1955762167419516,-1.6573035909013898,0.5679119606139589
legacy_reused_holdout,1,bestCI,2,2,2.0,heterogeneity,dynasurv,1,ET alone,ET+ANTI-CDK wo CT,1977,0.5366138970710109,-0.4462697164704147,-0.1077120645354446,0.977744056651492
legacy_reused_holdout,1,bestCI,2,2,2.0,heterogeneity,dynasurv,1,ET alone,MONOCT std alone,1977,2.013699367104496,-0.3806178152950141,1.549377399721894,0.7835103692463329
legacy_reused_holdout,1,bestCI,2,2,2.0,heterogeneity,dynasurv,1,ET alone,POLYCT alone,1977,4.975125918044829,-0.0251763900653996,3.0958570083515324,0.7475973697521497
legacy_reused_holdout,1,bestCI,2,2,2.0,heterogeneity,dynasurv,1,ET+ANTI-CDK wo CT,MONOCT std alone,1977,2.0933872000201457,0.0656519011754006,1.6570895834666282,0.7678300455235205
legacy_reused_holdout,1,bestCI,2,2,2.0,heterogeneity,dynasurv,1,ET+ANTI-CDK wo CT,POLYCT alone,1977,4.945268113198015,0.4210933264050152,3.203568834468398,0.7379868487607486
legacy_reused_holdout,1,bestCI,2,2,2.0,heterogeneity,dynasurv,1,MONOCT std alone,POLYCT alone,1977,4.063040495608961,0.3554414252296144,1.5464792510017698,0.8093070308548306
legacy_reused_holdout,1,bestCI,2,2,2.0,heterogeneity,dynasurv,2,ET alone,ET+ANTI-CDK wo CT,840,1.70196081493925,0.0010624557361363,-0.5606466561183691,0.5273809523809524
legacy_reused_holdout,1,bestCI,2,2,2.0,heterogeneity,dynasurv,2,ET alone,MONOCT std alone,840,1.8242450070075371,-0.2161649870625619,1.0538161205998544,0.7178571428571429
legacy_reused_holdout,1,bestCI,2,2,2.0,heterogeneity,dynasurv,2,ET alone,POLYCT alone,840,2.7611010105652816,-0.2596950290970231,1.5508056639007952,0.763095238095238
legacy_reused_holdout,1,bestCI,2,2,2.0,heterogeneity,dynasurv,2,ET+ANTI-CDK wo CT,MONOCT std alone,840,2.3079102431957534,-0.2172274427986982,1.614462836322868,0.6702380952380952
legacy_reused_holdout,1,bestCI,2,2,2.0,heterogeneity,dynasurv,2,ET+ANTI-CDK wo CT,POLYCT alone,840,3.2640470091364997,-0.2607574848331594,2.1114523796238087,0.6571428571428571
legacy_reused_holdout,1,bestCI,2,2,2.0,heterogeneity,dynasurv,2,MONOCT std alone,POLYCT alone,840,2.1640067985443285,-0.0435300420344611,0.4969895433009407,0.8345238095238096
legacy_reused_holdout,1,bestCI,2,2,2.0,heterogeneity,dynasurv,3,ET alone,ET+ANTI-CDK wo CT,438,0.965346748735426,-0.1750885141734964,-0.0715836392994039,0.7625570776255708
legacy_reused_holdout,1,bestCI,2,2,2.0,heterogeneity,dynasurv,3,ET alone,MONOCT std alone,438,1.126265111557737,-0.2004471105378031,0.6196084004681468,0.7191780821917808
legacy_reused_holdout,1,bestCI,2,2,2.0,heterogeneity,dynasurv,3,ET alone,POLYCT alone,438,1.5000840812775251,-0.1255051632814686,0.6671363254480641,0.7968036529680366
legacy_reused_holdout,1,bestCI,2,2,2.0,heterogeneity,dynasurv,3,ET+ANTI-CDK wo CT,MONOCT std alone,438,1.1459917353355962,-0.0253585963643066,0.691192069569873,0.726027397260274
legacy_reused_holdout,1,bestCI,2,2,2.0,heterogeneity,dynasurv,3,ET+ANTI-CDK wo CT,POLYCT alone,438,1.6611018637621275,0.0495833508920278,0.738719964747468,0.7168949771689498
legacy_reused_holdout,1,bestCI,2,2,2.0,heterogeneity,dynasurv,3,MONOCT std alone,POLYCT alone,438,1.3028710217196795,0.0749419472563344,0.047527895177595,0.8470319634703196
legacy_reused_holdout,1,bestCI,2,2,2.0,heterogeneity,dynasurv,4,ET alone,MONOCT std alone,198,1.1103958078132978,-0.0280035310110682,0.5635490589460963,0.6818181818181818
legacy_reused_holdout,1,bestCI,2,2,2.0,heterogeneity,dynasurv,4,ET alone,POLYCT alone,198,1.506927715760024,-0.1698635006015801,0.7475038552349114,0.7222222222222222
legacy_reused_holdout,1,bestCI,2,2,2.0,heterogeneity,dynasurv,4,MONOCT std alone,POLYCT alone,198,1.2175581410975076,-0.1418599695905118,0.1839547739370733,0.7878787878787878
legacy_reused_holdout,1,bestCI,2,2,2.0,heterogeneity,dynasurv,all,ET alone,ET+ANTI-CDK wo CT,3255,1.0236315336014614,-0.2943384134720881,-0.2197369253683964,0.8325652841781874
legacy_reused_holdout,1,bestCI,2,2,2.0,heterogeneity,dynasurv,all,ET alone,MONOCT std alone,3453,1.8338009033043785,-0.2975385298368214,1.254357408487487,0.753547639733565
legacy_reused_holdout,1,bestCI,2,2,2.0,heterogeneity,dynasurv,all,ET alone,POLYCT alone,3453,4.054850821942104,-0.1032498645343731,2.277265148118968,0.756154068925572
legacy_reused_holdout,1,bestCI,2,2,2.0,heterogeneity,dynasurv,all,ET+ANTI-CDK wo CT,MONOCT std alone,3255,2.05254999175262,-0.0195957937126592,1.5161157169228032,0.7370199692780338
legacy_reused_holdout,1,bestCI,2,2,2.0,heterogeneity,dynasurv,all,ET+ANTI-CDK wo CT,POLYCT alone,3255,4.239626932470255,0.1951406226524022,2.590056635343203,0.7142857142857143
legacy_reused_holdout,1,bestCI,2,2,2.0,heterogeneity,dynasurv,all,MONOCT std alone,POLYCT alone,3453,3.300193521176111,0.1942886653024482,1.0229079184454155,0.8189979727772951
legacy_reused_holdout,1,bestCI,2,2,2.0,heterogeneity,oracle,1,ET alone,ET+ANTI-CDK wo CT,1977,1.279971252898346e-06,-0.4462697164704147,-5.534497972137231e-07,1.0
legacy_reused_holdout,1,bestCI,2,2,2.0,heterogeneity,oracle,1,ET alone,MONOCT std alone,1977,3.823629542450547e-06,-0.3806178152950141,1.7836167514606591e-06,1.0
legacy_reused_holdout,1,bestCI,2,2,2.0,heterogeneity,oracle,1,ET alone,POLYCT alone,1977,5.211181656251292e-06,-0.0251763900653996,1.2627955842114957e-07,1.0
legacy_reused_holdout,1,bestCI,2,2,2.0,heterogeneity,oracle,1,ET+ANTI-CDK wo CT,MONOCT std alone,1977,3.940387413212674e-06,0.0656519011754006,2.33706654868826e-06,1.0
legacy_reused_holdout,1,bestCI,2,2,2.0,heterogeneity,oracle,1,ET+ANTI-CDK wo CT,POLYCT alone,1977,5.3788892633712494e-06,0.4210933264050152,6.797293555793615e-07,1.0
legacy_reused_holdout,1,bestCI,2,2,2.0,heterogeneity,oracle,1,MONOCT std alone,POLYCT alone,1977,5.092837315345844e-06,0.3554414252296144,-1.6573371930395098e-06,1.0
legacy_reused_holdout,1,bestCI,2,2,2.0,heterogeneity,oracle,2,ET alone,ET+ANTI-CDK wo CT,840,6.6490925613912056e-06,0.0010624557361363,-1.661213644611791e-06,1.0
legacy_reused_holdout,1,bestCI,2,2,2.0,heterogeneity,oracle,2,ET alone,MONOCT std alone,840,7.800736079788796e-06,-0.2161649870625619,4.47385031621117e-06,1.0
legacy_reused_holdout,1,bestCI,2,2,2.0,heterogeneity,oracle,2,ET alone,POLYCT alone,840,9.407778842820717e-06,-0.2596950290970231,8.829728671555515e-07,1.0
legacy_reused_holdout,1,bestCI,2,2,2.0,heterogeneity,oracle,2,ET+ANTI-CDK wo CT,MONOCT std alone,840,9.880860533732688e-06,-0.2172274427986982,6.135063960799325e-06,1.0
legacy_reused_holdout,1,bestCI,2,2,2.0,heterogeneity,oracle,2,ET+ANTI-CDK wo CT,POLYCT alone,840,1.08284267361372e-05,-0.2607574848331594,2.544186511743707e-06,1.0
legacy_reused_holdout,1,bestCI,2,2,2.0,heterogeneity,oracle,2,MONOCT std alone,POLYCT alone,840,9.872061930875851e-06,-0.0435300420344611,-3.590877449083374e-06,1.0
legacy_reused_holdout,1,bestCI,2,2,2.0,heterogeneity,oracle,3,ET alone,ET+ANTI-CDK wo CT,438,1.137638896309739e-05,-0.1750885141734964,-1.3196141794014071e-06,1.0
legacy_reused_holdout,1,bestCI,2,2,2.0,heterogeneity,oracle,3,ET alone,MONOCT std alone,438,1.1776264563156773e-05,-0.2004471105378031,6.0169164601553415e-06,1.0
legacy_reused_holdout,1,bestCI,2,2,2.0,heterogeneity,oracle,3,ET alone,POLYCT alone,438,1.5347397860287454e-05,-0.1255051632814686,9.794278429953174e-07,1.0
legacy_reused_holdout,1,bestCI,2,2,2.0,heterogeneity,oracle,3,ET+ANTI-CDK wo CT,MONOCT std alone,438,1.4542427951573485e-05,-0.0253585963643066,7.3365306395324625e-06,1.0
legacy_reused_holdout,1,bestCI,2,2,2.0,heterogeneity,oracle,3,ET+ANTI-CDK wo CT,POLYCT alone,438,1.564429190483578e-05,0.0495833508920278,2.299042022355091e-06,1.0
legacy_reused_holdout,1,bestCI,2,2,2.0,heterogeneity,oracle,3,MONOCT std alone,POLYCT alone,438,1.5345046540424e-05,0.0749419472563344,-5.037488617173902e-06,1.0
legacy_reused_holdout,1,bestCI,2,2,2.0,heterogeneity,oracle,4,ET alone,MONOCT std alone,198,1.368792396563456e-05,-0.0280035310110682,6.71124316535196e-06,1.0
legacy_reused_holdout,1,bestCI,2,2,2.0,heterogeneity,oracle,4,ET alone,POLYCT alone,198,1.5246437228034254e-05,-0.1698635006015801,1.5028653157500571e-06,1.0
legacy_reused_holdout,1,bestCI,2,2,2.0,heterogeneity,oracle,4,MONOCT std alone,POLYCT alone,198,1.8739909239650294e-05,-0.1418599695905118,-5.208377849647006e-06,1.0
legacy_reused_holdout,1,bestCI,2,2,2.0,heterogeneity,oracle,all,ET alone,ET+ANTI-CDK wo CT,3255,5.460728923239095e-06,-0.2943384134720881,-9.424211124264836e-07,1.0
legacy_reused_holdout,1,bestCI,2,2,2.0,heterogeneity,oracle,all,ET alone,MONOCT std alone,3453,7.1769335758178605e-06,-0.2975385298368214,3.2575963335168545e-06,1.0
legacy_reused_holdout,1,bestCI,2,2,2.0,heterogeneity,oracle,all,ET alone,POLYCT alone,3453,8.960237407887141e-06,-0.1032498645343731,4.975119093642011e-07,1.0
legacy_reused_holdout,1,bestCI,2,2,2.0,heterogeneity,oracle,all,ET+ANTI-CDK wo CT,MONOCT std alone,3255,7.942492640531274e-06,-0.0195957937126592,3.989933859901984e-06,1.0
legacy_reused_holdout,1,bestCI,2,2,2.0,heterogeneity,oracle,all,ET+ANTI-CDK wo CT,POLYCT alone,3255,8.986956263314854e-06,0.1951406226524022,1.3787778837537346e-06,1.0
legacy_reused_holdout,1,bestCI,2,2,2.0,heterogeneity,oracle,all,MONOCT std alone,POLYCT alone,3453,9.410858048739745e-06,0.1942886653024482,-2.760084424124898e-06,1.0
legacy_reused_holdout,1,bestCI,2,2,2.0,heterogeneity,naive_km,1,ET alone,ET+ANTI-CDK wo CT,1977,0.916865785547062,-0.4462697164704147,-0.8650185788641982,1.0
legacy_reused_holdout,1,bestCI,2,2,2.0,heterogeneity,naive_km,1,ET alone,MONOCT std alone,1977,2.30630233471882,-0.3806178152950141,0.7113021488294851,0.6241780475467881
legacy_reused_holdout,1,bestCI,2,2,2.0,heterogeneity,naive_km,1,ET alone,POLYCT alone,1977,3.5303876574661595,-0.0251763900653996,-1.1584707389313893,0.4390490642387455
legacy_reused_holdout,1,bestCI,2,2,2.0,heterogeneity,naive_km,1,ET+ANTI-CDK wo CT,MONOCT std alone,1977,2.57065862881141,0.0656519011754006,1.5763207276936833,0.6793120890237734
legacy_reused_holdout,1,bestCI,2,2,2.0,heterogeneity,naive_km,1,ET+ANTI-CDK wo CT,POLYCT alone,1977,3.307971806855404,0.4210933264050152,-0.2934521600671911,0.6307536671724836
legacy_reused_holdout,1,bestCI,2,2,2.0,heterogeneity,naive_km,1,MONOCT std alone,POLYCT alone,1977,3.668999974632848,0.3554414252296144,-1.8697728877608744,0.5599393019726859
legacy_reused_holdout,1,bestCI,2,2,2.0,heterogeneity,naive_km,2,ET alone,ET+ANTI-CDK wo CT,840,2.46540243840219,0.0010624557361363,-1.797029627951464,0.4404761904761904
legacy_reused_holdout,1,bestCI,2,2,2.0,heterogeneity,naive_km,2,ET alone,MONOCT std alone,840,2.320304348914184,-0.2161649870625619,1.1383965319864957,0.5357142857142857
legacy_reused_holdout,1,bestCI,2,2,2.0,heterogeneity,naive_km,2,ET alone,POLYCT alone,840,3.0982516079159907,-0.2596950290970231,-0.1703782639567965,0.4916666666666666
legacy_reused_holdout,1,bestCI,2,2,2.0,heterogeneity,naive_km,2,ET+ANTI-CDK wo CT,MONOCT std alone,840,3.752000817270732,-0.2172274427986982,2.935426159937959,0.5892857142857143
legacy_reused_holdout,1,bestCI,2,2,2.0,heterogeneity,naive_km,2,ET+ANTI-CDK wo CT,POLYCT alone,840,3.821077436727347,-0.2607574848331594,1.6266513639946674,0.5142857142857142
legacy_reused_holdout,1,bestCI,2,2,2.0,heterogeneity,naive_km,2,MONOCT std alone,POLYCT alone,840,3.294550211975888,-0.0435300420344611,-1.3087747959432925,0.5833333333333334
legacy_reused_holdout,1,bestCI,2,2,2.0,heterogeneity,naive_km,3,ET alone,ET+ANTI-CDK wo CT,438,1.1166377763118815,-0.1750885141734964,-0.326370421360651,0.680365296803653
legacy_reused_holdout,1,bestCI,2,2,2.0,heterogeneity,naive_km,3,ET alone,MONOCT std alone,438,1.7373862562710958,-0.2004471105378031,1.2517317987643537,0.5182648401826484
legacy_reused_holdout,1,bestCI,2,2,2.0,heterogeneity,naive_km,3,ET alone,POLYCT alone,438,1.9779883443343345,-0.1255051632814686,0.4176844060918991,0.4748858447488584
legacy_reused_holdout,1,bestCI,2,2,2.0,heterogeneity,naive_km,3,ET+ANTI-CDK wo CT,MONOCT std alone,438,2.0627991177872085,-0.0253585963643066,1.5781022201250043,0.5958904109589042
legacy_reused_holdout,1,bestCI,2,2,2.0,heterogeneity,naive_km,3,ET+ANTI-CDK wo CT,POLYCT alone,438,2.2103847843108606,0.0495833508920278,0.74405482745255,0.5068493150684932
legacy_reused_holdout,1,bestCI,2,2,2.0,heterogeneity,naive_km,3,MONOCT std alone,POLYCT alone,438,2.080066566720925,0.0749419472563344,-0.8340473926724544,0.5753424657534246
legacy_reused_holdout,1,bestCI,2,2,2.0,heterogeneity,naive_km,4,ET alone,MONOCT std alone,198,1.490005449949377,-0.0280035310110682,0.7836976815109405,0.5353535353535354
legacy_reused_holdout,1,bestCI,2,2,2.0,heterogeneity,naive_km,4,ET alone,POLYCT alone,198,1.8785558862073295,-0.1698635006015801,0.2684719936189852,0.4696969696969697
legacy_reused_holdout,1,bestCI,2,2,2.0,heterogeneity,naive_km,4,MONOCT std alone,POLYCT alone,198,1.8681266472307811,-0.1418599695905118,-0.5152256878919552,0.5656565656565656
legacy_reused_holdout,1,bestCI,2,2,2.0,heterogeneity,naive_km,all,ET alone,ET+ANTI-CDK wo CT,3255,1.4989786663094302,-0.2943384134720881,-1.0330558717203422,0.8125960061443932
legacy_reused_holdout,1,bestCI,2,2,2.0,heterogeneity,naive_km,all,ET alone,MONOCT std alone,3453,2.2057382685422,-0.2975385298368214,0.8879027234006664,0.5841297422531132
legacy_reused_holdout,1,bestCI,2,2,2.0,heterogeneity,naive_km,all,ET alone,POLYCT alone,3453,3.1890111244390345,-0.1032498645343731,-0.6363484413513626,0.4581523313061106
legacy_reused_holdout,1,bestCI,2,2,2.0,heterogeneity,naive_km,all,ET+ANTI-CDK wo CT,MONOCT std alone,3255,2.86691176664443,-0.0195957937126592,1.9272973349963285,0.6448540706605222
legacy_reused_holdout,1,bestCI,2,2,2.0,heterogeneity,naive_km,all,ET+ANTI-CDK wo CT,POLYCT alone,3255,3.3274072834234936,0.1951406226524022,0.3416676619744702,0.5840245775729647
legacy_reused_holdout,1,bestCI,2,2,2.0,heterogeneity,naive_km,all,MONOCT std alone,POLYCT alone,3453,3.3311751419276305,0.1942886653024482,-1.5242511647520292,0.5679119606139589
legacy_reused_holdout,1,bestCI,0,0,0.5,strength,dynasurv,1,ET alone,ET+ANTI-CDK wo CT,1977,0.4900050547711142,-0.5188938188215022,-0.085021395717072,0.9979767324228628
legacy_reused_holdout,1,bestCI,0,0,0.5,strength,dynasurv,1,ET alone,MONOCT std alone,1977,1.6984097120459574,-0.0541561852037432,1.1361998329698566,0.7511380880121397
legacy_reused_holdout,1,bestCI,0,0,0.5,strength,dynasurv,1,ET alone,POLYCT alone,1977,5.374145548357862,-0.064533487192374,3.9657840880071937,0.7040971168437026
legacy_reused_holdout,1,bestCI,0,0,0.5,strength,dynasurv,1,ET+ANTI-CDK wo CT,MONOCT std alone,1977,1.6835133900158572,0.4647376336177589,1.2212212286869286,0.8442083965604451
legacy_reused_holdout,1,bestCI,0,0,0.5,strength,dynasurv,1,ET+ANTI-CDK wo CT,POLYCT alone,1977,5.283184652885112,0.4543603316291281,4.050805722142845,0.7400101163378857
legacy_reused_holdout,1,bestCI,0,0,0.5,strength,dynasurv,1,MONOCT std alone,POLYCT alone,1977,4.052015882889108,-0.0103773019886307,2.8295842550373367,0.6555386949924128
legacy_reused_holdout,1,bestCI,0,0,0.5,strength,dynasurv,2,ET alone,ET+ANTI-CDK wo CT,840,0.959811932773536,-0.3319985628809852,-0.3387798904690819,0.6130952380952381
legacy_reused_holdout,1,bestCI,0,0,0.5,strength,dynasurv,2,ET alone,MONOCT std alone,840,1.356423500711336,0.0496217187454082,0.8734215918968342,0.6190476190476191
legacy_reused_holdout,1,bestCI,0,0,0.5,strength,dynasurv,2,ET alone,POLYCT alone,840,2.409599094606981,-0.1736476807124047,1.857911982966128,0.5988095238095238
legacy_reused_holdout,1,bestCI,0,0,0.5,strength,dynasurv,2,ET+ANTI-CDK wo CT,MONOCT std alone,840,1.5865906647997967,0.3816202816263934,1.2122014823659162,0.7238095238095238
legacy_reused_holdout,1,bestCI,0,0,0.5,strength,dynasurv,2,ET+ANTI-CDK wo CT,POLYCT alone,840,2.646764302933729,0.1583508821685805,2.196691813830565,0.6035714285714285
legacy_reused_holdout,1,bestCI,0,0,0.5,strength,dynasurv,2,MONOCT std alone,POLYCT alone,840,1.5035710287750323,-0.2232693994578129,0.9844902718600042,0.6726190476190477
legacy_reused_holdout,1,bestCI,0,0,0.5,strength,dynasurv,3,ET alone,ET+ANTI-CDK wo CT,438,0.6064499499409055,-0.2703772668362404,-0.1874580200194572,0.723744292237443
legacy_reused_holdout,1,bestCI,0,0,0.5,strength,dynasurv,3,ET alone,MONOCT std alone,438,0.771833946495912,0.0159336413834863,0.3534088347460454,0.6050228310502284
legacy_reused_holdout,1,bestCI,0,0,0.5,strength,dynasurv,3,ET alone,POLYCT alone,438,1.1352754882461251,-0.0875481102693358,0.74076912143114,0.634703196347032
legacy_reused_holdout,1,bestCI,0,0,0.5,strength,dynasurv,3,ET+ANTI-CDK wo CT,MONOCT std alone,438,0.8307317109694874,0.2863109082197267,0.5408669143701474,0.7831050228310502
legacy_reused_holdout,1,bestCI,0,0,0.5,strength,dynasurv,3,ET+ANTI-CDK wo CT,POLYCT alone,438,1.2588485650358003,0.1828291565669045,0.92822705204363,0.6598173515981736
legacy_reused_holdout,1,bestCI,0,0,0.5,strength,dynasurv,3,MONOCT std alone,POLYCT alone,438,0.8217177291111699,-0.1034817516528222,0.3873602866850945,0.7009132420091324
legacy_reused_holdout,1,bestCI,0,0,0.5,strength,dynasurv,4,MONOCT std alone,POLYCT alone,198,0.919635346792368,-0.2078303870334687,0.5561841603889528,0.6363636363636364
legacy_reused_holdout,1,bestCI,0,0,0.5,strength,dynasurv,all,ET alone,ET+ANTI-CDK wo CT,3255,0.6580743970323071,-0.4372218480812321,-0.1642915972961177,0.8617511520737328
legacy_reused_holdout,1,bestCI,0,0,0.5,strength,dynasurv,all,ET alone,MONOCT std alone,3255,1.5188803852302009,-0.0179433485332382,0.9630520006481064,0.6973886328725039
legacy_reused_holdout,1,bestCI,0,0,0.5,strength,dynasurv,all,ET alone,POLYCT alone,3255,4.38333336466336,-0.0957888873350883,2.98785178978565,0.6675883256528418
legacy_reused_holdout,1,bestCI,0,0,0.5,strength,dynasurv,all,ET+ANTI-CDK wo CT,MONOCT std alone,3255,1.569684467843871,0.4192784995479939,1.1273435383395791,0.804915514592934
legacy_reused_holdout,1,bestCI,0,0,0.5,strength,dynasurv,all,ET+ANTI-CDK wo CT,POLYCT alone,3255,4.3559273378281125,0.3414329607461439,3.152143327477123,0.6940092165898617
legacy_reused_holdout,1,bestCI,0,0,0.5,strength,dynasurv,all,MONOCT std alone,POLYCT alone,3453,3.175631345486319,-0.0852990574667387,1.9405873246023588,0.664349840718216
legacy_reused_holdout,1,bestCI,0,0,0.5,strength,oracle,1,ET alone,ET+ANTI-CDK wo CT,1977,1.1483026745764733e-06,-0.5188938188215022,-5.279322295992372e-07,1.0
legacy_reused_holdout,1,bestCI,0,0,0.5,strength,oracle,1,ET alone,MONOCT std alone,1977,2.0909982394172578e-06,-0.0541561852037432,1.0614026771105234e-06,1.0
legacy_reused_holdout,1,bestCI,0,0,0.5,strength,oracle,1,ET alone,POLYCT alone,1977,2.5661661190677763e-06,-0.064533487192374,2.169789849182369e-07,1.0
legacy_reused_holdout,1,bestCI,0,0,0.5,strength,oracle,1,ET+ANTI-CDK wo CT,MONOCT std alone,1977,2.14705911551313e-06,0.4647376336177589,1.589334906626494e-06,1.0
legacy_reused_holdout,1,bestCI,0,0,0.5,strength,oracle,1,ET+ANTI-CDK wo CT,POLYCT alone,1977,2.6565251430385533e-06,0.4543603316291281,7.449112144897185e-07,1.0
legacy_reused_holdout,1,bestCI,0,0,0.5,strength,oracle,1,MONOCT std alone,POLYCT alone,1977,2.5689487196734716e-06,-0.0103773019886307,-8.444236922061643e-07,1.0
legacy_reused_holdout,1,bestCI,0,0,0.5,strength,oracle,2,ET alone,ET+ANTI-CDK wo CT,840,3.386742123182753e-06,-0.3319985628809852,-3.79133166861223e-07,1.0
legacy_reused_holdout,1,bestCI,0,0,0.5,strength,oracle,2,ET alone,MONOCT std alone,840,4.159932219884833e-06,0.0496217187454082,2.2352568612438173e-06,1.0
legacy_reused_holdout,1,bestCI,0,0,0.5,strength,oracle,2,ET alone,POLYCT alone,840,4.5773088263398515e-06,-0.1736476807124047,8.715876474163498e-07,1.0
legacy_reused_holdout,1,bestCI,0,0,0.5,strength,oracle,2,ET+ANTI-CDK wo CT,MONOCT std alone,840,4.616317777568777e-06,0.3816202816263934,2.614390028132796e-06,1.0
legacy_reused_holdout,1,bestCI,0,0,0.5,strength,oracle,2,ET+ANTI-CDK wo CT,POLYCT alone,840,5.350216671025495e-06,0.1583508821685805,1.2507208141665505e-06,1.0
legacy_reused_holdout,1,bestCI,0,0,0.5,strength,oracle,2,MONOCT std alone,POLYCT alone,840,5.15955507071205e-06,-0.2232693994578129,-1.3636692138829789e-06,1.0
legacy_reused_holdout,1,bestCI,0,0,0.5,strength,oracle,3,ET alone,ET+ANTI-CDK wo CT,438,4.645303016143371e-06,-0.2703772668362404,-5.571216667443757e-07,1.0
legacy_reused_holdout,1,bestCI,0,0,0.5,strength,oracle,3,ET alone,MONOCT std alone,438,5.413026297877493e-06,0.0159336413834863,2.4772200897006658e-06,1.0
legacy_reused_holdout,1,bestCI,0,0,0.5,strength,oracle,3,ET alone,POLYCT alone,438,7.249001989622328e-06,-0.0875481102693358,4.896800021997327e-07,1.0
legacy_reused_holdout,1,bestCI,0,0,0.5,strength,oracle,3,ET+ANTI-CDK wo CT,MONOCT std alone,438,6.292441887783624e-06,0.2863109082197267,3.0343417565248387e-06,1.0
legacy_reused_holdout,1,bestCI,0,0,0.5,strength,oracle,3,ET+ANTI-CDK wo CT,POLYCT alone,438,7.544146835428739e-06,0.1828291565669045,1.0468016690134974e-06,1.0
legacy_reused_holdout,1,bestCI,0,0,0.5,strength,oracle,3,MONOCT std alone,POLYCT alone,438,8.447782267099344e-06,-0.1034817516528222,-1.9875400874974636e-06,1.0
legacy_reused_holdout,1,bestCI,0,0,0.5,strength,oracle,4,MONOCT std alone,POLYCT alone,198,8.261571383870662e-06,-0.2078303870334687,-1.6859325455975682e-06,1.0
legacy_reused_holdout,1,bestCI,0,0,0.5,strength,oracle,all,ET alone,ET+ANTI-CDK wo CT,3255,2.5815855588032616e-06,-0.4372218480812321,-4.934602667039378e-07,1.0
legacy_reused_holdout,1,bestCI,0,0,0.5,strength,oracle,all,ET alone,MONOCT std alone,3255,3.3262900644284413e-06,-0.0179433485332382,1.5548483119458278e-06,1.0
legacy_reused_holdout,1,bestCI,0,0,0.5,strength,oracle,all,ET alone,POLYCT alone,3255,4.0592565320054275e-06,-0.0957888873350883,4.226055047296118e-07,1.0
legacy_reused_holdout,1,bestCI,0,0,0.5,strength,oracle,all,ET+ANTI-CDK wo CT,MONOCT std alone,3255,3.691521385665342e-06,0.4192784995479939,2.048308578528335e-06,1.0
legacy_reused_holdout,1,bestCI,0,0,0.5,strength,oracle,all,ET+ANTI-CDK wo CT,POLYCT alone,3255,4.39680038675733e-06,0.3414329607461439,9.160657713502828e-07,1.0
legacy_reused_holdout,1,bestCI,0,0,0.5,strength,oracle,all,MONOCT std alone,POLYCT alone,3453,4.818782035736128e-06,-0.0852990574667387,-1.163992175340356e-06,1.0
legacy_reused_holdout,1,bestCI,0,0,0.5,strength,naive_km,1,ET alone,ET+ANTI-CDK wo CT,1977,1.1883244061669591,-0.5188938188215022,-1.1553639324935052,1.0
legacy_reused_holdout,1,bestCI,0,0,0.5,strength,naive_km,1,ET alone,MONOCT std alone,1977,1.771922579906255,-0.0541561852037432,1.4138188775744909,0.6717248356095094
legacy_reused_holdout,1,bestCI,0,0,0.5,strength,naive_km,1,ET alone,POLYCT alone,1977,1.6823493199113184,-0.064533487192374,-0.1154329159843253,0.4390490642387455
legacy_reused_holdout,1,bestCI,0,0,0.5,strength,naive_km,1,ET+ANTI-CDK wo CT,MONOCT std alone,1977,2.718018306793773,0.4647376336177589,2.5691828100679968,0.7971674253920081
legacy_reused_holdout,1,bestCI,0,0,0.5,strength,naive_km,1,ET+ANTI-CDK wo CT,POLYCT alone,1977,1.938074080911993,0.4543603316291281,1.0399310165091802,0.6944865958523014
legacy_reused_holdout,1,bestCI,0,0,0.5,strength,naive_km,1,MONOCT std alone,POLYCT alone,1977,2.2230859728935175,-0.0103773019886307,-1.529251793558816,0.6019221041982802
legacy_reused_holdout,1,bestCI,0,0,0.5,strength,naive_km,2,ET alone,ET+ANTI-CDK wo CT,840,1.4530668789072585,-0.3319985628809852,-1.1791707837319776,0.6154761904761905
legacy_reused_holdout,1,bestCI,0,0,0.5,strength,naive_km,2,ET alone,MONOCT std alone,840,1.9679119073789384,0.0496217187454082,1.6975544804055556,0.5869047619047619
legacy_reused_holdout,1,bestCI,0,0,0.5,strength,naive_km,2,ET alone,POLYCT alone,840,1.7751575166068088,-0.1736476807124047,0.7919135201034939,0.5083333333333333
legacy_reused_holdout,1,bestCI,0,0,0.5,strength,naive_km,2,ET+ANTI-CDK wo CT,MONOCT std alone,840,3.074774082339108,0.3816202816263934,2.876725264137533,0.7130952380952381
legacy_reused_holdout,1,bestCI,0,0,0.5,strength,naive_km,2,ET+ANTI-CDK wo CT,POLYCT alone,840,2.6036928479440236,0.1583508821685805,1.9710843038354715,0.5666666666666667
legacy_reused_holdout,1,bestCI,0,0,0.5,strength,naive_km,2,MONOCT std alone,POLYCT alone,840,1.788240223936472,-0.2232693994578129,-0.9056409603020616,0.6214285714285714
legacy_reused_holdout,1,bestCI,0,0,0.5,strength,naive_km,3,ET alone,ET+ANTI-CDK wo CT,438,0.610699064711764,-0.2703772668362404,-0.3371444748957548,0.728310502283105
legacy_reused_holdout,1,bestCI,0,0,0.5,strength,naive_km,3,ET alone,MONOCT std alone,438,1.251455322316115,0.0159336413834863,1.1100133596398551,0.5753424657534246
legacy_reused_holdout,1,bestCI,0,0,0.5,strength,naive_km,3,ET alone,POLYCT alone,438,1.242497131855942,-0.0875481102693358,0.8096099129436416,0.4748858447488584
legacy_reused_holdout,1,bestCI,0,0,0.5,strength,naive_km,3,ET+ANTI-CDK wo CT,MONOCT std alone,438,1.566827408284548,0.2863109082197267,1.4471578345356098,0.8013698630136986
legacy_reused_holdout,1,bestCI,0,0,0.5,strength,naive_km,3,ET+ANTI-CDK wo CT,POLYCT alone,438,1.5097257653562826,0.1828291565669045,1.1467543878393962,0.589041095890411
legacy_reused_holdout,1,bestCI,0,0,0.5,strength,naive_km,3,MONOCT std alone,POLYCT alone,438,0.9893290164835682,-0.1034817516528222,-0.3004034466962135,0.6095890410958904
legacy_reused_holdout,1,bestCI,0,0,0.5,strength,naive_km,4,MONOCT std alone,POLYCT alone,198,0.9349949083777416,-0.2078303870334687,0.1872638788388973,0.6060606060606061
legacy_reused_holdout,1,bestCI,0,0,0.5,strength,naive_km,all,ET alone,ET+ANTI-CDK wo CT,3255,1.2052985340182192,-0.4372218480812321,-1.0514062159382065,0.8642089093701997
legacy_reused_holdout,1,bestCI,0,0,0.5,strength,naive_km,all,ET alone,MONOCT std alone,3255,1.765536637145227,-0.0179433485332382,1.4461602261221786,0.6368663594470046
legacy_reused_holdout,1,bestCI,0,0,0.5,strength,naive_km,all,ET alone,POLYCT alone,3255,1.6552927110260818,-0.0957888873350883,0.2431968122443129,0.4617511520737327
legacy_reused_holdout,1,bestCI,0,0,0.5,strength,naive_km,all,ET+ANTI-CDK wo CT,MONOCT std alone,3255,2.693917420237605,0.4192784995479939,2.497566442060385,0.776036866359447
legacy_reused_holdout,1,bestCI,0,0,0.5,strength,naive_km,all,ET+ANTI-CDK wo CT,POLYCT alone,3255,2.082679221767226,0.3414329607461439,1.2946030281825192,0.6473118279569893
legacy_reused_holdout,1,bestCI,0,0,0.5,strength,naive_km,all,MONOCT std alone,POLYCT alone,3453,1.9446813331348765,-0.0852990574667387,-1.123245775894107,0.6078772082247321
legacy_reused_holdout,1,bestCI,1,1,0.5,strength,dynasurv,1,ET alone,ET+ANTI-CDK wo CT,1977,1.065351573969107,-0.5149117221738204,-0.7072463522051469,0.9974709155285788
legacy_reused_holdout,1,bestCI,1,1,0.5,strength,dynasurv,1,ET alone,MONOCT std alone,1977,1.8614230132427656,-0.0497245992606449,1.241539498705225,0.7961557916034395
legacy_reused_holdout,1,bestCI,1,1,0.5,strength,dynasurv,1,ET alone,POLYCT alone,1977,2.788415292869736,-0.0742834310547384,2.4726582269684347,0.6626201315123925
legacy_reused_holdout,1,bestCI,1,1,0.5,strength,dynasurv,1,ET+ANTI-CDK wo CT,MONOCT std alone,1977,2.4229943283501103,0.4651871229131754,1.9487859701196617,0.8153768335862418
legacy_reused_holdout,1,bestCI,1,1,0.5,strength,dynasurv,1,ET+ANTI-CDK wo CT,POLYCT alone,1977,3.5971725042027956,0.4406282911190819,3.179904459964292,0.7152250885179565
legacy_reused_holdout,1,bestCI,1,1,0.5,strength,dynasurv,1,MONOCT std alone,POLYCT alone,1977,2.1361396539038537,-0.0245588317940934,1.2311187282632097,0.601416287303996
legacy_reused_holdout,1,bestCI,1,1,0.5,strength,dynasurv,2,ET alone,ET+ANTI-CDK wo CT,840,1.5583202220853885,-0.320544250051324,-1.1707673000890568,0.6166666666666667
legacy_reused_holdout,1,bestCI,1,1,0.5,strength,dynasurv,2,ET alone,MONOCT std alone,840,1.1884506388658442,0.0381807443140335,0.4646058920385055,0.7202380952380952
legacy_reused_holdout,1,bestCI,1,1,0.5,strength,dynasurv,2,ET alone,POLYCT alone,840,1.719200897265342,-0.1825891704473153,1.1383475632581368,0.6309523809523809
legacy_reused_holdout,1,bestCI,1,1,0.5,strength,dynasurv,2,ET+ANTI-CDK wo CT,MONOCT std alone,840,2.060658489151436,0.3587249943653576,1.6353731921275625,0.7166666666666667
legacy_reused_holdout,1,bestCI,1,1,0.5,strength,dynasurv,2,ET+ANTI-CDK wo CT,POLYCT alone,840,2.772648424069719,0.1379550796040088,2.3091145653239695,0.5869047619047619
legacy_reused_holdout,1,bestCI,1,1,0.5,strength,dynasurv,2,MONOCT std alone,POLYCT alone,840,1.3772952161584866,-0.2207699147613488,0.673741641417309,0.7011904761904761
legacy_reused_holdout,1,bestCI,1,1,0.5,strength,dynasurv,3,ET alone,ET+ANTI-CDK wo CT,438,0.8174639629319832,-0.2723099030258724,-0.5582041703460148,0.723744292237443
legacy_reused_holdout,1,bestCI,1,1,0.5,strength,dynasurv,3,ET alone,MONOCT std alone,438,0.7821701416049375,0.0082994348728133,0.3682821445739792,0.680365296803653
legacy_reused_holdout,1,bestCI,1,1,0.5,strength,dynasurv,3,ET alone,POLYCT alone,438,1.064373914310304,-0.0789871856316272,0.7020494386299794,0.6095890410958904
legacy_reused_holdout,1,bestCI,1,1,0.5,strength,dynasurv,3,ET+ANTI-CDK wo CT,MONOCT std alone,438,1.1917769159138163,0.2806093378986857,0.9264862851176716,0.7945205479452054
legacy_reused_holdout,1,bestCI,1,1,0.5,strength,dynasurv,3,ET+ANTI-CDK wo CT,POLYCT alone,438,1.5476654443906182,0.1933227173942451,1.2602534897667046,0.6187214611872146
legacy_reused_holdout,1,bestCI,1,1,0.5,strength,dynasurv,3,MONOCT std alone,POLYCT alone,438,0.8559384570063073,-0.0872866205044406,0.3337672642536777,0.728310502283105
legacy_reused_holdout,1,bestCI,1,1,0.5,strength,dynasurv,4,MONOCT std alone,POLYCT alone,198,1.0433102279744288,-0.2012569179319422,0.5745893885873836,0.696969696969697
legacy_reused_holdout,1,bestCI,1,1,0.5,strength,dynasurv,all,ET alone,ET+ANTI-CDK wo CT,3255,1.1857266712209018,-0.4321073371140053,-0.8068092983993004,0.8623655913978494
legacy_reused_holdout,1,bestCI,1,1,0.5,strength,dynasurv,all,ET alone,MONOCT std alone,3255,1.59727987669714,-0.0192315069247971,0.9235330310870896,0.7609831029185868
legacy_reused_holdout,1,bestCI,1,1,0.5,strength,dynasurv,all,ET alone,POLYCT alone,3255,2.374379555792409,-0.1028662469055654,1.890062763896227,0.6473118279569893
legacy_reused_holdout,1,bestCI,1,1,0.5,strength,dynasurv,all,ET+ANTI-CDK wo CT,MONOCT std alone,3255,2.202901387341246,0.4128758301892082,1.7303422102771004,0.7870967741935484
legacy_reused_holdout,1,bestCI,1,1,0.5,strength,dynasurv,all,ET+ANTI-CDK wo CT,POLYCT alone,3255,3.188322694655523,0.3292410902084399,2.696871943086238,0.6691244239631337
legacy_reused_holdout,1,bestCI,1,1,0.5,strength,dynasurv,all,MONOCT std alone,POLYCT alone,3453,1.797050062171746,-0.0903793653020345,0.94405544600577,0.6472632493483927
legacy_reused_holdout,1,bestCI,1,1,0.5,strength,oracle,1,ET alone,ET+ANTI-CDK wo CT,1977,1.13223161229103e-06,-0.5149117221738204,-5.234613950078071e-07,1.0
legacy_reused_holdout,1,bestCI,1,1,0.5,strength,oracle,1,ET alone,MONOCT std alone,1977,2.087038889800142e-06,-0.0497245992606449,1.0461464666558506e-06,1.0
legacy_reused_holdout,1,bestCI,1,1,0.5,strength,oracle,1,ET alone,POLYCT alone,1977,2.5010232777424328e-06,-0.0742834310547384,1.9844219033282598e-07,1.0
legacy_reused_holdout,1,bestCI,1,1,0.5,strength,oracle,1,ET+ANTI-CDK wo CT,MONOCT std alone,1977,2.13124992997238e-06,0.4651871229131754,1.5696078616844744e-06,1.0
legacy_reused_holdout,1,bestCI,1,1,0.5,strength,oracle,1,ET+ANTI-CDK wo CT,POLYCT alone,1977,2.6582328022096805e-06,0.4406282911190819,7.219035853545108e-07,1.0
legacy_reused_holdout,1,bestCI,1,1,0.5,strength,oracle,1,MONOCT std alone,POLYCT alone,1977,2.614258290279607e-06,-0.0245588317940934,-8.47704276333433e-07,1.0
legacy_reused_holdout,1,bestCI,1,1,0.5,strength,oracle,2,ET alone,ET+ANTI-CDK wo CT,840,3.0890152724371477e-06,-0.320544250051324,-5.610858647697725e-07,1.0
legacy_reused_holdout,1,bestCI,1,1,0.5,strength,oracle,2,ET alone,MONOCT std alone,840,4.001003875727886e-06,0.0381807443140335,2.219956951578228e-06,1.0
legacy_reused_holdout,1,bestCI,1,1,0.5,strength,oracle,2,ET alone,POLYCT alone,840,4.739607854578766e-06,-0.1825891704473153,8.508103530591171e-07,1.0
legacy_reused_holdout,1,bestCI,1,1,0.5,strength,oracle,2,ET+ANTI-CDK wo CT,MONOCT std alone,840,4.552823406162265e-06,0.3587249943653576,2.781042816313306e-06,1.0
legacy_reused_holdout,1,bestCI,1,1,0.5,strength,oracle,2,ET+ANTI-CDK wo CT,POLYCT alone,840,5.408200429746625e-06,0.1379550796040088,1.411896217745623e-06,1.0
legacy_reused_holdout,1,bestCI,1,1,0.5,strength,oracle,2,MONOCT std alone,POLYCT alone,840,5.217046851492701e-06,-0.2207699147613488,-1.3691465984844164e-06,1.0
legacy_reused_holdout,1,bestCI,1,1,0.5,strength,oracle,3,ET alone,ET+ANTI-CDK wo CT,438,4.6695814904512065e-06,-0.2723099030258724,-4.0985451532637995e-07,1.0
legacy_reused_holdout,1,bestCI,1,1,0.5,strength,oracle,3,ET alone,MONOCT std alone,438,5.057598219428505e-06,0.0082994348728133,2.6689247248721376e-06,1.0
legacy_reused_holdout,1,bestCI,1,1,0.5,strength,oracle,3,ET alone,POLYCT alone,438,6.774809846024082e-06,-0.0789871856316272,8.7157973650831e-07,1.0
legacy_reused_holdout,1,bestCI,1,1,0.5,strength,oracle,3,ET+ANTI-CDK wo CT,MONOCT std alone,438,5.778477254004667e-06,0.2806093378986857,3.0787792401620884e-06,1.0
legacy_reused_holdout,1,bestCI,1,1,0.5,strength,oracle,3,ET+ANTI-CDK wo CT,POLYCT alone,438,6.777577613226741e-06,0.1933227173942451,1.2814342517930566e-06,1.0
legacy_reused_holdout,1,bestCI,1,1,0.5,strength,oracle,3,MONOCT std alone,POLYCT alone,438,6.814388787355207e-06,-0.0872866205044406,-1.7973449883273984e-06,1.0
legacy_reused_holdout,1,bestCI,1,1,0.5,strength,oracle,4,MONOCT std alone,POLYCT alone,198,8.537951797130175e-06,-0.2012569179319422,-1.4846129348933257e-06,1.0
legacy_reused_holdout,1,bestCI,1,1,0.5,strength,oracle,all,ET alone,ET+ANTI-CDK wo CT,3255,2.484995904359185e-06,-0.4321073371140053,-5.178837425012794e-07,1.0
legacy_reused_holdout,1,bestCI,1,1,0.5,strength,oracle,all,ET alone,MONOCT std alone,3255,3.196664977571228e-06,-0.0192315069247971,1.5674299334543509e-06,1.0
legacy_reused_holdout,1,bestCI,1,1,0.5,strength,oracle,all,ET alone,POLYCT alone,3255,3.971456290272784e-06,-0.1028662469055654,4.57374141782374e-07,1.0
legacy_reused_holdout,1,bestCI,1,1,0.5,strength,oracle,all,ET+ANTI-CDK wo CT,MONOCT std alone,3255,3.5498140520773756e-06,0.4128758301892082,2.0853136759590996e-06,1.0
legacy_reused_holdout,1,bestCI,1,1,0.5,strength,oracle,all,ET+ANTI-CDK wo CT,POLYCT alone,3255,4.245120301462628e-06,0.3292410902084399,9.752578842836537e-07,1.0
legacy_reused_holdout,1,bestCI,1,1,0.5,strength,oracle,all,MONOCT std alone,POLYCT alone,3453,4.539198295661702e-06,-0.0903793653020345,-1.131533438475385e-06,1.0
legacy_reused_holdout,1,bestCI,1,1,0.5,strength,naive_km,1,ET alone,ET+ANTI-CDK wo CT,1977,1.1115849835979037,-0.5149117221738204,-1.0779526849505323,1.0
legacy_reused_holdout,1,bestCI,1,1,0.5,strength,naive_km,1,ET alone,MONOCT std alone,1977,1.9517573357534357,-0.0497245992606449,1.6365354150001137,0.6717248356095094
legacy_reused_holdout,1,bestCI,1,1,0.5,strength,naive_km,1,ET alone,POLYCT alone,1977,1.7147895031691882,-0.0742834310547384,0.4548578249809129,0.5609509357612544
legacy_reused_holdout,1,bestCI,1,1,0.5,strength,naive_km,1,ET+ANTI-CDK wo CT,MONOCT std alone,1977,2.853638941922121,0.4651871229131754,2.7144880999506453,0.7971674253920081
legacy_reused_holdout,1,bestCI,1,1,0.5,strength,naive_km,1,ET+ANTI-CDK wo CT,POLYCT alone,1977,2.216389841012322,0.4406282911190819,1.5328105099314449,0.6944865958523014
legacy_reused_holdout,1,bestCI,1,1,0.5,strength,naive_km,1,MONOCT std alone,POLYCT alone,1977,1.982239858369257,-0.0245588317940934,-1.1816775900192007,0.6019221041982802
legacy_reused_holdout,1,bestCI,1,1,0.5,strength,naive_km,2,ET alone,ET+ANTI-CDK wo CT,840,2.022254137825899,-0.320544250051324,-1.8382554355199847,0.6154761904761905
legacy_reused_holdout,1,bestCI,1,1,0.5,strength,naive_km,2,ET alone,MONOCT std alone,840,1.618501745942986,0.0381807443140335,1.280963046857774,0.5869047619047619
legacy_reused_holdout,1,bestCI,1,1,0.5,strength,naive_km,2,ET alone,POLYCT alone,840,1.6031617273450691,-0.1825891704473153,0.3961542668612384,0.5083333333333333
legacy_reused_holdout,1,bestCI,1,1,0.5,strength,naive_km,2,ET+ANTI-CDK wo CT,MONOCT std alone,840,3.299363109871787,0.3587249943653576,3.119218482377757,0.7130952380952381
legacy_reused_holdout,1,bestCI,1,1,0.5,strength,naive_km,2,ET+ANTI-CDK wo CT,POLYCT alone,840,2.8138801128230355,0.1379550796040088,2.2344097023812233,0.5666666666666667
legacy_reused_holdout,1,bestCI,1,1,0.5,strength,naive_km,2,MONOCT std alone,POLYCT alone,840,1.7667748916592527,-0.2207699147613488,-0.8848087799965356,0.6214285714285714
legacy_reused_holdout,1,bestCI,1,1,0.5,strength,naive_km,3,ET alone,ET+ANTI-CDK wo CT,438,0.9839697628535048,-0.2723099030258724,-0.8410315907527723,0.728310502283105
legacy_reused_holdout,1,bestCI,1,1,0.5,strength,naive_km,3,ET alone,MONOCT std alone,438,0.7219284261631541,0.0082994348728133,0.4197062595439123,0.5753424657534246
legacy_reused_holdout,1,bestCI,1,1,0.5,strength,naive_km,3,ET alone,POLYCT alone,438,0.9824158121550292,-0.0789871856316272,0.3051739895841675,0.4748858447488584
legacy_reused_holdout,1,bestCI,1,1,0.5,strength,naive_km,3,ET+ANTI-CDK wo CT,MONOCT std alone,438,1.397370029594034,0.2806093378986857,1.2607378502966846,0.8013698630136986
legacy_reused_holdout,1,bestCI,1,1,0.5,strength,naive_km,3,ET+ANTI-CDK wo CT,POLYCT alone,438,1.5041346657182828,0.1933227173942451,1.14620558033694,0.589041095890411
legacy_reused_holdout,1,bestCI,1,1,0.5,strength,naive_km,3,MONOCT std alone,POLYCT alone,438,0.947824880352882,-0.0872866205044406,-0.1145322699597447,0.6095890410958904
legacy_reused_holdout,1,bestCI,1,1,0.5,strength,naive_km,4,MONOCT std alone,POLYCT alone,198,0.90381800938893,-0.2012569179319422,-0.1633686538230676,0.6060606060606061
legacy_reused_holdout,1,bestCI,1,1,0.5,strength,naive_km,all,ET alone,ET+ANTI-CDK wo CT,3255,1.39144666501237,-0.4321073371140053,-1.2422792198874664,0.8642089093701997
legacy_reused_holdout,1,bestCI,1,1,0.5,strength,naive_km,all,ET alone,MONOCT std alone,3255,1.749241271067904,-0.0192315069247971,1.3810355811047583,0.6368663594470046
legacy_reused_holdout,1,bestCI,1,1,0.5,strength,naive_km,all,ET alone,POLYCT alone,3255,1.6059617533046116,-0.1028662469055654,0.4195667316708358,0.5357910906298003
legacy_reused_holdout,1,bestCI,1,1,0.5,strength,naive_km,all,ET+ANTI-CDK wo CT,MONOCT std alone,3255,2.8316047464478427,0.4128758301892082,2.6233148009922247,0.776036866359447
legacy_reused_holdout,1,bestCI,1,1,0.5,strength,naive_km,all,ET+ANTI-CDK wo CT,POLYCT alone,3255,2.308987139778961,0.3292410902084399,1.6618459515583024,0.6473118279569893
legacy_reused_holdout,1,bestCI,1,1,0.5,strength,naive_km,all,MONOCT std alone,POLYCT alone,3453,1.7804047727781405,-0.0903793653020345,-0.9157046331782176,0.6078772082247321
legacy_reused_holdout,1,bestCI,2,2,0.5,strength,dynasurv,1,ET alone,ET+ANTI-CDK wo CT,1977,1.1647010728556448,-0.5256250427629908,-0.5935433580014745,0.9828022255943348
legacy_reused_holdout,1,bestCI,2,2,0.5,strength,dynasurv,1,ET alone,MONOCT std alone,1977,2.314519379999896,-0.0424168684073295,1.6855433561392632,0.7890743550834598
legacy_reused_holdout,1,bestCI,2,2,0.5,strength,dynasurv,1,ET alone,POLYCT alone,1977,3.013031447332492,-0.067827703687593,1.8795653602809157,0.6944865958523014
legacy_reused_holdout,1,bestCI,2,2,0.5,strength,dynasurv,1,ET+ANTI-CDK wo CT,MONOCT std alone,1977,2.6371332514478523,0.4832081743556612,2.279086833350027,0.8103186646433991
legacy_reused_holdout,1,bestCI,2,2,0.5,strength,dynasurv,1,ET+ANTI-CDK wo CT,POLYCT alone,1977,3.4042256486463605,0.4577973390753977,2.4731087182823903,0.7137076378351037
legacy_reused_holdout,1,bestCI,2,2,0.5,strength,dynasurv,1,MONOCT std alone,POLYCT alone,1977,1.925679364993188,-0.0254108352802635,0.1940218998335243,0.7632776934749621
legacy_reused_holdout,1,bestCI,2,2,0.5,strength,dynasurv,2,ET alone,ET+ANTI-CDK wo CT,840,1.3234471050918464,-0.3142649866090517,-0.7985934280409117,0.6130952380952381
legacy_reused_holdout,1,bestCI,2,2,0.5,strength,dynasurv,2,ET alone,MONOCT std alone,840,1.1930676187679463,0.0473893325389128,0.7326297719418305,0.669047619047619
legacy_reused_holdout,1,bestCI,2,2,0.5,strength,dynasurv,2,ET alone,POLYCT alone,840,1.6829217278330053,-0.1747122431699216,1.0963336850110472,0.6321428571428571
legacy_reused_holdout,1,bestCI,2,2,0.5,strength,dynasurv,2,ET+ANTI-CDK wo CT,MONOCT std alone,840,1.886132871953856,0.3616543191479645,1.5312231403780976,0.7285714285714285
legacy_reused_holdout,1,bestCI,2,2,0.5,strength,dynasurv,2,ET+ANTI-CDK wo CT,POLYCT alone,840,2.4191362454264613,0.13955274343913,1.89492687463338,0.5964285714285714
legacy_reused_holdout,1,bestCI,2,2,0.5,strength,dynasurv,2,MONOCT std alone,POLYCT alone,840,1.3186798954732617,-0.2221015757088344,0.3637037640576046,0.7321428571428571
legacy_reused_holdout,1,bestCI,2,2,0.5,strength,dynasurv,3,ET alone,ET+ANTI-CDK wo CT,438,0.6661192862350099,-0.2777560176849675,-0.324929910659759,0.7191780821917808
legacy_reused_holdout,1,bestCI,2,2,0.5,strength,dynasurv,3,ET alone,MONOCT std alone,438,0.7930836235139018,-0.0018251242847943,0.4083392622681165,0.6598173515981736
legacy_reused_holdout,1,bestCI,2,2,0.5,strength,dynasurv,3,ET alone,POLYCT alone,438,1.0168187537971358,-0.0917267724504865,0.5879962369432844,0.5821917808219178
legacy_reused_holdout,1,bestCI,2,2,0.5,strength,dynasurv,3,ET+ANTI-CDK wo CT,MONOCT std alone,438,0.9934016658337108,0.2759308934001731,0.7332692027301979,0.8082191780821918
legacy_reused_holdout,1,bestCI,2,2,0.5,strength,dynasurv,3,ET+ANTI-CDK wo CT,POLYCT alone,438,1.2820398602311749,0.1860292452344809,0.9129261476030436,0.639269406392694
legacy_reused_holdout,1,bestCI,2,2,0.5,strength,dynasurv,3,MONOCT std alone,POLYCT alone,438,0.9118523377841188,-0.0899016481656922,0.1796569821257485,0.6506849315068494
legacy_reused_holdout,1,bestCI,2,2,0.5,strength,dynasurv,4,ET alone,MONOCT std alone,198,0.9819210617895244,0.0944050433108769,0.2337999163200892,0.6414141414141414
legacy_reused_holdout,1,bestCI,2,2,0.5,strength,dynasurv,4,ET alone,POLYCT alone,198,1.2436953422425463,-0.1084427481942236,0.635838950281626,0.5909090909090909
legacy_reused_holdout,1,bestCI,2,2,0.5,strength,dynasurv,4,MONOCT std alone,POLYCT alone,198,1.0206314860151366,-0.2028477915051006,0.4020390488626979,0.5656565656565656
legacy_reused_holdout,1,bestCI,2,2,0.5,strength,dynasurv,all,ET alone,ET+ANTI-CDK wo CT,3255,1.155694434176599,-0.4377267078464061,-0.6103142782146901,0.8519201228878648
legacy_reused_holdout,1,bestCI,2,2,0.5,strength,dynasurv,all,ET alone,MONOCT std alone,3453,1.8837372369657792,-0.0075755329770605,1.2084776373548072,0.73501303214596
legacy_reused_holdout,1,bestCI,2,2,0.5,strength,dynasurv,all,ET alone,POLYCT alone,3453,2.471154373994668,-0.0991895872947798,1.4538834769126998,0.6591369823342021
legacy_reused_holdout,1,bestCI,2,2,0.5,strength,dynasurv,all,ET+ANTI-CDK wo CT,MONOCT std alone,3255,2.2966968404279458,0.4239477481089733,1.8780811463154652,0.7889400921658987
legacy_reused_holdout,1,bestCI,2,2,0.5,strength,dynasurv,all,ET+ANTI-CDK wo CT,POLYCT alone,3255,2.961438624470806,0.339099985638597,2.113958972414992,0.6734254992319508
legacy_reused_holdout,1,bestCI,2,2,0.5,strength,dynasurv,all,MONOCT std alone,POLYCT alone,3453,1.6466204893747771,-0.0916140543177193,0.2454057203486032,0.7300897770055025
legacy_reused_holdout,1,bestCI,2,2,0.5,strength,oracle,1,ET alone,ET+ANTI-CDK wo CT,1977,1.1454716150325552e-06,-0.5256250427629908,-5.232557173107111e-07,1.0
legacy_reused_holdout,1,bestCI,2,2,0.5,strength,oracle,1,ET alone,MONOCT std alone,1977,2.100573881641356e-06,-0.0424168684073295,1.0506093746226464e-06,1.0
legacy_reused_holdout,1,bestCI,2,2,0.5,strength,oracle,1,ET alone,POLYCT alone,1977,2.594389861342938e-06,-0.067827703687593,2.1456119876639426e-07,1.0
legacy_reused_holdout,1,bestCI,2,2,0.5,strength,oracle,1,ET+ANTI-CDK wo CT,MONOCT std alone,1977,2.149654500135422e-06,0.4832081743556612,1.5738650919749908e-06,1.0
legacy_reused_holdout,1,bestCI,2,2,0.5,strength,oracle,1,ET+ANTI-CDK wo CT,POLYCT alone,1977,2.719146067058402e-06,0.4577973390753977,7.37816916229761e-07,1.0
legacy_reused_holdout,1,bestCI,2,2,0.5,strength,oracle,1,MONOCT std alone,POLYCT alone,1977,2.654301863102319e-06,-0.0254108352802635,-8.360481758180882e-07,1.0
legacy_reused_holdout,1,bestCI,2,2,0.5,strength,oracle,2,ET alone,ET+ANTI-CDK wo CT,840,3.099299450913771e-06,-0.3142649866090517,-5.459676592489693e-07,1.0
legacy_reused_holdout,1,bestCI,2,2,0.5,strength,oracle,2,ET alone,MONOCT std alone,840,3.949625126772835e-06,0.0473893325389128,2.146637722279243e-06,1.0
legacy_reused_holdout,1,bestCI,2,2,0.5,strength,oracle,2,ET alone,POLYCT alone,840,4.82442600631526e-06,-0.1747122431699216,7.87689945741521e-07,1.0
legacy_reused_holdout,1,bestCI,2,2,0.5,strength,oracle,2,ET+ANTI-CDK wo CT,MONOCT std alone,840,4.485154938246687e-06,0.3616543191479645,2.6926053816045403e-06,1.0
legacy_reused_holdout,1,bestCI,2,2,0.5,strength,oracle,2,ET+ANTI-CDK wo CT,POLYCT alone,840,5.340840667753501e-06,0.13955274343913,1.3336576049904902e-06,1.0
legacy_reused_holdout,1,bestCI,2,2,0.5,strength,oracle,2,MONOCT std alone,POLYCT alone,840,5.193462953053123e-06,-0.2221015757088344,-1.3589477765862943e-06,1.0
legacy_reused_holdout,1,bestCI,2,2,0.5,strength,oracle,3,ET alone,ET+ANTI-CDK wo CT,438,5.112884823795156e-06,-0.2777560176849675,-3.1755480711659345e-07,1.0
legacy_reused_holdout,1,bestCI,2,2,0.5,strength,oracle,3,ET alone,MONOCT std alone,438,5.347398203564392e-06,-0.0018251242847943,2.7485605249445016e-06,1.0
legacy_reused_holdout,1,bestCI,2,2,0.5,strength,oracle,3,ET alone,POLYCT alone,438,6.949497880720635e-06,-0.0917267724504865,1.061548004041568e-06,1.0
legacy_reused_holdout,1,bestCI,2,2,0.5,strength,oracle,3,ET+ANTI-CDK wo CT,MONOCT std alone,438,5.993250785238562e-06,0.2759308934001731,3.066115332073238e-06,1.0
legacy_reused_holdout,1,bestCI,2,2,0.5,strength,oracle,3,ET+ANTI-CDK wo CT,POLYCT alone,438,6.527473970876108e-06,0.1860292452344809,1.3791028111165282e-06,1.0
legacy_reused_holdout,1,bestCI,2,2,0.5,strength,oracle,3,MONOCT std alone,POLYCT alone,438,6.997164173675813e-06,-0.0899016481656922,-1.6870125208734432e-06,1.0
legacy_reused_holdout,1,bestCI,2,2,0.5,strength,oracle,4,ET alone,MONOCT std alone,198,6.319477033298758e-06,0.0944050433108769,2.9233116492222155e-06,1.0
legacy_reused_holdout,1,bestCI,2,2,0.5,strength,oracle,4,ET alone,POLYCT alone,198,6.8752311587517295e-06,-0.1084427481942236,1.1308023291217717e-06,1.0
legacy_reused_holdout,1,bestCI,2,2,0.5,strength,oracle,4,MONOCT std alone,POLYCT alone,198,8.365646998038973e-06,-0.2028477915051006,-1.7925093201420772e-06,1.0
legacy_reused_holdout,1,bestCI,2,2,0.5,strength,oracle,all,ET alone,ET+ANTI-CDK wo CT,3255,2.6064318960273776e-06,-0.4377267078464061,-5.01437294186946e-07,1.0
legacy_reused_holdout,1,bestCI,2,2,0.5,strength,oracle,all,ET alone,MONOCT std alone,3453,3.4983219294439053e-06,-0.0075755329770605,1.639998736411609e-06,1.0
legacy_reused_holdout,1,bestCI,2,2,0.5,strength,oracle,all,ET alone,POLYCT alone,3453,4.2839635042935026e-06,-0.0991895872947798,5.139600148390544e-07,1.0
legacy_reused_holdout,1,bestCI,2,2,0.5,strength,oracle,all,ET+ANTI-CDK wo CT,MONOCT std alone,3255,3.5820961234244643e-06,0.4239477481089733,2.063372756710979e-06,1.0
legacy_reused_holdout,1,bestCI,2,2,0.5,strength,oracle,all,ET+ANTI-CDK wo CT,POLYCT alone,3255,4.1934909729515835e-06,0.339099985638597,9.778751037803346e-07,1.0
legacy_reused_holdout,1,bestCI,2,2,0.5,strength,oracle,all,MONOCT std alone,POLYCT alone,3453,4.562738911997122e-06,-0.0916140543177193,-1.1260387215300538e-06,1.0
legacy_reused_holdout,1,bestCI,2,2,0.5,strength,naive_km,1,ET alone,ET+ANTI-CDK wo CT,1977,0.9284446161808596,-0.5256250427629908,-0.8866479336100838,1.0
legacy_reused_holdout,1,bestCI,2,2,0.5,strength,naive_km,1,ET alone,MONOCT std alone,1977,2.4008397107180333,-0.0424168684073295,2.150488947311164,0.6717248356095094
legacy_reused_holdout,1,bestCI,2,2,0.5,strength,naive_km,1,ET alone,POLYCT alone,1977,1.7150756159906777,-0.067827703687593,0.3176982358921255,0.5609509357612544
legacy_reused_holdout,1,bestCI,2,2,0.5,strength,naive_km,1,ET+ANTI-CDK wo CT,MONOCT std alone,1977,3.16538840258418,0.4832081743556612,3.037136880921247,0.7971674253920081
legacy_reused_holdout,1,bestCI,2,2,0.5,strength,naive_km,1,ET+ANTI-CDK wo CT,POLYCT alone,1977,2.03518005628478,0.4577973390753977,1.2043461695022093,0.6944865958523014
legacy_reused_holdout,1,bestCI,2,2,0.5,strength,naive_km,1,MONOCT std alone,POLYCT alone,1977,2.442651491861905,-0.0254108352802635,-1.8327907114190385,0.6019221041982802
legacy_reused_holdout,1,bestCI,2,2,0.5,strength,naive_km,2,ET alone,ET+ANTI-CDK wo CT,840,1.7384278513171374,-0.3142649866090517,-1.5283796472149578,0.6154761904761905
legacy_reused_holdout,1,bestCI,2,2,0.5,strength,naive_km,2,ET alone,MONOCT std alone,840,1.7624405436367676,0.0473893325389128,1.4645602352665748,0.5869047619047619
legacy_reused_holdout,1,bestCI,2,2,0.5,strength,naive_km,2,ET alone,POLYCT alone,840,1.762872288070778,-0.1747122431699216,0.8041959019433047,0.5083333333333333
legacy_reused_holdout,1,bestCI,2,2,0.5,strength,naive_km,2,ET+ANTI-CDK wo CT,MONOCT std alone,840,3.1795051758175754,0.3616543191479645,2.9929398824815316,0.7130952380952381
legacy_reused_holdout,1,bestCI,2,2,0.5,strength,naive_km,2,ET+ANTI-CDK wo CT,POLYCT alone,840,2.8858196890952104,0.13955274343913,2.332575549158263,0.5666666666666667
legacy_reused_holdout,1,bestCI,2,2,0.5,strength,naive_km,2,MONOCT std alone,POLYCT alone,840,1.6825169755861196,-0.2221015757088344,-0.6603643333232699,0.6214285714285714
legacy_reused_holdout,1,bestCI,2,2,0.5,strength,naive_km,3,ET alone,ET+ANTI-CDK wo CT,438,0.6215884133767982,-0.2777560176849675,-0.3429279821854356,0.728310502283105
legacy_reused_holdout,1,bestCI,2,2,0.5,strength,naive_km,3,ET alone,MONOCT std alone,438,1.3166884045222915,-0.0018251242847943,1.1847451617639229,0.5753424657534246
legacy_reused_holdout,1,bestCI,2,2,0.5,strength,naive_km,3,ET alone,POLYCT alone,438,1.3503701780052766,-0.0917267724504865,0.9616583481940684,0.4748858447488584
legacy_reused_holdout,1,bestCI,2,2,0.5,strength,naive_km,3,ET+ANTI-CDK wo CT,MONOCT std alone,438,1.6396277344594388,0.2759308934001731,1.5276731439493578,0.8013698630136986
legacy_reused_holdout,1,bestCI,2,2,0.5,strength,naive_km,3,ET+ANTI-CDK wo CT,POLYCT alone,438,1.640359381528777,0.1860292452344809,1.304586330379504,0.589041095890411
legacy_reused_holdout,1,bestCI,2,2,0.5,strength,naive_km,3,MONOCT std alone,POLYCT alone,438,0.9712068688657396,-0.0899016481656922,-0.2230868135698542,0.6095890410958904
legacy_reused_holdout,1,bestCI,2,2,0.5,strength,naive_km,4,ET alone,MONOCT std alone,198,1.045436723521784,0.0944050433108769,0.8566555253845941,0.5808080808080808
legacy_reused_holdout,1,bestCI,2,2,0.5,strength,naive_km,4,ET alone,POLYCT alone,198,1.209703163523508,-0.1084427481942236,0.786089421725203,0.4696969696969697
legacy_reused_holdout,1,bestCI,2,2,0.5,strength,naive_km,4,MONOCT std alone,POLYCT alone,198,0.9012597582642528,-0.2028477915051006,-0.0705661036593909,0.6060606060606061
legacy_reused_holdout,1,bestCI,2,2,0.5,strength,naive_km,all,ET alone,ET+ANTI-CDK wo CT,3255,1.1642411437279518,-0.4377267078464061,-0.9790919584039698,0.8642089093701997
legacy_reused_holdout,1,bestCI,2,2,0.5,strength,naive_km,all,ET alone,MONOCT std alone,3453,2.082879028428725,-0.0075755329770605,1.7869340924809851,0.6336518969012453
legacy_reused_holdout,1,bestCI,2,2,0.5,strength,naive_km,all,ET alone,POLYCT alone,3453,1.6599261954032425,-0.0991895872947798,0.5445890622651898,0.5320011584129742
legacy_reused_holdout,1,bestCI,2,2,0.5,strength,naive_km,all,ET+ANTI-CDK wo CT,MONOCT std alone,3255,3.00936569085532,0.4239477481089733,2.822614424551647,0.776036866359447
legacy_reused_holdout,1,bestCI,2,2,0.5,strength,naive_km,all,ET+ANTI-CDK wo CT,POLYCT alone,3255,2.2420841662021216,0.339099985638597,1.508990676222744,0.6473118279569893
legacy_reused_holdout,1,bestCI,2,2,0.5,strength,naive_km,all,MONOCT std alone,POLYCT alone,3453,2.066639358791322,-0.0916140543177193,-1.2423450302157957,0.6078772082247321
legacy_reused_holdout,1,bestCI,0,0,1.0,strength,dynasurv,1,ET alone,ET+ANTI-CDK wo CT,1977,0.5576911853205792,-0.5194130976473388,-0.279473201485962,0.9919069296914516
legacy_reused_holdout,1,bestCI,0,0,1.0,strength,dynasurv,1,ET alone,MONOCT std alone,1977,1.9593887820140723,-0.0541441661023362,1.7333168011807665,0.7182599898836621
legacy_reused_holdout,1,bestCI,0,0,1.0,strength,dynasurv,1,ET alone,POLYCT alone,1977,4.943599684493637,-0.0645806649385002,4.353305564230492,0.6176024279210925
legacy_reused_holdout,1,bestCI,0,0,1.0,strength,dynasurv,1,ET+ANTI-CDK wo CT,MONOCT std alone,1977,2.206934222641157,0.4652689315450026,2.012790121876018,0.8088012139605463
legacy_reused_holdout,1,bestCI,0,0,1.0,strength,dynasurv,1,ET+ANTI-CDK wo CT,POLYCT alone,1977,5.10035846684554,0.4548324327088385,4.632779242553613,0.7015680323722813
legacy_reused_holdout,1,bestCI,0,0,1.0,strength,dynasurv,1,MONOCT std alone,POLYCT alone,1977,3.3762176939563444,-0.010436498836164,2.6199891206775945,0.6004046535154274
legacy_reused_holdout,1,bestCI,0,0,1.0,strength,dynasurv,2,ET alone,ET+ANTI-CDK wo CT,840,1.2796015256727236,-0.3322907219389135,-0.7665120830079859,0.6107142857142858
legacy_reused_holdout,1,bestCI,0,0,1.0,strength,dynasurv,2,ET alone,MONOCT std alone,840,1.271145709067548,0.0499550648486813,0.7375526479923527,0.6392857142857142
legacy_reused_holdout,1,bestCI,0,0,1.0,strength,dynasurv,2,ET alone,POLYCT alone,840,2.2561401858504317,-0.1736774631092647,1.7280258126804928,0.6214285714285714
legacy_reused_holdout,1,bestCI,0,0,1.0,strength,dynasurv,2,ET+ANTI-CDK wo CT,MONOCT std alone,840,1.865531178218582,0.3822457867875948,1.5040649098142729,0.7142857142857143
legacy_reused_holdout,1,bestCI,0,0,1.0,strength,dynasurv,2,ET+ANTI-CDK wo CT,POLYCT alone,840,2.9019944117126895,0.1586132588296488,2.4945380148977683,0.5702380952380952
legacy_reused_holdout,1,bestCI,0,0,1.0,strength,dynasurv,2,MONOCT std alone,POLYCT alone,840,1.472395947051527,-0.223632527957946,0.9904731646881402,0.6285714285714286
legacy_reused_holdout,1,bestCI,0,0,1.0,strength,dynasurv,3,ET alone,ET+ANTI-CDK wo CT,438,0.7048390743703293,-0.2705943932183316,-0.4049955258719394,0.7214611872146118
legacy_reused_holdout,1,bestCI,0,0,1.0,strength,dynasurv,3,ET alone,MONOCT std alone,438,0.7545082515621612,0.0158887124257883,0.2966505074304739,0.632420091324201
legacy_reused_holdout,1,bestCI,0,0,1.0,strength,dynasurv,3,ET alone,POLYCT alone,438,0.9347025032437332,-0.0876424132649416,0.4561574875180239,0.7054794520547946
legacy_reused_holdout,1,bestCI,0,0,1.0,strength,dynasurv,3,ET+ANTI-CDK wo CT,MONOCT std alone,438,1.0222914672342234,0.2864831056441199,0.701646092907058,0.8013698630136986
legacy_reused_holdout,1,bestCI,0,0,1.0,strength,dynasurv,3,ET+ANTI-CDK wo CT,POLYCT alone,438,1.2310432256961872,0.18295197995339,0.861153072994608,0.6027397260273972
legacy_reused_holdout,1,bestCI,0,0,1.0,strength,dynasurv,3,MONOCT std alone,POLYCT alone,438,0.7445499376420691,-0.1035311256907299,0.1595070061645821,0.7876712328767124
legacy_reused_holdout,1,bestCI,0,0,1.0,strength,dynasurv,4,MONOCT std alone,POLYCT alone,198,0.6939363364051522,-0.2076029706497962,0.0094907212754065,0.7474747474747475
legacy_reused_holdout,1,bestCI,0,0,1.0,strength,dynasurv,all,ET alone,ET+ANTI-CDK wo CT,3255,0.8235926505511297,-0.4376418570528742,-0.4220512529362921,0.8571428571428571
legacy_reused_holdout,1,bestCI,0,0,1.0,strength,dynasurv,all,ET alone,MONOCT std alone,3255,1.6808978754018848,-0.0178560693913766,1.2830244978123972,0.6863287250384025
legacy_reused_holdout,1,bestCI,0,0,1.0,strength,dynasurv,all,ET alone,POLYCT alone,3255,4.0342109625412155,-0.0958379172366334,3.151405420212097,0.6304147465437788
legacy_reused_holdout,1,bestCI,0,0,1.0,strength,dynasurv,all,ET+ANTI-CDK wo CT,MONOCT std alone,3255,1.9992481669158533,0.4197857876614975,1.7050756911440446,0.783410138248848
legacy_reused_holdout,1,bestCI,0,0,1.0,strength,dynasurv,all,ET+ANTI-CDK wo CT,POLYCT alone,3255,4.263476644260709,0.3418039398162408,3.5734566135437444,0.6543778801843319
legacy_reused_holdout,1,bestCI,0,0,1.0,strength,dynasurv,all,MONOCT std alone,POLYCT alone,3453,2.6742624578929033,-0.085414509969583,1.761789422231546,0.6394439617723718
legacy_reused_holdout,1,bestCI,0,0,1.0,strength,oracle,1,ET alone,ET+ANTI-CDK wo CT,1977,1.1483359617951738e-06,-0.5194130976473388,-5.191310448182662e-07,1.0
legacy_reused_holdout,1,bestCI,0,0,1.0,strength,oracle,1,ET alone,MONOCT std alone,1977,2.099763753099098e-06,-0.0541441661023362,1.062927193949681e-06,1.0
legacy_reused_holdout,1,bestCI,0,0,1.0,strength,oracle,1,ET alone,POLYCT alone,1977,2.5710340515323534e-06,-0.0645806649385002,2.1830394078548035e-07,1.0
legacy_reused_holdout,1,bestCI,0,0,1.0,strength,oracle,1,ET+ANTI-CDK wo CT,MONOCT std alone,1977,2.1407311463142863e-06,0.4652689315450026,1.5820582386361082e-06,1.0
legacy_reused_holdout,1,bestCI,0,0,1.0,strength,oracle,1,ET+ANTI-CDK wo CT,POLYCT alone,1977,2.653169202430836e-06,0.4548324327088385,7.37434985575991e-07,1.0
legacy_reused_holdout,1,bestCI,0,0,1.0,strength,oracle,1,MONOCT std alone,POLYCT alone,1977,2.5724105220235915e-06,-0.010436498836164,-8.44623253174609e-07,1.0
legacy_reused_holdout,1,bestCI,0,0,1.0,strength,oracle,2,ET alone,ET+ANTI-CDK wo CT,840,3.391038107943327e-06,-0.3322907219389135,-3.7760112514551025e-07,1.0
legacy_reused_holdout,1,bestCI,0,0,1.0,strength,oracle,2,ET alone,MONOCT std alone,840,4.164557111488487e-06,0.0499550648486813,2.2370334498561517e-06,1.0
legacy_reused_holdout,1,bestCI,0,0,1.0,strength,oracle,2,ET alone,POLYCT alone,840,4.584106244016264e-06,-0.1736774631092647,8.740981509158807e-07,1.0
legacy_reused_holdout,1,bestCI,0,0,1.0,strength,oracle,2,ET+ANTI-CDK wo CT,MONOCT std alone,840,4.620135523383915e-06,0.3822457867875948,2.61463457501554e-06,1.0
legacy_reused_holdout,1,bestCI,0,0,1.0,strength,oracle,2,ET+ANTI-CDK wo CT,POLYCT alone,840,5.356406065521286e-06,0.1586132588296488,1.251699276061391e-06,1.0
legacy_reused_holdout,1,bestCI,0,0,1.0,strength,oracle,2,MONOCT std alone,POLYCT alone,840,5.165737390381434e-06,-0.223632527957946,-1.3629352989541488e-06,1.0
legacy_reused_holdout,1,bestCI,0,0,1.0,strength,oracle,3,ET alone,ET+ANTI-CDK wo CT,438,4.68625942837382e-06,-0.2705943932183316,-5.262875327760597e-07,1.0
legacy_reused_holdout,1,bestCI,0,0,1.0,strength,oracle,3,ET alone,MONOCT std alone,438,5.463610784172919e-06,0.0158887124257883,2.480674212722994e-06,1.0
legacy_reused_holdout,1,bestCI,0,0,1.0,strength,oracle,3,ET alone,POLYCT alone,438,7.313335455354645e-06,-0.0876424132649416,4.936125369142674e-07,1.0
legacy_reused_holdout,1,bestCI,0,0,1.0,strength,oracle,3,ET+ANTI-CDK wo CT,MONOCT std alone,438,6.338614216174735e-06,0.2864831056441199,3.0069617455441566e-06,1.0
legacy_reused_holdout,1,bestCI,0,0,1.0,strength,oracle,3,ET+ANTI-CDK wo CT,POLYCT alone,438,7.597140571442386e-06,0.18295197995339,1.0199000697042049e-06,1.0
legacy_reused_holdout,1,bestCI,0,0,1.0,strength,oracle,3,MONOCT std alone,POLYCT alone,438,8.559357761859302e-06,-0.1035311256907299,-1.9870616757844406e-06,1.0
legacy_reused_holdout,1,bestCI,0,0,1.0,strength,oracle,4,MONOCT std alone,POLYCT alone,198,8.303311109873591e-06,-0.2076029706497962,-1.6857269974357436e-06,1.0
legacy_reused_holdout,1,bestCI,0,0,1.0,strength,oracle,all,ET alone,ET+ANTI-CDK wo CT,3255,2.5929852540770424e-06,-0.4376418570528742,-4.835701873928677e-07,1.0
legacy_reused_holdout,1,bestCI,0,0,1.0,strength,oracle,all,ET alone,MONOCT std alone,3255,3.342227859220707e-06,-0.0178560693913766,1.556697531632928e-06,1.0
legacy_reused_holdout,1,bestCI,0,0,1.0,strength,oracle,all,ET alone,POLYCT alone,3255,4.078588877040269e-06,-0.0958379172366334,4.2458728996552786e-07,1.0
legacy_reused_holdout,1,bestCI,0,0,1.0,strength,oracle,all,ET+ANTI-CDK wo CT,MONOCT std alone,3255,3.70113869672224e-06,0.4197857876614975,2.0402677189945706e-06,1.0
legacy_reused_holdout,1,bestCI,0,0,1.0,strength,oracle,all,ET+ANTI-CDK wo CT,POLYCT alone,3255,4.409773686676954e-06,0.3418039398162408,9.0815747733064e-07,1.0
legacy_reused_holdout,1,bestCI,0,0,1.0,strength,oracle,all,MONOCT std alone,POLYCT alone,3453,4.850435748777258e-06,-0.085414509969583,-1.1638554248821764e-06,1.0
legacy_reused_holdout,1,bestCI,0,0,1.0,strength,naive_km,1,ET alone,ET+ANTI-CDK wo CT,1977,1.3500275003443505,-0.5194130976473388,-1.3210596655373537,1.0
legacy_reused_holdout,1,bestCI,0,0,1.0,strength,naive_km,1,ET alone,MONOCT std alone,1977,1.883317517643812,-0.0541441661023362,1.5504803565093326,0.6717248356095094
legacy_reused_holdout,1,bestCI,0,0,1.0,strength,naive_km,1,ET alone,POLYCT alone,1977,1.7429958451444785,-0.0645806649385002,0.4644576376567785,0.5609509357612544
legacy_reused_holdout,1,bestCI,0,0,1.0,strength,naive_km,1,ET+ANTI-CDK wo CT,MONOCT std alone,1977,3.005690848462501,0.4652689315450026,2.8715400220466853,0.7971674253920081
legacy_reused_holdout,1,bestCI,0,0,1.0,strength,naive_km,1,ET+ANTI-CDK wo CT,POLYCT alone,1977,2.4223774261313897,0.4548324327088385,1.7855173031941325,0.6944865958523014
legacy_reused_holdout,1,bestCI,0,0,1.0,strength,naive_km,1,MONOCT std alone,POLYCT alone,1977,1.9462469413706476,-0.010436498836164,-1.086022718852554,0.6019221041982802
legacy_reused_holdout,1,bestCI,0,0,1.0,strength,naive_km,2,ET alone,ET+ANTI-CDK wo CT,840,1.5650306155034712,-0.3322907219389135,-1.3143785327580728,0.6154761904761905
legacy_reused_holdout,1,bestCI,0,0,1.0,strength,naive_km,2,ET alone,MONOCT std alone,840,1.89640232813842,0.0499550648486813,1.6138111880566748,0.5869047619047619
legacy_reused_holdout,1,bestCI,0,0,1.0,strength,naive_km,2,ET alone,POLYCT alone,840,2.089663508167059,-0.1736774631092647,1.3562445857702508,0.5083333333333333
legacy_reused_holdout,1,bestCI,0,0,1.0,strength,naive_km,2,ET+ANTI-CDK wo CT,MONOCT std alone,840,3.1231811887889496,0.3822457867875948,2.9281897208147476,0.7130952380952381
legacy_reused_holdout,1,bestCI,0,0,1.0,strength,naive_km,2,ET+ANTI-CDK wo CT,POLYCT alone,840,3.167027317331919,0.1586132588296488,2.6706231185283236,0.5666666666666667
legacy_reused_holdout,1,bestCI,0,0,1.0,strength,naive_km,2,MONOCT std alone,POLYCT alone,840,1.564159752654235,-0.223632527957946,-0.257566602286424,0.6214285714285714
legacy_reused_holdout,1,bestCI,0,0,1.0,strength,naive_km,3,ET alone,ET+ANTI-CDK wo CT,438,0.8845206224109782,-0.2705943932183316,-0.7229139806096061,0.728310502283105
legacy_reused_holdout,1,bestCI,0,0,1.0,strength,naive_km,3,ET alone,MONOCT std alone,438,1.2285499549153442,0.0158887124257883,1.0838438494581677,0.5753424657534246
legacy_reused_holdout,1,bestCI,0,0,1.0,strength,naive_km,3,ET alone,POLYCT alone,438,1.3263698678538685,-0.0876424132649416,0.9323789356475244,0.4748858447488584
legacy_reused_holdout,1,bestCI,0,0,1.0,strength,naive_km,3,ET+ANTI-CDK wo CT,MONOCT std alone,438,1.9041292920038635,0.2864831056441199,1.8067578300677736,0.8013698630136986
legacy_reused_holdout,1,bestCI,0,0,1.0,strength,naive_km,3,ET+ANTI-CDK wo CT,POLYCT alone,438,1.9250839366576096,0.18295197995339,1.6552929162571297,0.589041095890411
legacy_reused_holdout,1,bestCI,0,0,1.0,strength,naive_km,3,MONOCT std alone,POLYCT alone,438,0.9555654624807284,-0.1035311256907299,-0.1514649138106431,0.6095890410958904
legacy_reused_holdout,1,bestCI,0,0,1.0,strength,naive_km,4,MONOCT std alone,POLYCT alone,198,0.9389832142528948,-0.2076029706497962,0.206816673859096,0.6060606060606061
legacy_reused_holdout,1,bestCI,0,0,1.0,strength,naive_km,all,ET alone,ET+ANTI-CDK wo CT,3255,1.3580662812548985,-0.4376418570528742,-1.2388476957883676,0.8642089093701997
legacy_reused_holdout,1,bestCI,0,0,1.0,strength,naive_km,all,ET alone,MONOCT std alone,3255,1.812586750725032,-0.0178560693913766,1.50403215632849,0.6368663594470046
legacy_reused_holdout,1,bestCI,0,0,1.0,strength,naive_km,all,ET alone,POLYCT alone,3255,1.7913232947316176,-0.0958379172366334,0.7575607298027885,0.5357910906298003
legacy_reused_holdout,1,bestCI,0,0,1.0,strength,naive_km,all,ET+ANTI-CDK wo CT,MONOCT std alone,3255,2.914143072553483,0.4197857876614975,2.742879852116858,0.776036866359447
legacy_reused_holdout,1,bestCI,0,0,1.0,strength,naive_km,all,ET+ANTI-CDK wo CT,POLYCT alone,3255,2.57897205041098,0.3418039398162408,1.9964084255911565,0.6473118279569893
legacy_reused_holdout,1,bestCI,0,0,1.0,strength,naive_km,all,MONOCT std alone,POLYCT alone,3453,1.711808717768209,-0.085414509969583,-0.6918085119945137,0.6078772082247321
legacy_reused_holdout,1,bestCI,1,1,1.0,strength,dynasurv,1,ET alone,ET+ANTI-CDK wo CT,1977,1.0869329876290597,-0.517060430079275,-0.6190545248691502,0.9908952959028832
legacy_reused_holdout,1,bestCI,1,1,1.0,strength,dynasurv,1,ET alone,MONOCT std alone,1977,2.2163598316248105,-0.0490775089510291,1.873790619874796,0.7228123419322205
legacy_reused_holdout,1,bestCI,1,1,1.0,strength,dynasurv,1,ET alone,POLYCT alone,1977,4.852616395064993,-0.0743956492654516,4.422563545536203,0.5998988366211432
legacy_reused_holdout,1,bestCI,1,1,1.0,strength,dynasurv,1,ET+ANTI-CDK wo CT,MONOCT std alone,1977,2.9712200596366523,0.4679829211282459,2.4928451447439466,0.8179059180576631
legacy_reused_holdout,1,bestCI,1,1,1.0,strength,dynasurv,1,ET+ANTI-CDK wo CT,POLYCT alone,1977,5.488012893572278,0.4426647808138235,5.0416177127774855,0.6980273141122914
legacy_reused_holdout,1,bestCI,1,1,1.0,strength,dynasurv,1,MONOCT std alone,POLYCT alone,1977,3.2472577292292053,-0.0253181403144224,2.5487730448706967,0.5503287809812848
legacy_reused_holdout,1,bestCI,1,1,1.0,strength,dynasurv,2,ET alone,ET+ANTI-CDK wo CT,840,1.5938074701130949,-0.3202913770000135,-1.1266159048755968,0.6178571428571429
legacy_reused_holdout,1,bestCI,1,1,1.0,strength,dynasurv,2,ET alone,MONOCT std alone,840,1.5326287835332244,0.0378500727886737,1.1757362576251449,0.6011904761904762
legacy_reused_holdout,1,bestCI,1,1,1.0,strength,dynasurv,2,ET alone,POLYCT alone,840,2.4994721227812136,-0.1825965316806418,2.05347320156437,0.5226190476190476
legacy_reused_holdout,1,bestCI,1,1,1.0,strength,dynasurv,2,ET+ANTI-CDK wo CT,MONOCT std alone,840,2.7343060738586367,0.3581414497886872,2.3023519240821626,0.7178571428571429
legacy_reused_holdout,1,bestCI,1,1,1.0,strength,dynasurv,2,ET+ANTI-CDK wo CT,POLYCT alone,840,3.6748081163200825,0.1376948453193716,3.1800889872306772,0.5738095238095238
legacy_reused_holdout,1,bestCI,1,1,1.0,strength,dynasurv,2,MONOCT std alone,POLYCT alone,840,1.5045693006652112,-0.2204466044693156,0.8777369439392253,0.5726190476190476
legacy_reused_holdout,1,bestCI,1,1,1.0,strength,dynasurv,3,ET alone,ET+ANTI-CDK wo CT,438,0.8589815552187235,-0.2721058098113086,-0.6394916804993603,0.728310502283105
legacy_reused_holdout,1,bestCI,1,1,1.0,strength,dynasurv,3,ET alone,MONOCT std alone,438,0.8865107797280617,0.0080573131086364,0.630417270517157,0.593607305936073
legacy_reused_holdout,1,bestCI,1,1,1.0,strength,dynasurv,3,ET alone,POLYCT alone,438,1.3604365988172131,-0.0790132731077646,1.0565508454916452,0.541095890410959
legacy_reused_holdout,1,bestCI,1,1,1.0,strength,dynasurv,3,ET+ANTI-CDK wo CT,MONOCT std alone,438,1.5120311366556975,0.280163122919945,1.2699089510165174,0.8036529680365296
legacy_reused_holdout,1,bestCI,1,1,1.0,strength,dynasurv,3,ET+ANTI-CDK wo CT,POLYCT alone,438,1.964798229292105,0.1930925367035439,1.69604270480494,0.5958904109589042
legacy_reused_holdout,1,bestCI,1,1,1.0,strength,dynasurv,3,MONOCT std alone,POLYCT alone,438,0.9147369594521728,-0.087070586216401,0.4261336643814554,0.6232876712328768
legacy_reused_holdout,1,bestCI,1,1,1.0,strength,dynasurv,4,MONOCT std alone,POLYCT alone,198,1.0729722219034876,-0.2011893921872938,0.6416790121576155,0.6363636363636364
legacy_reused_holdout,1,bestCI,1,1,1.0,strength,dynasurv,all,ET alone,ET+ANTI-CDK wo CT,3255,1.213421941839303,-0.4333196840688452,-0.7527880706384913,0.8592933947772657
legacy_reused_holdout,1,bestCI,1,1,1.0,strength,dynasurv,all,ET alone,MONOCT std alone,3255,1.9223692229507836,-0.0189563965935839,1.5263365245003833,0.6740399385560676
legacy_reused_holdout,1,bestCI,1,1,1.0,strength,dynasurv,all,ET alone,POLYCT alone,3255,4.020401068243432,-0.1029398153089824,3.358247251298362,0.5720430107526882
legacy_reused_holdout,1,bestCI,1,1,1.0,strength,dynasurv,all,ET+ANTI-CDK wo CT,MONOCT std alone,3255,2.7566327292395822,0.4143632874752613,2.2791245951388746,0.7901689708141321
legacy_reused_holdout,1,bestCI,1,1,1.0,strength,dynasurv,all,ET+ANTI-CDK wo CT,POLYCT alone,3255,4.722019539377329,0.3303798687598628,4.111035441146143,0.6522273425499232
legacy_reused_holdout,1,bestCI,1,1,1.0,strength,dynasurv,all,MONOCT std alone,POLYCT alone,3453,2.6000297996700716,-0.0907041782715627,1.7636612409928152,0.5699391833188532
legacy_reused_holdout,1,bestCI,1,1,1.0,strength,oracle,1,ET alone,ET+ANTI-CDK wo CT,1977,1.136072454575842e-06,-0.517060430079275,-5.136115680537401e-07,1.0
legacy_reused_holdout,1,bestCI,1,1,1.0,strength,oracle,1,ET alone,MONOCT std alone,1977,2.10448758568035e-06,-0.0490775089510291,1.0540231330236072e-06,1.0
legacy_reused_holdout,1,bestCI,1,1,1.0,strength,oracle,1,ET alone,POLYCT alone,1977,2.512686549300032e-06,-0.0743956492654516,2.018589091851153e-07,1.0
legacy_reused_holdout,1,bestCI,1,1,1.0,strength,oracle,1,ET+ANTI-CDK wo CT,MONOCT std alone,1977,2.1321962580912317e-06,0.4679829211282459,1.567634701160614e-06,1.0
legacy_reused_holdout,1,bestCI,1,1,1.0,strength,oracle,1,ET+ANTI-CDK wo CT,POLYCT alone,1977,2.6621730584945423e-06,0.4426647808138235,7.154704772527332e-07,1.0
legacy_reused_holdout,1,bestCI,1,1,1.0,strength,oracle,1,MONOCT std alone,POLYCT alone,1977,2.6267022090886086e-06,-0.0253181403144224,-8.521642238697169e-07,1.0
legacy_reused_holdout,1,bestCI,1,1,1.0,strength,oracle,2,ET alone,ET+ANTI-CDK wo CT,840,3.0879265875982146e-06,-0.3202913770000135,-5.60478474576076e-07,1.0
legacy_reused_holdout,1,bestCI,1,1,1.0,strength,oracle,2,ET alone,MONOCT std alone,840,4.002324770900425e-06,0.0378500727886737,2.2185723240128463e-06,1.0
legacy_reused_holdout,1,bestCI,1,1,1.0,strength,oracle,2,ET alone,POLYCT alone,840,4.738257662969761e-06,-0.1825965316806418,8.491766931295608e-07,1.0
legacy_reused_holdout,1,bestCI,1,1,1.0,strength,oracle,2,ET+ANTI-CDK wo CT,MONOCT std alone,840,4.553188676206376e-06,0.3581414497886872,2.7790507986513724e-06,1.0
legacy_reused_holdout,1,bestCI,1,1,1.0,strength,oracle,2,ET+ANTI-CDK wo CT,POLYCT alone,840,5.40617441832788e-06,0.1376948453193716,1.4096551677056368e-06,1.0
legacy_reused_holdout,1,bestCI,1,1,1.0,strength,oracle,2,MONOCT std alone,POLYCT alone,840,5.219566535288866e-06,-0.2204466044693156,-1.3693956308902244e-06,1.0
legacy_reused_holdout,1,bestCI,1,1,1.0,strength,oracle,3,ET alone,ET+ANTI-CDK wo CT,438,4.6835633106001004e-06,-0.2721058098113086,-3.954155974317253e-07,1.0
legacy_reused_holdout,1,bestCI,1,1,1.0,strength,oracle,3,ET alone,MONOCT std alone,438,5.069335679525113e-06,0.0080573131086364,2.6660007748941644e-06,1.0
legacy_reused_holdout,1,bestCI,1,1,1.0,strength,oracle,3,ET alone,POLYCT alone,438,6.790152606949562e-06,-0.0790132731077646,8.740028172998793e-07,1.0
legacy_reused_holdout,1,bestCI,1,1,1.0,strength,oracle,3,ET+ANTI-CDK wo CT,MONOCT std alone,438,5.781248116895547e-06,0.280163122919945,3.0614163724074217e-06,1.0
legacy_reused_holdout,1,bestCI,1,1,1.0,strength,oracle,3,ET+ANTI-CDK wo CT,POLYCT alone,438,6.78386964361737e-06,0.1930925367035439,1.269418414773238e-06,1.0
legacy_reused_holdout,1,bestCI,1,1,1.0,strength,oracle,3,MONOCT std alone,POLYCT alone,438,6.835718369435337e-06,-0.087070586216401,-1.791997957620306e-06,1.0
legacy_reused_holdout,1,bestCI,1,1,1.0,strength,oracle,4,MONOCT std alone,POLYCT alone,198,8.576804567439768e-06,-0.2011893921872938,-1.4842873310438875e-06,1.0
legacy_reused_holdout,1,bestCI,1,1,1.0,strength,oracle,all,ET alone,ET+ANTI-CDK wo CT,3255,2.4892484851074337e-06,-0.4333196840688452,-5.098015424254143e-07,1.0
legacy_reused_holdout,1,bestCI,1,1,1.0,strength,oracle,all,ET alone,MONOCT std alone,3255,3.2065263213604e-06,-0.0189563965935839,1.5714632336551182e-06,1.0
legacy_reused_holdout,1,bestCI,1,1,1.0,strength,oracle,all,ET alone,POLYCT alone,3255,3.979030682250726e-06,-0.1029398153089824,4.593538309033418e-07,1.0
legacy_reused_holdout,1,bestCI,1,1,1.0,strength,oracle,all,ET+ANTI-CDK wo CT,MONOCT std alone,3255,3.5508870398280423e-06,0.4143632874752613,2.081264776021552e-06,1.0
legacy_reused_holdout,1,bestCI,1,1,1.0,strength,oracle,all,ET+ANTI-CDK wo CT,POLYCT alone,3255,4.2473058591851565e-06,0.3303798687598628,9.691553732316116e-07,1.0
legacy_reused_holdout,1,bestCI,1,1,1.0,strength,oracle,all,MONOCT std alone,POLYCT alone,3453,4.552265326908447e-06,-0.0907041782715627,-1.1334506219151663e-06,1.0
legacy_reused_holdout,1,bestCI,1,1,1.0,strength,naive_km,1,ET alone,ET+ANTI-CDK wo CT,1977,1.308481550117203,-0.517060430079275,-1.2799349160481706,1.0
legacy_reused_holdout,1,bestCI,1,1,1.0,strength,naive_km,1,ET alone,MONOCT std alone,1977,2.4085676441985377,-0.0490775089510291,2.1594752124098697,0.6717248356095094
legacy_reused_holdout,1,bestCI,1,1,1.0,strength,naive_km,1,ET alone,POLYCT alone,1977,1.754467619169856,-0.0743956492654516,0.5706186295873832,0.5609509357612544
legacy_reused_holdout,1,bestCI,1,1,1.0,strength,naive_km,1,ET+ANTI-CDK wo CT,MONOCT std alone,1977,3.5510527885933887,0.4679829211282459,3.439410128458042,0.7971674253920081
legacy_reused_holdout,1,bestCI,1,1,1.0,strength,naive_km,1,ET+ANTI-CDK wo CT,POLYCT alone,1977,2.4507628694655814,0.4426647808138235,1.8505535456355544,0.6944865958523014
legacy_reused_holdout,1,bestCI,1,1,1.0,strength,naive_km,1,MONOCT std alone,POLYCT alone,1977,2.252718159403195,-0.0253181403144224,-1.588856582822486,0.6019221041982802
legacy_reused_holdout,1,bestCI,1,1,1.0,strength,naive_km,2,ET alone,ET+ANTI-CDK wo CT,840,2.1257328490000185,-0.3202913770000135,-1.9516512441872265,0.6154761904761905
legacy_reused_holdout,1,bestCI,1,1,1.0,strength,naive_km,2,ET alone,MONOCT std alone,840,1.926958867429042,0.0378500727886737,1.6538144626267604,0.5869047619047619
legacy_reused_holdout,1,bestCI,1,1,1.0,strength,naive_km,2,ET alone,POLYCT alone,840,1.791080489398026,-0.1825965316806418,0.8927200993472573,0.5083333333333333
legacy_reused_holdout,1,bestCI,1,1,1.0,strength,naive_km,2,ET+ANTI-CDK wo CT,MONOCT std alone,840,3.76229190399347,0.3581414497886872,3.605465706813987,0.7130952380952381
legacy_reused_holdout,1,bestCI,1,1,1.0,strength,naive_km,2,ET+ANTI-CDK wo CT,POLYCT alone,840,3.3186111598363848,0.1376948453193716,2.8443713435344837,0.5666666666666667
legacy_reused_holdout,1,bestCI,1,1,1.0,strength,naive_km,2,MONOCT std alone,POLYCT alone,840,1.7076692604072157,-0.2204466044693156,-0.7610943632795031,0.6214285714285714
legacy_reused_holdout,1,bestCI,1,1,1.0,strength,naive_km,3,ET alone,ET+ANTI-CDK wo CT,438,0.9267680606140024,-0.2721058098113086,-0.7734253612412897,0.728310502283105
legacy_reused_holdout,1,bestCI,1,1,1.0,strength,naive_km,3,ET alone,MONOCT std alone,438,0.8819305138538269,0.0080573131086364,0.6580562579704385,0.5753424657534246
legacy_reused_holdout,1,bestCI,1,1,1.0,strength,naive_km,3,ET alone,POLYCT alone,438,1.0910820289859575,-0.0790132731077646,0.5650991185895675,0.4748858447488584
legacy_reused_holdout,1,bestCI,1,1,1.0,strength,naive_km,3,ET+ANTI-CDK wo CT,MONOCT std alone,438,1.5530763792959987,0.280163122919945,1.4314816192117283,0.8013698630136986
legacy_reused_holdout,1,bestCI,1,1,1.0,strength,naive_km,3,ET+ANTI-CDK wo CT,POLYCT alone,438,1.6550676381639269,0.1930925367035439,1.338524479830857,0.589041095890411
legacy_reused_holdout,1,bestCI,1,1,1.0,strength,naive_km,3,MONOCT std alone,POLYCT alone,438,0.9450849633695768,-0.087070586216401,-0.0929571393808708,0.6095890410958904
legacy_reused_holdout,1,bestCI,1,1,1.0,strength,naive_km,4,MONOCT std alone,POLYCT alone,198,0.8914515714243452,-0.2011893921872938,-0.0658220481215569,0.6060606060606061
legacy_reused_holdout,1,bestCI,1,1,1.0,strength,naive_km,all,ET alone,ET+ANTI-CDK wo CT,3255,1.52367981520893,-0.4333196840688452,-1.3851240191607337,0.8642089093701997
legacy_reused_holdout,1,bestCI,1,1,1.0,strength,naive_km,all,ET alone,MONOCT std alone,3255,2.141586536267764,-0.0189563965935839,1.8269478600712263,0.6368663594470046
legacy_reused_holdout,1,bestCI,1,1,1.0,strength,naive_km,all,ET alone,POLYCT alone,3255,1.6904567554407843,-0.1029398153089824,0.6529988719164925,0.5357910906298003
legacy_reused_holdout,1,bestCI,1,1,1.0,strength,naive_km,all,ET+ANTI-CDK wo CT,MONOCT std alone,3255,3.4112160051724625,0.4143632874752613,3.212071879231961,0.776036866359447
legacy_reused_holdout,1,bestCI,1,1,1.0,strength,naive_km,all,ET+ANTI-CDK wo CT,POLYCT alone,3255,2.6189194681920664,0.3303798687598628,2.038122891077226,0.6473118279569893
legacy_reused_holdout,1,bestCI,1,1,1.0,strength,naive_km,all,MONOCT std alone,POLYCT alone,3453,1.9426228923811208,-0.0907041782715627,-1.1104073912457944,0.6078772082247321
legacy_reused_holdout,1,bestCI,2,2,1.0,strength,dynasurv,1,ET alone,ET+ANTI-CDK wo CT,1977,0.9290876871166032,-0.5262683935042568,-0.5819974832657627,0.99645928174001
legacy_reused_holdout,1,bestCI,2,2,1.0,strength,dynasurv,1,ET alone,MONOCT std alone,1977,2.8091173202117776,-0.0423136658393132,2.4905336804114566,0.7334344967121902
legacy_reused_holdout,1,bestCI,2,2,1.0,strength,dynasurv,1,ET alone,POLYCT alone,1977,4.473481844543002,-0.0678729768928009,3.952164864176126,0.6287303995953465
legacy_reused_holdout,1,bestCI,2,2,1.0,strength,dynasurv,1,ET+ANTI-CDK wo CT,MONOCT std alone,1977,3.2840810640434817,0.4839547276649436,3.0725314020957986,0.8113302984319676
legacy_reused_holdout,1,bestCI,2,2,1.0,strength,dynasurv,1,ET+ANTI-CDK wo CT,POLYCT alone,1977,4.963009173374112,0.4583954166114559,4.534162585860468,0.6980273141122914
legacy_reused_holdout,1,bestCI,2,2,1.0,strength,dynasurv,1,MONOCT std alone,POLYCT alone,1977,2.0390738355615996,-0.0255593110534876,1.461631541392538,0.6737481031866465
legacy_reused_holdout,1,bestCI,2,2,1.0,strength,dynasurv,2,ET alone,ET+ANTI-CDK wo CT,840,1.4188477679919715,-0.3134185712279028,-0.9903458912431056,0.6154761904761905
legacy_reused_holdout,1,bestCI,2,2,1.0,strength,dynasurv,2,ET alone,MONOCT std alone,840,1.7849146557023234,0.0461898704617272,1.4148822168261757,0.6238095238095238
legacy_reused_holdout,1,bestCI,2,2,1.0,strength,dynasurv,2,ET alone,POLYCT alone,840,2.3107082190158477,-0.1747604664399964,1.9494438227250916,0.569047619047619
legacy_reused_holdout,1,bestCI,2,2,1.0,strength,dynasurv,2,ET+ANTI-CDK wo CT,MONOCT std alone,840,2.6622644341785757,0.3596084416896301,2.4052283464878603,0.7130952380952381
legacy_reused_holdout,1,bestCI,2,2,1.0,strength,dynasurv,2,ET+ANTI-CDK wo CT,POLYCT alone,840,3.241030963320549,0.1386581047879064,2.9397901908053554,0.5678571428571428
legacy_reused_holdout,1,bestCI,2,2,1.0,strength,dynasurv,2,MONOCT std alone,POLYCT alone,840,1.21235064023586,-0.2209503369017236,0.5345616953058832,0.6928571428571428
legacy_reused_holdout,1,bestCI,2,2,1.0,strength,dynasurv,3,ET alone,ET+ANTI-CDK wo CT,438,0.7833043313682818,-0.2776886411321105,-0.5218183211672364,0.728310502283105
legacy_reused_holdout,1,bestCI,2,2,1.0,strength,dynasurv,3,ET alone,MONOCT std alone,438,1.0649470117346025,-0.002109188163929,0.7821760359651375,0.6187214611872146
legacy_reused_holdout,1,bestCI,2,2,1.0,strength,dynasurv,3,ET alone,POLYCT alone,438,1.2548728625161136,-0.0918223035892879,0.9598667991718683,0.591324200913242
legacy_reused_holdout,1,bestCI,2,2,1.0,strength,dynasurv,3,ET+ANTI-CDK wo CT,MONOCT std alone,438,1.4675377385211636,0.2755794529681815,1.3039944167370188,0.7990867579908676
legacy_reused_holdout,1,bestCI,2,2,1.0,strength,dynasurv,3,ET+ANTI-CDK wo CT,POLYCT alone,438,1.6912384075673048,0.1858663375428225,1.4816851799437496,0.5958904109589042
legacy_reused_holdout,1,bestCI,2,2,1.0,strength,dynasurv,3,MONOCT std alone,POLYCT alone,438,0.7631269453876323,-0.0897131154253588,0.1776908302619563,0.7100456621004566
legacy_reused_holdout,1,bestCI,2,2,1.0,strength,dynasurv,4,ET alone,MONOCT std alone,198,1.1318719619709063,0.0942554964992285,0.7360724911716698,0.6212121212121212
legacy_reused_holdout,1,bestCI,2,2,1.0,strength,dynasurv,4,ET alone,POLYCT alone,198,1.410562599331608,-0.1084479374727156,1.0409180803140547,0.6111111111111112
legacy_reused_holdout,1,bestCI,2,2,1.0,strength,dynasurv,4,MONOCT std alone,POLYCT alone,198,0.7676965985360263,-0.2027034339719442,0.3048455369883207,0.6818181818181818
legacy_reused_holdout,1,bestCI,2,2,1.0,strength,dynasurv,all,ET alone,ET+ANTI-CDK wo CT,3255,1.0613043429504991,-0.4378899657773329,-0.6792798912478135,0.8620583717357911
legacy_reused_holdout,1,bestCI,2,2,1.0,strength,dynasurv,all,ET alone,MONOCT std alone,3453,2.3474211325150853,-0.0078528416696858,1.9115614188257528,0.6857804807413843
legacy_reused_holdout,1,bestCI,2,2,1.0,strength,dynasurv,all,ET alone,POLYCT alone,3453,3.615319384389197,-0.0992396547113727,2.91847283380378,0.6084564147118448
legacy_reused_holdout,1,bestCI,2,2,1.0,strength,dynasurv,all,ET+ANTI-CDK wo CT,MONOCT std alone,3255,2.9444029696508296,0.423825925656819,2.662345701387858,0.784331797235023
legacy_reused_holdout,1,bestCI,2,2,1.0,strength,dynasurv,all,ET+ANTI-CDK wo CT,POLYCT alone,3255,4.249253987870858,0.3392104462385395,3.71196371757982,0.6506912442396313
legacy_reused_holdout,1,bestCI,2,2,1.0,strength,dynasurv,all,MONOCT std alone,POLYCT alone,3453,1.686938039420963,-0.0913868130416869,1.0069114149780274,0.6834636547929337
legacy_reused_holdout,1,bestCI,2,2,1.0,strength,oracle,1,ET alone,ET+ANTI-CDK wo CT,1977,1.14601075472257e-06,-0.5262683935042568,-5.15694126623778e-07,1.0
legacy_reused_holdout,1,bestCI,2,2,1.0,strength,oracle,1,ET alone,MONOCT std alone,1977,2.1091951976333e-06,-0.0423136658393132,1.0526170078489772e-06,1.0
legacy_reused_holdout,1,bestCI,2,2,1.0,strength,oracle,1,ET alone,POLYCT alone,1977,2.600240260166628e-06,-0.0678729768928009,2.1586939720485979e-07,1.0
legacy_reused_holdout,1,bestCI,2,2,1.0,strength,oracle,1,ET+ANTI-CDK wo CT,MONOCT std alone,1977,2.145440902657174e-06,0.4839547276649436,1.5683111344033662e-06,1.0
legacy_reused_holdout,1,bestCI,2,2,1.0,strength,oracle,1,ET+ANTI-CDK wo CT,POLYCT alone,1977,2.718605691066876e-06,0.4583954166114559,7.315635237592488e-07,1.0
legacy_reused_holdout,1,bestCI,2,2,1.0,strength,oracle,1,MONOCT std alone,POLYCT alone,1977,2.6597364110996587e-06,-0.0255593110534876,-8.367476106545257e-07,1.0
legacy_reused_holdout,1,bestCI,2,2,1.0,strength,oracle,2,ET alone,ET+ANTI-CDK wo CT,840,3.102609500318213e-06,-0.3134185712279028,-5.39977987823459e-07,1.0
legacy_reused_holdout,1,bestCI,2,2,1.0,strength,oracle,2,ET alone,MONOCT std alone,840,3.961517299369093e-06,0.0461898704617272,2.1422785535518685e-06,1.0
legacy_reused_holdout,1,bestCI,2,2,1.0,strength,oracle,2,ET alone,POLYCT alone,840,4.835534841066845e-06,-0.1747604664399964,7.832538615193396e-07,1.0
legacy_reused_holdout,1,bestCI,2,2,1.0,strength,oracle,2,ET+ANTI-CDK wo CT,MONOCT std alone,840,4.488813208284158e-06,0.3596084416896301,2.6822565414308386e-06,1.0
legacy_reused_holdout,1,bestCI,2,2,1.0,strength,oracle,2,ET+ANTI-CDK wo CT,POLYCT alone,840,5.34528447289583e-06,0.1386581047879064,1.3232318493427986e-06,1.0
legacy_reused_holdout,1,bestCI,2,2,1.0,strength,oracle,2,MONOCT std alone,POLYCT alone,840,5.213443015364472e-06,-0.2209503369017236,-1.3590246920602844e-06,1.0
legacy_reused_holdout,1,bestCI,2,2,1.0,strength,oracle,3,ET alone,ET+ANTI-CDK wo CT,438,5.153005602302307e-06,-0.2776886411321105,-2.869230892321717e-07,1.0
legacy_reused_holdout,1,bestCI,2,2,1.0,strength,oracle,3,ET alone,MONOCT std alone,438,5.3829991759724455e-06,-0.002109188163929,2.748891049017023e-06,1.0
legacy_reused_holdout,1,bestCI,2,2,1.0,strength,oracle,3,ET alone,POLYCT alone,438,6.989278416490837e-06,-0.0918223035892879,1.0695851573316872e-06,1.0
legacy_reused_holdout,1,bestCI,2,2,1.0,strength,oracle,3,ET+ANTI-CDK wo CT,MONOCT std alone,438,6.011437097141876e-06,0.2755794529681815,3.035814138185877e-06,1.0
legacy_reused_holdout,1,bestCI,2,2,1.0,strength,oracle,3,ET+ANTI-CDK wo CT,POLYCT alone,438,6.537729467667141e-06,0.1858663375428225,1.3565082465361034e-06,1.0
legacy_reused_holdout,1,bestCI,2,2,1.0,strength,oracle,3,MONOCT std alone,POLYCT alone,438,7.049595292454925e-06,-0.0897131154253588,-1.6793058916914072e-06,1.0
legacy_reused_holdout,1,bestCI,2,2,1.0,strength,oracle,4,ET alone,MONOCT std alone,198,6.328179864385682e-06,0.0942554964992285,2.922583694678349e-06,1.0
legacy_reused_holdout,1,bestCI,2,2,1.0,strength,oracle,4,ET alone,POLYCT alone,198,6.884167021875877e-06,-0.1084479374727156,1.130294946999344e-06,1.0
legacy_reused_holdout,1,bestCI,2,2,1.0,strength,oracle,4,MONOCT std alone,POLYCT alone,198,8.38431678845109e-06,-0.2027034339719442,-1.7922887476373717e-06,1.0
legacy_reused_holdout,1,bestCI,2,2,1.0,strength,oracle,all,ET alone,ET+ANTI-CDK wo CT,3255,2.6181975069529496e-06,-0.4378899657773329,-4.911769925231013e-07,1.0
legacy_reused_holdout,1,bestCI,2,2,1.0,strength,oracle,all,ET alone,MONOCT std alone,3453,3.5123626371229137e-06,-0.0078528416696858,1.6400879410804342e-06,1.0
legacy_reused_holdout,1,bestCI,2,2,1.0,strength,oracle,all,ET alone,POLYCT alone,3453,4.298050020783729e-06,-0.0992396547113727,5.146202549655143e-07,1.0
legacy_reused_holdout,1,bestCI,2,2,1.0,strength,oracle,all,ET+ANTI-CDK wo CT,MONOCT std alone,3255,3.585843042195939e-06,0.423825925656819,2.0532513672066877e-06,1.0
legacy_reused_holdout,1,bestCI,2,2,1.0,strength,oracle,all,ET+ANTI-CDK wo CT,POLYCT alone,3255,4.196887722100278e-06,0.3392104462385395,9.683460681642051e-07,1.0
legacy_reused_holdout,1,bestCI,2,2,1.0,strength,oracle,all,MONOCT std alone,POLYCT alone,3453,4.582254478447107e-06,-0.0913868130416869,-1.1254676861305324e-06,1.0
legacy_reused_holdout,1,bestCI,2,2,1.0,strength,naive_km,1,ET alone,ET+ANTI-CDK wo CT,1977,1.0932627550420164,-0.5262683935042568,-1.0579409591457285,1.0
legacy_reused_holdout,1,bestCI,2,2,1.0,strength,naive_km,1,ET alone,MONOCT std alone,1977,2.8459940407235753,-0.0423136658393132,2.6377929356655727,0.6717248356095094
legacy_reused_holdout,1,bestCI,2,2,1.0,strength,naive_km,1,ET alone,POLYCT alone,1977,1.8288875189194491,-0.0678729768928009,0.7057677945512212,0.5609509357612544
legacy_reused_holdout,1,bestCI,2,2,1.0,strength,naive_km,1,ET+ANTI-CDK wo CT,MONOCT std alone,1977,3.802068908964572,0.4839547276649436,3.695733894811303,0.7971674253920081
legacy_reused_holdout,1,bestCI,2,2,1.0,strength,naive_km,1,ET+ANTI-CDK wo CT,POLYCT alone,1977,2.4100251619858906,0.4583954166114559,1.7637087536969496,0.6944865958523014
legacy_reused_holdout,1,bestCI,2,2,1.0,strength,naive_km,1,MONOCT std alone,POLYCT alone,1977,2.5190829953954315,-0.0255593110534876,-1.932025141114352,0.6019221041982802
legacy_reused_holdout,1,bestCI,2,2,1.0,strength,naive_km,2,ET alone,ET+ANTI-CDK wo CT,840,1.7658764076792788,-0.3134185712279028,-1.5600864398810144,0.6154761904761905
legacy_reused_holdout,1,bestCI,2,2,1.0,strength,naive_km,2,ET alone,MONOCT std alone,840,1.796132554785305,0.0461898704617272,1.505578294007894,0.5869047619047619
legacy_reused_holdout,1,bestCI,2,2,1.0,strength,naive_km,2,ET alone,POLYCT alone,840,2.0069322509623,-0.1747604664399964,1.254543201717007,0.5083333333333333
legacy_reused_holdout,1,bestCI,2,2,1.0,strength,naive_km,2,ET+ANTI-CDK wo CT,MONOCT std alone,840,3.247649806517483,0.3596084416896301,3.0656647338889083,0.7130952380952381
legacy_reused_holdout,1,bestCI,2,2,1.0,strength,naive_km,2,ET+ANTI-CDK wo CT,POLYCT alone,840,3.286397828740721,0.1386581047879064,2.8146296415980196,0.5666666666666667
legacy_reused_holdout,1,bestCI,2,2,1.0,strength,naive_km,2,MONOCT std alone,POLYCT alone,840,1.5659806152989666,-0.2209503369017236,-0.2510350922908868,0.6214285714285714
legacy_reused_holdout,1,bestCI,2,2,1.0,strength,naive_km,3,ET alone,ET+ANTI-CDK wo CT,438,0.5307786434347669,-0.2776886411321105,0.113042242084335,0.728310502283105
legacy_reused_holdout,1,bestCI,2,2,1.0,strength,naive_km,3,ET alone,MONOCT std alone,438,1.5121024182203284,-0.002109188163929,1.3986674208565273,0.5753424657534246
legacy_reused_holdout,1,bestCI,2,2,1.0,strength,naive_km,3,ET alone,POLYCT alone,438,1.769649788080999,-0.0918223035892879,1.494285878074905,0.4748858447488584
legacy_reused_holdout,1,bestCI,2,2,1.0,strength,naive_km,3,ET+ANTI-CDK wo CT,MONOCT std alone,438,1.4168837998426602,0.2755794529681815,1.2856251787721922,0.8013698630136986
legacy_reused_holdout,1,bestCI,2,2,1.0,strength,naive_km,3,ET+ANTI-CDK wo CT,POLYCT alone,438,1.7019376154122383,0.1858663375428225,1.38124363599057,0.589041095890411
legacy_reused_holdout,1,bestCI,2,2,1.0,strength,naive_km,3,MONOCT std alone,POLYCT alone,438,0.9502032457069564,-0.0897131154253588,0.0956184572183779,0.3904109589041096
legacy_reused_holdout,1,bestCI,2,2,1.0,strength,naive_km,4,ET alone,MONOCT std alone,198,1.204154431268132,0.0942554964992285,1.0445144459873807,0.5808080808080808
legacy_reused_holdout,1,bestCI,2,2,1.0,strength,naive_km,4,ET alone,POLYCT alone,198,1.5357948123304763,-0.1084479374727156,1.2303194066748402,0.4696969696969697
legacy_reused_holdout,1,bestCI,2,2,1.0,strength,naive_km,4,MONOCT std alone,POLYCT alone,198,0.9173626773616887,-0.2027034339719442,0.1858049606874594,0.6060606060606061
legacy_reused_holdout,1,bestCI,2,2,1.0,strength,naive_km,all,ET alone,ET+ANTI-CDK wo CT,3255,1.2524312585864352,-0.4378899657773329,-1.0299567999072865,0.8642089093701997
legacy_reused_holdout,1,bestCI,2,2,1.0,strength,naive_km,all,ET alone,MONOCT std alone,3453,2.4073659297580163,-0.0078528416696858,2.113823513298039,0.6336518969012453
legacy_reused_holdout,1,bestCI,2,2,1.0,strength,naive_km,all,ET alone,POLYCT alone,3453,1.8513185020664849,-0.0992396547113727,0.9693656751776648,0.5320011584129742
legacy_reused_holdout,1,bestCI,2,2,1.0,strength,naive_km,all,ET+ANTI-CDK wo CT,MONOCT std alone,3255,3.4310392153284934,0.423825925656819,3.2088258417237623,0.776036866359447
legacy_reused_holdout,1,bestCI,2,2,1.0,strength,naive_km,all,ET+ANTI-CDK wo CT,POLYCT alone,3255,2.5893498993235564,0.3392104462385395,1.9834487918786712,0.6473118279569893
legacy_reused_holdout,1,bestCI,2,2,1.0,strength,naive_km,all,MONOCT std alone,POLYCT alone,3453,2.0958514940214754,-0.0913868130416869,-1.144457838120374,0.5800752968433246
