split,evaluation_protocol,eval_kind,seed,rep,level,axis,predictor,policy,line,n,value,regret,hit_rate,abstain_rate
legacy_reused_holdout,1,bestCI,0,0,0.0,gamma,reference,factual,1,1977,20.678936585700775,0.6305656957896584,0.4410723318158826,0.0
legacy_reused_holdout,1,bestCI,0,0,0.0,gamma,reference,factual,2,840,13.78985554126012,0.9239732762792456,0.244047619047619,0.0
legacy_reused_holdout,1,bestCI,0,0,0.0,gamma,reference,factual,3,438,9.479740582950004,0.6001326076218765,0.184931506849315,0.0
legacy_reused_holdout,1,bestCI,0,0,0.0,gamma,reference,factual,4,198,8.77796013600888,0.3770653223467941,0.4747474747474747,0.0
legacy_reused_holdout,1,bestCI,0,0,0.0,gamma,reference,factual,all,3453,16.9000575635247,0.6835455976292406,0.3625832609325224,0.0
legacy_reused_holdout,1,bestCI,0,0,0.0,gamma,reference,best_constant,1,1977,20.857608324098113,0.451893957392322,0.6575619625695498,0.0
legacy_reused_holdout,1,bestCI,0,0,0.0,gamma,reference,best_constant,2,840,14.000553468817266,0.7132753487221001,0.3976190476190476,0.0
legacy_reused_holdout,1,bestCI,0,0,0.0,gamma,reference,best_constant,3,438,9.727464036913265,0.3524091536586161,0.4315068493150685,0.0
legacy_reused_holdout,1,bestCI,0,0,0.0,gamma,reference,best_constant,4,198,8.909715445073163,0.2453100132825126,0.6060606060606061,0.0
legacy_reused_holdout,1,bestCI,0,0,0.0,gamma,reference,best_constant,all,3453,17.092588901488842,0.4910142596651016,0.562699102229945,0.0
legacy_reused_holdout,1,bestCI,0,0,0.0,gamma,dynasurv,line_only,1,1977,21.01742891938713,0.2920733621033084,0.701062215477997,0.0
legacy_reused_holdout,1,bestCI,0,0,0.0,gamma,dynasurv,line_only,2,840,14.06777249198807,0.6460563255512977,0.425,0.0
legacy_reused_holdout,1,bestCI,0,0,0.0,gamma,dynasurv,line_only,3,438,9.739661665020687,0.3402115255511916,0.4611872146118721,0.0
legacy_reused_holdout,1,bestCI,0,0,0.0,gamma,dynasurv,line_only,4,198,8.972604598040823,0.1824208603148504,0.6414141414141414,0.0
legacy_reused_holdout,1,bestCI,0,0,0.0,gamma,dynasurv,line_only,all,3453,17.20559901146524,0.3780041496887035,0.6000579206487112,0.0
legacy_reused_holdout,1,bestCI,0,0,0.0,gamma,dynasurv,supported,1,1977,21.01742891938713,0.2920733621033084,0.701062215477997,0.0
legacy_reused_holdout,1,bestCI,0,0,0.0,gamma,dynasurv,supported,2,840,14.063239556021117,0.6505892615182495,0.4238095238095238,0.0
legacy_reused_holdout,1,bestCI,0,0,0.0,gamma,dynasurv,supported,3,438,9.731127253605068,0.3487459369668128,0.454337899543379,0.0
legacy_reused_holdout,1,bestCI,0,0,0.0,gamma,dynasurv,supported,4,198,8.972604598040823,0.1824208603148504,0.6414141414141414,0.0
legacy_reused_holdout,1,bestCI,0,0,0.0,gamma,dynasurv,supported,all,3453,17.203413741146015,0.3801894200079277,0.598899507674486,0.0
legacy_reused_holdout,1,bestCI,0,0,0.0,gamma,oracle,line_only,1,1977,21.309502281490435,0.0,1.0,0.0
legacy_reused_holdout,1,bestCI,0,0,0.0,gamma,oracle,line_only,2,840,14.713828817539367,0.0,1.0,0.0
legacy_reused_holdout,1,bestCI,0,0,0.0,gamma,oracle,line_only,3,438,10.07987319057188,0.0,1.0,0.0
legacy_reused_holdout,1,bestCI,0,0,0.0,gamma,oracle,line_only,4,198,9.155025458355674,0.0,1.0,0.0
legacy_reused_holdout,1,bestCI,0,0,0.0,gamma,oracle,line_only,all,3453,17.583603161153945,0.0,1.0,0.0
legacy_reused_holdout,1,bestCI,0,0,0.0,gamma,naive_km,line_only,1,1977,20.423473533700708,0.8860287477897285,0.0814365199797673,0.0
legacy_reused_holdout,1,bestCI,0,0,0.0,gamma,naive_km,line_only,2,840,14.000553468817266,0.7132753487221001,0.3976190476190476,0.0
legacy_reused_holdout,1,bestCI,0,0,0.0,gamma,naive_km,line_only,3,438,9.727464036913265,0.3524091536586161,0.4315068493150685,0.0
legacy_reused_holdout,1,bestCI,0,0,0.0,gamma,naive_km,line_only,4,198,8.717406040777783,0.4376194175778906,0.3939393939393939,0.0
legacy_reused_holdout,1,bestCI,0,0,0.0,gamma,naive_km,line_only,all,3453,16.83299963341292,0.7506035277410232,0.2206776715899218,0.0
legacy_reused_holdout,1,bestCI,0,0,0.0,gamma,reference,random,1,1977,20.51711836534985,0.7923839161405819,0.25,0.0
legacy_reused_holdout,1,bestCI,0,0,0.0,gamma,reference,random,2,840,13.801097773520656,0.9127310440187102,0.25,0.0
legacy_reused_holdout,1,bestCI,0,0,0.0,gamma,reference,random,3,438,9.553661765199022,0.5262114253728568,0.25,0.0
legacy_reused_holdout,1,bestCI,0,0,0.0,gamma,reference,random,4,198,8.813560742925471,0.3414647154302016,0.5,0.0
legacy_reused_holdout,1,bestCI,0,0,0.0,gamma,reference,random,all,3453,16.821562125198504,0.7620410359554411,0.2643353605560382,0.0
legacy_reused_holdout,1,bestCI,1,1,0.0,gamma,reference,factual,1,1977,20.70972330540977,0.6155279333820131,0.4461305007587253,0.0
legacy_reused_holdout,1,bestCI,1,1,0.0,gamma,reference,factual,2,840,13.836202440880108,0.9081134159562504,0.2392857142857143,0.0
legacy_reused_holdout,1,bestCI,1,1,0.0,gamma,reference,factual,3,438,9.524095766046972,0.5501302250726774,0.1963470319634703,0.0
legacy_reused_holdout,1,bestCI,1,1,0.0,gamma,reference,factual,4,198,8.845102180872916,0.5456860808638577,0.2626262626262626,0.0
legacy_reused_holdout,1,bestCI,1,1,0.0,gamma,reference,factual,all,3453,16.938435332312718,0.6744039606986292,0.3536055603822763,0.0
legacy_reused_holdout,1,bestCI,1,1,0.0,gamma,reference,best_constant,1,1977,20.87605414776552,0.4491970910262663,0.6575619625695498,0.0
legacy_reused_holdout,1,bestCI,1,1,0.0,gamma,reference,best_constant,2,840,14.033730875488027,0.7105849813483274,0.3976190476190476,0.0
legacy_reused_holdout,1,bestCI,1,1,0.0,gamma,reference,best_constant,3,438,9.723529694786732,0.3506962963329208,0.4315068493150685,0.0
legacy_reused_holdout,1,bestCI,1,1,0.0,gamma,reference,best_constant,4,198,8.975861474463823,0.4149267872729507,0.4242424242424242,0.0
legacy_reused_holdout,1,bestCI,1,1,0.0,gamma,reference,best_constant,all,3453,17.114514788242918,0.4983245047684295,0.5522733854619172,0.0
legacy_reused_holdout,1,bestCI,1,1,0.0,gamma,dynasurv,line_only,1,1977,20.933749694669434,0.3915015441223517,0.6767830045523521,0.0
legacy_reused_holdout,1,bestCI,1,1,0.0,gamma,dynasurv,line_only,2,840,14.14154650293158,0.6027693539047766,0.4333333333333333,0.0
legacy_reused_holdout,1,bestCI,1,1,0.0,gamma,dynasurv,line_only,3,438,9.786697474093804,0.2875285170258508,0.4703196347031963,0.0
legacy_reused_holdout,1,bestCI,1,1,0.0,gamma,dynasurv,line_only,4,198,9.080344622281654,0.3104436394551187,0.5505050505050505,0.0
legacy_reused_holdout,1,bestCI,1,1,0.0,gamma,dynasurv,line_only,all,3453,17.187779883489384,0.4250594095219629,0.5841297422531132,0.0
legacy_reused_holdout,1,bestCI,1,1,0.0,gamma,dynasurv,supported,1,1977,20.933749694669434,0.3915015441223517,0.6767830045523521,0.0
legacy_reused_holdout,1,bestCI,1,1,0.0,gamma,dynasurv,supported,2,840,14.14014712137599,0.6041687354603675,0.4321428571428571,0.0
legacy_reused_holdout,1,bestCI,1,1,0.0,gamma,dynasurv,supported,3,438,9.766580620900712,0.3076453702189404,0.4452054794520548,0.0
legacy_reused_holdout,1,bestCI,1,1,0.0,gamma,dynasurv,supported,4,198,9.078571086933431,0.3122171748033393,0.4595959595959596,0.0
legacy_reused_holdout,1,bestCI,1,1,0.0,gamma,dynasurv,supported,all,3453,17.184786016647735,0.4280532763636128,0.5754416449464234,0.0
legacy_reused_holdout,1,bestCI,1,1,0.0,gamma,oracle,line_only,1,1977,21.32525123879178,0.0,1.0,0.0
legacy_reused_holdout,1,bestCI,1,1,0.0,gamma,oracle,line_only,2,840,14.74431585683636,0.0,1.0,0.0
legacy_reused_holdout,1,bestCI,1,1,0.0,gamma,oracle,line_only,3,438,10.074225991119652,0.0,1.0,0.0
legacy_reused_holdout,1,bestCI,1,1,0.0,gamma,oracle,line_only,4,198,9.390788261736772,0.0,1.0,0.0
legacy_reused_holdout,1,bestCI,1,1,0.0,gamma,oracle,line_only,all,3453,17.612839293011348,0.0,1.0,0.0
legacy_reused_holdout,1,bestCI,1,1,0.0,gamma,naive_km,line_only,1,1977,20.87605414776552,0.4491970910262663,0.6575619625695498,0.0
legacy_reused_holdout,1,bestCI,1,1,0.0,gamma,naive_km,line_only,2,840,14.033730875488027,0.7105849813483274,0.3976190476190476,0.0
legacy_reused_holdout,1,bestCI,1,1,0.0,gamma,naive_km,line_only,3,438,9.465451183146698,0.6087748079729542,0.1004566210045662,0.0
legacy_reused_holdout,1,bestCI,1,1,0.0,gamma,naive_km,line_only,4,198,8.86660723083423,0.5241810309025432,0.398989898989899,0.0
legacy_reused_holdout,1,bestCI,1,1,0.0,gamma,naive_km,line_only,all,3453,17.07551370850443,0.5373255845069159,0.508832898928468,0.0
legacy_reused_holdout,1,bestCI,1,1,0.0,gamma,reference,random,1,1977,20.539644758636523,0.7856064801552539,0.25,0.0
legacy_reused_holdout,1,bestCI,1,1,0.0,gamma,reference,random,2,840,13.848958070279236,0.8953577865571221,0.25,0.0
legacy_reused_holdout,1,bestCI,1,1,0.0,gamma,reference,random,3,438,9.54922356361645,0.5250024275032023,0.25,0.0
legacy_reused_holdout,1,bestCI,1,1,0.0,gamma,reference,random,4,198,8.877443249505058,0.5133450122317162,0.3333333333333334,0.0
legacy_reused_holdout,1,bestCI,1,1,0.0,gamma,reference,random,all,3453,16.84920247643353,0.7636368165778168,0.2547784535186794,0.0
legacy_reused_holdout,1,bestCI,2,2,0.0,gamma,reference,factual,1,1977,20.627572005569,0.6515853576288879,0.4410723318158826,0.0
legacy_reused_holdout,1,bestCI,2,2,0.0,gamma,reference,factual,2,840,13.807325826116024,0.8983507772281476,0.2571428571428571,0.0
legacy_reused_holdout,1,bestCI,2,2,0.0,gamma,reference,factual,3,438,9.443281314559547,0.5650405031209006,0.2123287671232876,0.0
legacy_reused_holdout,1,bestCI,2,2,0.0,gamma,reference,factual,4,198,8.954429060538427,0.5463043354194272,0.2575757575757575,0.0
legacy_reused_holdout,1,bestCI,2,2,0.0,gamma,reference,factual,all,3453,16.88039319974256,0.6946003196304538,0.3567911960613958,0.0
legacy_reused_holdout,1,bestCI,2,2,0.0,gamma,reference,best_constant,1,1977,20.822589809928452,0.4565675532694354,0.6575619625695498,0.0
legacy_reused_holdout,1,bestCI,2,2,0.0,gamma,reference,best_constant,2,840,13.991372124121114,0.7143044792230575,0.3976190476190476,0.0
legacy_reused_holdout,1,bestCI,2,2,0.0,gamma,reference,best_constant,3,438,9.654458380484051,0.3538634371963945,0.4315068493150685,0.0
legacy_reused_holdout,1,bestCI,2,2,0.0,gamma,reference,best_constant,4,198,9.090565243274934,0.4101681526829193,0.4242424242424242,0.0
legacy_reused_holdout,1,bestCI,2,2,0.0,gamma,reference,best_constant,all,3453,17.07141538584151,0.5035781335315033,0.5522733854619172,0.0
legacy_reused_holdout,1,bestCI,2,2,0.0,gamma,dynasurv,line_only,1,1977,20.86093515130941,0.4182222118884838,0.5624683864441072,0.0
legacy_reused_holdout,1,bestCI,2,2,0.0,gamma,dynasurv,line_only,2,840,14.155001292062064,0.5506753112821063,0.4178571428571428,0.0
legacy_reused_holdout,1,bestCI,2,2,0.0,gamma,dynasurv,line_only,3,438,9.72363664820242,0.2846851694780287,0.4589041095890411,0.0
legacy_reused_holdout,1,bestCI,2,2,0.0,gamma,dynasurv,line_only,4,198,9.134236751556225,0.3664966444016299,0.51010101010101,0.0
legacy_reused_holdout,1,bestCI,2,2,0.0,gamma,dynasurv,line_only,all,3453,17.144454563623405,0.4305389557496093,0.5111497248769187,0.0
legacy_reused_holdout,1,bestCI,2,2,0.0,gamma,dynasurv,supported,1,1977,20.861397650809344,0.4177597123885481,0.5629742033383915,0.0
legacy_reused_holdout,1,bestCI,2,2,0.0,gamma,dynasurv,supported,2,840,14.15821922707748,0.5474573762666929,0.4226190476190476,0.0
legacy_reused_holdout,1,bestCI,2,2,0.0,gamma,dynasurv,supported,3,438,9.723104364629169,0.2852174530512799,0.4497716894977169,0.0
legacy_reused_holdout,1,bestCI,2,2,0.0,gamma,dynasurv,supported,4,198,9.085985154619191,0.4147482413386616,0.3939393939393939,0.0
legacy_reused_holdout,1,bestCI,2,2,0.0,gamma,dynasurv,supported,all,3453,17.142667847876435,0.4323256714965818,0.5047784535186794,0.0
legacy_reused_holdout,1,bestCI,2,2,0.0,gamma,oracle,line_only,1,1977,21.27915736319789,0.0,1.0,0.0
legacy_reused_holdout,1,bestCI,2,2,0.0,gamma,oracle,line_only,2,840,14.705676603344171,0.0,1.0,0.0
legacy_reused_holdout,1,bestCI,2,2,0.0,gamma,oracle,line_only,3,438,10.008321817680446,0.0,1.0,0.0
legacy_reused_holdout,1,bestCI,2,2,0.0,gamma,oracle,line_only,4,198,9.500733395957855,0.0,1.0,0.0
legacy_reused_holdout,1,bestCI,2,2,0.0,gamma,oracle,line_only,all,3453,17.574993519373017,0.0,1.0,0.0
legacy_reused_holdout,1,bestCI,2,2,0.0,gamma,naive_km,line_only,1,1977,20.36842749192635,0.9107298712715366,0.0814365199797673,0.0
legacy_reused_holdout,1,bestCI,2,2,0.0,gamma,naive_km,line_only,2,840,13.991372124121114,0.7143044792230575,0.3976190476190476,0.0
legacy_reused_holdout,1,bestCI,2,2,0.0,gamma,naive_km,line_only,3,438,9.388461887764644,0.6198599299158023,0.1187214611872146,0.0
legacy_reused_holdout,1,bestCI,2,2,0.0,gamma,naive_km,line_only,4,198,8.983968552297696,0.5167648436601583,0.398989898989899,0.0
legacy_reused_holdout,1,bestCI,2,2,0.0,gamma,naive_km,line_only,all,3453,16.771533685489718,0.8034598338832983,0.1812916304662612,0.0
legacy_reused_holdout,1,bestCI,2,2,0.0,gamma,reference,random,1,1977,20.47385240617545,0.8053049570224423,0.25,0.0
legacy_reused_holdout,1,bestCI,2,2,0.0,gamma,reference,random,2,840,13.807032901613605,0.8986437017305691,0.25,0.0
legacy_reused_holdout,1,bestCI,2,2,0.0,gamma,reference,random,3,438,9.48016998683489,0.5281518308455603,0.25,0.0
legacy_reused_holdout,1,bestCI,2,2,0.0,gamma,reference,random,4,198,8.99267624689386,0.5080571490639937,0.3333333333333334,0.0
legacy_reused_holdout,1,bestCI,2,2,0.0,gamma,reference,random,all,3453,16.79918279625918,0.775810723113835,0.2547784535186794,0.0
legacy_reused_holdout,1,bestCI,0,0,0.25,gamma,reference,factual,1,1977,20.695870765786832,0.5768511099588963,0.4891249367728882,0.0
legacy_reused_holdout,1,bestCI,0,0,0.25,gamma,reference,factual,2,840,13.789496267191897,0.8580826855719403,0.2797619047619047,0.0
legacy_reused_holdout,1,bestCI,0,0,0.25,gamma,reference,factual,3,438,9.48351786348302,0.5594048485766956,0.2191780821917808,0.0
legacy_reused_holdout,1,bestCI,0,0,0.25,gamma,reference,factual,4,198,8.76137385609717,0.5949777946946898,0.2575757575757575,0.0
legacy_reused_holdout,1,bestCI,0,0,0.25,gamma,reference,factual,all,3453,16.90919380715742,0.6440918121330175,0.3906747755574862,0.0
legacy_reused_holdout,1,bestCI,0,0,0.25,gamma,reference,best_constant,1,1977,20.81678874131098,0.4559331344347486,0.6575619625695498,0.0
legacy_reused_holdout,1,bestCI,0,0,0.25,gamma,reference,best_constant,2,840,13.927279495825704,0.7202994569381319,0.3976190476190476,0.0
legacy_reused_holdout,1,bestCI,0,0,0.25,gamma,reference,best_constant,3,438,9.686639903636442,0.3562828084232762,0.4315068493150685,0.0
legacy_reused_holdout,1,bestCI,0,0,0.25,gamma,reference,best_constant,4,198,9.016078838982914,0.3402728118089442,0.4696969696969697,0.0
legacy_reused_holdout,1,bestCI,0,0,0.25,gamma,reference,best_constant,all,3453,17.052313352440425,0.5009722668500131,0.5548798146539241,0.0
legacy_reused_holdout,1,bestCI,0,0,0.25,gamma,dynasurv,line_only,1,1977,20.88591032076908,0.3868115549766514,0.6454223571067274,0.0
legacy_reused_holdout,1,bestCI,0,0,0.25,gamma,dynasurv,line_only,2,840,14.0105395156602,0.6370394371036365,0.3678571428571429,0.0
legacy_reused_holdout,1,bestCI,0,0,0.25,gamma,dynasurv,line_only,3,438,9.69978456820362,0.3431381438560974,0.3881278538812785,0.0
legacy_reused_holdout,1,bestCI,0,0,0.25,gamma,dynasurv,line_only,4,198,9.061249633748098,0.2951020170437606,0.5959595959595959,0.0
legacy_reused_holdout,1,bestCI,0,0,0.25,gamma,dynasurv,line_only,all,3453,17.11640051134386,0.4368851079465768,0.5424268751810021,0.0
legacy_reused_holdout,1,bestCI,0,0,0.25,gamma,dynasurv,supported,1,1977,20.88663265505583,0.386089220689899,0.6454223571067274,0.0
legacy_reused_holdout,1,bestCI,0,0,0.25,gamma,dynasurv,supported,2,840,14.012308471580551,0.6352704811832836,0.369047619047619,0.0
legacy_reused_holdout,1,bestCI,0,0,0.25,gamma,dynasurv,supported,3,438,9.688330245569931,0.3545924664897863,0.3835616438356164,0.0
legacy_reused_holdout,1,bestCI,0,0,0.25,gamma,dynasurv,supported,4,198,8.997475381200303,0.3588762695915561,0.494949494949495,0.0
legacy_reused_holdout,1,bestCI,0,0,0.25,gamma,dynasurv,supported,all,3453,17.112134563628825,0.4411510556616111,0.5363452070663192,0.0
legacy_reused_holdout,1,bestCI,0,0,0.25,gamma,oracle,line_only,1,1977,21.27272187574573,0.0,1.0,0.0
legacy_reused_holdout,1,bestCI,0,0,0.25,gamma,oracle,line_only,2,840,14.647578952763835,0.0,1.0,0.0
legacy_reused_holdout,1,bestCI,0,0,0.25,gamma,oracle,line_only,3,438,10.042922712059717,0.0,1.0,0.0
legacy_reused_holdout,1,bestCI,0,0,0.25,gamma,oracle,line_only,4,198,9.35635165079186,0.0,1.0,0.0
legacy_reused_holdout,1,bestCI,0,0,0.25,gamma,oracle,line_only,all,3453,17.553285619290435,0.0,1.0,0.0
legacy_reused_holdout,1,bestCI,0,0,0.25,gamma,naive_km,line_only,1,1977,20.81678874131098,0.4559331344347486,0.6575619625695498,0.0
legacy_reused_holdout,1,bestCI,0,0,0.25,gamma,naive_km,line_only,2,840,13.927279495825704,0.7202994569381319,0.3976190476190476,0.0
legacy_reused_holdout,1,bestCI,0,0,0.25,gamma,naive_km,line_only,3,438,9.686639903636442,0.3562828084232762,0.4315068493150685,0.0
legacy_reused_holdout,1,bestCI,0,0,0.25,gamma,naive_km,line_only,4,198,8.647899788252326,0.7084518625395322,0.1262626262626262,0.0
legacy_reused_holdout,1,bestCI,0,0,0.25,gamma,naive_km,line_only,all,3453,17.031201434674813,0.5220841846156246,0.5351867940920938,0.0
legacy_reused_holdout,1,bestCI,0,0,0.25,gamma,reference,random,1,1977,20.471987529168747,0.8007343465769865,0.25,0.0
legacy_reused_holdout,1,bestCI,0,0,0.25,gamma,reference,random,2,840,13.722997430535935,0.9245815222279008,0.25,0.0
legacy_reused_holdout,1,bestCI,0,0,0.25,gamma,reference,random,3,438,9.509596019727644,0.5333266923320714,0.25,0.0
legacy_reused_holdout,1,bestCI,0,0,0.25,gamma,reference,random,4,198,8.836571439414964,0.5197802113768947,0.3333333333333334,0.0
legacy_reused_holdout,1,bestCI,0,0,0.25,gamma,reference,random,all,3453,16.772453341575922,0.7808322777145125,0.2547784535186794,0.0
legacy_reused_holdout,1,bestCI,1,1,0.25,gamma,reference,factual,1,1977,20.720337967650337,0.564075445164996,0.4835609509357612,0.0
legacy_reused_holdout,1,bestCI,1,1,0.25,gamma,reference,factual,2,840,13.841679332919645,0.8416920949021828,0.2761904761904762,0.0
legacy_reused_holdout,1,bestCI,1,1,0.25,gamma,reference,factual,3,438,9.51192603095766,0.5205960139594372,0.2351598173515981,0.0
legacy_reused_holdout,1,bestCI,1,1,0.25,gamma,reference,factual,4,198,8.87147296944596,0.3015328578914103,0.494949494949495,0.0
legacy_reused_holdout,1,bestCI,1,1,0.25,gamma,reference,factual,all,3453,16.945813510340855,0.6110405661122975,0.4022589052997393,0.0
legacy_reused_holdout,1,bestCI,1,1,0.25,gamma,reference,best_constant,1,1977,20.83062793661854,0.4537854761967918,0.6575619625695498,0.0
legacy_reused_holdout,1,bestCI,1,1,0.25,gamma,reference,best_constant,2,840,13.966761438310098,0.7166099895117273,0.3976190476190476,0.0
legacy_reused_holdout,1,bestCI,1,1,0.25,gamma,reference,best_constant,3,438,9.677404960918985,0.355117083998113,0.4315068493150685,0.0
legacy_reused_holdout,1,bestCI,1,1,0.25,gamma,reference,best_constant,4,198,8.933144965043134,0.2398608622942359,0.6060606060606061,0.0
legacy_reused_holdout,1,bestCI,1,1,0.25,gamma,reference,best_constant,all,3453,17.06391460030014,0.4929394761530092,0.562699102229945,0.0
legacy_reused_holdout,1,bestCI,1,1,0.25,gamma,dynasurv,line_only,1,1977,20.85632338019867,0.428090032616654,0.6626201315123925,0.0
legacy_reused_holdout,1,bestCI,1,1,0.25,gamma,dynasurv,line_only,2,840,14.056524955054275,0.626846472767551,0.425,0.0
legacy_reused_holdout,1,bestCI,1,1,0.25,gamma,dynasurv,line_only,3,438,9.742774534717991,0.289747510199103,0.4794520547945205,0.0
legacy_reused_holdout,1,bestCI,1,1,0.25,gamma,dynasurv,line_only,4,198,8.992123823988488,0.1808820033488818,0.6666666666666666,0.0
legacy_reused_holdout,1,bestCI,1,1,0.25,gamma,dynasurv,line_only,all,3453,17.112136706705638,0.4447173697475104,0.5818129163046626,0.0
legacy_reused_holdout,1,bestCI,1,1,0.25,gamma,dynasurv,supported,1,1977,20.858882392037252,0.4255310207780758,0.663631765300961,0.0
legacy_reused_holdout,1,bestCI,1,1,0.25,gamma,dynasurv,supported,2,840,14.056202902875702,0.6271685249461246,0.425,0.0
legacy_reused_holdout,1,bestCI,1,1,0.25,gamma,dynasurv,supported,3,438,9.737597391354765,0.2949246535623326,0.4703196347031963,0.0
legacy_reused_holdout,1,bestCI,1,1,0.25,gamma,dynasurv,supported,4,198,8.992123823988488,0.1808820033488818,0.6666666666666666,0.0
legacy_reused_holdout,1,bestCI,1,1,0.25,gamma,dynasurv,supported,all,3453,17.11286681205802,0.4439872643951291,0.58123370981755,0.0
legacy_reused_holdout,1,bestCI,1,1,0.25,gamma,oracle,line_only,1,1977,21.28441341281533,0.0,1.0,0.0
legacy_reused_holdout,1,bestCI,1,1,0.25,gamma,oracle,line_only,2,840,14.683371427821829,0.0,1.0,0.0
legacy_reused_holdout,1,bestCI,1,1,0.25,gamma,oracle,line_only,3,438,10.032522044917098,0.0,1.0,0.0
legacy_reused_holdout,1,bestCI,1,1,0.25,gamma,oracle,line_only,4,198,9.17300582733737,0.0,1.0,0.0
legacy_reused_holdout,1,bestCI,1,1,0.25,gamma,oracle,line_only,all,3453,17.55685407645315,0.0,1.0,0.0
legacy_reused_holdout,1,bestCI,1,1,0.25,gamma,naive_km,line_only,1,1977,20.83062793661854,0.4537854761967918,0.6575619625695498,0.0
legacy_reused_holdout,1,bestCI,1,1,0.25,gamma,naive_km,line_only,2,840,13.966761438310098,0.7166099895117273,0.3976190476190476,0.0
legacy_reused_holdout,1,bestCI,1,1,0.25,gamma,naive_km,line_only,3,438,9.677404960918985,0.355117083998113,0.4315068493150685,0.0
legacy_reused_holdout,1,bestCI,1,1,0.25,gamma,naive_km,line_only,4,198,8.933144965043134,0.2398608622942359,0.6060606060606061,0.0
legacy_reused_holdout,1,bestCI,1,1,0.25,gamma,naive_km,line_only,all,3453,17.06391460030014,0.4929394761530092,0.562699102229945,0.0
legacy_reused_holdout,1,bestCI,1,1,0.25,gamma,reference,random,1,1977,20.489464630730662,0.7949487820846611,0.25,0.0
legacy_reused_holdout,1,bestCI,1,1,0.25,gamma,reference,random,2,840,13.777358828649342,0.9060125991724832,0.25,0.0
legacy_reused_holdout,1,bestCI,1,1,0.25,gamma,reference,random,3,438,9.499388769512995,0.5331332754041028,0.25,0.0
legacy_reused_holdout,1,bestCI,1,1,0.25,gamma,reference,random,4,198,8.838372844524317,0.3346329828130546,0.5,0.0
legacy_reused_holdout,1,bestCI,1,1,0.25,gamma,reference,random,all,3453,16.794492642711404,0.7623614337417443,0.2643353605560382,0.0
legacy_reused_holdout,1,bestCI,2,2,0.25,gamma,reference,factual,1,1977,20.633946861980967,0.6103785495789158,0.4769853313100657,0.0
legacy_reused_holdout,1,bestCI,2,2,0.25,gamma,reference,factual,2,840,13.82236403361722,0.8121519122692792,0.3035714285714285,0.0
legacy_reused_holdout,1,bestCI,2,2,0.25,gamma,reference,factual,3,438,9.443517417760477,0.5225361864678856,0.2397260273972602,0.0
legacy_reused_holdout,1,bestCI,2,2,0.25,gamma,reference,factual,4,198,8.940594009696262,0.5124346264811893,0.2878787878787879,0.0
legacy_reused_holdout,1,bestCI,2,2,0.25,gamma,reference,factual,all,3453,16.886938018324294,0.6427045770460239,0.3938604112366058,0.0
legacy_reused_holdout,1,bestCI,2,2,0.25,gamma,reference,best_constant,1,1977,20.783900402321645,0.4604250092382369,0.6575619625695498,0.0
legacy_reused_holdout,1,bestCI,2,2,0.25,gamma,reference,best_constant,2,840,13.912766269197384,0.7217496766891147,0.3976190476190476,0.0
legacy_reused_holdout,1,bestCI,2,2,0.25,gamma,reference,best_constant,3,438,9.607789961514378,0.3582636427139832,0.4315068493150685,0.0
legacy_reused_holdout,1,bestCI,2,2,0.25,gamma,reference,best_constant,4,198,9.038077847406516,0.4149507887709356,0.4242424242424242,0.0
legacy_reused_holdout,1,bestCI,2,2,0.25,gamma,reference,best_constant,all,3453,17.021212330855917,0.5084302645143993,0.5522733854619172,0.0
legacy_reused_holdout,1,bestCI,2,2,0.25,gamma,dynasurv,line_only,1,1977,20.79260854241384,0.4517168691460409,0.6590794132524026,0.0
legacy_reused_holdout,1,bestCI,2,2,0.25,gamma,dynasurv,line_only,2,840,14.005290543235269,0.629225402651231,0.4333333333333333,0.0
legacy_reused_holdout,1,bestCI,2,2,0.25,gamma,dynasurv,line_only,3,438,9.674656256542118,0.2913973476862427,0.45662100456621,0.0
legacy_reused_holdout,1,bestCI,2,2,0.25,gamma,dynasurv,line_only,4,198,9.010197384257394,0.442831251920058,0.4696969696969697,0.0
legacy_reused_holdout,1,bestCI,2,2,0.25,gamma,dynasurv,line_only,all,3453,17.055589246196988,0.4740533491733282,0.5676223573704026,0.0
legacy_reused_holdout,1,bestCI,2,2,0.25,gamma,dynasurv,supported,1,1977,20.79260854241384,0.4517168691460409,0.6590794132524026,0.0
legacy_reused_holdout,1,bestCI,2,2,0.25,gamma,dynasurv,supported,2,840,14.002003638156822,0.6325123077296805,0.4333333333333333,0.0
legacy_reused_holdout,1,bestCI,2,2,0.25,gamma,dynasurv,supported,3,438,9.659749425386796,0.3063041788415643,0.4429223744292237,0.0
legacy_reused_holdout,1,bestCI,2,2,0.25,gamma,dynasurv,supported,4,198,9.022168059006734,0.4308605771707171,0.4292929292929293,0.0
legacy_reused_holdout,1,bestCI,2,2,0.25,gamma,dynasurv,supported,all,3453,17.053585192124714,0.4760574032456013,0.563567911960614,0.0
legacy_reused_holdout,1,bestCI,2,2,0.25,gamma,oracle,line_only,1,1977,21.244325411559885,0.0,1.0,0.0
legacy_reused_holdout,1,bestCI,2,2,0.25,gamma,oracle,line_only,2,840,14.634515945886502,0.0,1.0,0.0
legacy_reused_holdout,1,bestCI,2,2,0.25,gamma,oracle,line_only,3,438,9.96605360422836,0.0,1.0,0.0
legacy_reused_holdout,1,bestCI,2,2,0.25,gamma,oracle,line_only,4,198,9.453028636177452,0.0,1.0,0.0
legacy_reused_holdout,1,bestCI,2,2,0.25,gamma,oracle,line_only,all,3453,17.529642595370316,0.0,1.0,0.0
legacy_reused_holdout,1,bestCI,2,2,0.25,gamma,naive_km,line_only,1,1977,20.783900402321645,0.4604250092382369,0.6575619625695498,0.0
legacy_reused_holdout,1,bestCI,2,2,0.25,gamma,naive_km,line_only,2,840,13.912766269197384,0.7217496766891147,0.3976190476190476,0.0
legacy_reused_holdout,1,bestCI,2,2,0.25,gamma,naive_km,line_only,3,438,9.337678800184458,0.6283748040439053,0.1187214611872146,0.0
legacy_reused_holdout,1,bestCI,2,2,0.25,gamma,naive_km,line_only,4,198,8.930835806153194,0.5221928300242573,0.398989898989899,0.0
legacy_reused_holdout,1,bestCI,2,2,0.25,gamma,naive_km,line_only,all,3453,16.98080033756583,0.5488422578044844,0.5111497248769187,0.0
legacy_reused_holdout,1,bestCI,2,2,0.25,gamma,reference,random,1,1977,20.43105231834102,0.8132730932188605,0.25,0.0
legacy_reused_holdout,1,bestCI,2,2,0.25,gamma,reference,random,2,840,13.72323651096498,0.911279434921522,0.25,0.0
legacy_reused_holdout,1,bestCI,2,2,0.25,gamma,reference,random,3,438,9.429874107117383,0.5361794971109802,0.25,0.0
legacy_reused_holdout,1,bestCI,2,2,0.25,gamma,reference,random,4,198,8.93845267529812,0.514575960879332,0.3333333333333334,0.0
legacy_reused_holdout,1,bestCI,2,2,0.25,gamma,reference,random,all,3453,16.7448038202135,0.7848387751568151,0.2547784535186794,0.0
legacy_reused_holdout,1,bestCI,0,0,0.5,gamma,reference,factual,1,1977,20.69977852606358,0.5340957825894864,0.5235204855842185,0.0
legacy_reused_holdout,1,bestCI,0,0,0.5,gamma,reference,factual,2,840,13.806638168467602,0.7756651704785191,0.3202380952380952,0.0
legacy_reused_holdout,1,bestCI,0,0,0.5,gamma,reference,factual,3,438,9.485151956502836,0.5176654425205363,0.2557077625570776,0.0
legacy_reused_holdout,1,bestCI,0,0,0.5,gamma,reference,factual,4,198,8.782933886093879,0.2662721125485424,0.5202020202020202,0.0
legacy_reused_holdout,1,bestCI,0,0,0.5,gamma,reference,factual,all,3453,16.91704479407336,0.5754200542977055,0.439907326962062,0.0
legacy_reused_holdout,1,bestCI,0,0,0.5,gamma,reference,best_constant,1,1977,20.7736566673634,0.4602176412896647,0.6575619625695498,0.0
legacy_reused_holdout,1,bestCI,0,0,0.5,gamma,reference,best_constant,2,840,13.855494506570684,0.7268088323754366,0.3976190476190476,0.0
legacy_reused_holdout,1,bestCI,0,0,0.5,gamma,reference,best_constant,3,438,9.64244784751713,0.3603695515062403,0.4315068493150685,0.0
legacy_reused_holdout,1,bestCI,0,0,0.5,gamma,reference,best_constant,4,198,8.801004277178562,0.2482017214638593,0.6060606060606061,0.0
legacy_reused_holdout,1,bestCI,0,0,0.5,gamma,reference,best_constant,all,3453,16.992217092670337,0.5002477557007272,0.562699102229945,0.0
legacy_reused_holdout,1,bestCI,0,0,0.5,gamma,dynasurv,line_only,1,1977,20.88094728706557,0.3529270215874978,0.6408700050581689,0.0
legacy_reused_holdout,1,bestCI,0,0,0.5,gamma,dynasurv,line_only,2,840,13.91150098008002,0.670802358866102,0.4178571428571428,0.0
legacy_reused_holdout,1,bestCI,0,0,0.5,gamma,dynasurv,line_only,3,438,9.680169890330834,0.3226475086925366,0.4703196347031963,0.0
legacy_reused_holdout,1,bestCI,0,0,0.5,gamma,dynasurv,line_only,4,198,8.803143373388563,0.2460626252538579,0.5959595959595959,0.0
legacy_reused_holdout,1,bestCI,0,0,0.5,gamma,dynasurv,line_only,all,3453,17.072177935039583,0.420286913331481,0.5624094989863887,0.0
legacy_reused_holdout,1,bestCI,0,0,0.5,gamma,dynasurv,supported,1,1977,20.88094728706557,0.3529270215874978,0.6408700050581689,0.0
legacy_reused_holdout,1,bestCI,0,0,0.5,gamma,dynasurv,supported,2,840,13.91150098008002,0.670802358866102,0.4178571428571428,0.0
legacy_reused_holdout,1,bestCI,0,0,0.5,gamma,dynasurv,supported,3,438,9.698087928743298,0.3047294702800754,0.4771689497716895,0.0
legacy_reused_holdout,1,bestCI,0,0,0.5,gamma,dynasurv,supported,4,198,8.803143373388563,0.2460626252538579,0.5959595959595959,0.0
legacy_reused_holdout,1,bestCI,0,0,0.5,gamma,dynasurv,supported,all,3453,17.07445077049416,0.418014077876903,0.5632783087170576,0.0
legacy_reused_holdout,1,bestCI,0,0,0.5,gamma,oracle,line_only,1,1977,21.233874308653064,0.0,1.0,0.0
legacy_reused_holdout,1,bestCI,0,0,0.5,gamma,oracle,line_only,2,840,14.582303338946122,0.0,1.0,0.0
legacy_reused_holdout,1,bestCI,0,0,0.5,gamma,oracle,line_only,3,438,10.002817399023373,0.0,1.0,0.0
legacy_reused_holdout,1,bestCI,0,0,0.5,gamma,oracle,line_only,4,198,9.04920599864242,0.0,1.0,0.0
legacy_reused_holdout,1,bestCI,0,0,0.5,gamma,oracle,line_only,all,3453,17.492464848371064,0.0,1.0,0.0
legacy_reused_holdout,1,bestCI,0,0,0.5,gamma,naive_km,line_only,1,1977,20.7736566673634,0.4602176412896647,0.6575619625695498,0.0
legacy_reused_holdout,1,bestCI,0,0,0.5,gamma,naive_km,line_only,2,840,13.855494506570684,0.7268088323754366,0.3976190476190476,0.0
legacy_reused_holdout,1,bestCI,0,0,0.5,gamma,naive_km,line_only,3,438,9.64244784751713,0.3603695515062403,0.4315068493150685,0.0
legacy_reused_holdout,1,bestCI,0,0,0.5,gamma,naive_km,line_only,4,198,8.599285614496372,0.4499203841460493,0.3939393939393939,0.0
legacy_reused_holdout,1,bestCI,0,0,0.5,gamma,naive_km,line_only,all,3453,16.980650253628614,0.5118145947424515,0.5505357660005792,0.0
legacy_reused_holdout,1,bestCI,0,0,0.5,gamma,reference,random,1,1977,20.424300552014664,0.8095737566384021,0.25,0.0
legacy_reused_holdout,1,bestCI,0,0,0.5,gamma,reference,random,2,840,13.646432251646033,0.9358710873000908,0.25,0.0
legacy_reused_holdout,1,bestCI,0,0,0.5,gamma,reference,random,3,438,9.46189670637115,0.5409206926522226,0.25,0.0
legacy_reused_holdout,1,bestCI,0,0,0.5,gamma,reference,random,4,198,8.700144945837469,0.3490610528049543,0.5,0.0
legacy_reused_holdout,1,bestCI,0,0,0.5,gamma,reference,random,all,3453,16.71265124221895,0.7798136061521147,0.2643353605560382,0.0
legacy_reused_holdout,1,bestCI,1,1,0.5,gamma,reference,factual,1,1977,20.72255517088725,0.5247182661684766,0.52250885179565,0.0
legacy_reused_holdout,1,bestCI,1,1,0.5,gamma,reference,factual,2,840,13.86042507647712,0.7587195087207257,0.3142857142857143,0.0
legacy_reused_holdout,1,bestCI,1,1,0.5,gamma,reference,factual,3,438,9.51273466137581,0.4836708153469164,0.2602739726027397,0.0
legacy_reused_holdout,1,bestCI,1,1,0.5,gamma,reference,factual,4,198,8.848592733614007,0.4574699628601027,0.303030303030303,0.0
legacy_reused_holdout,1,bestCI,1,1,0.5,gamma,reference,factual,all,3453,16.95043376195281,0.5725801532895273,0.4260063712713582,0.0
legacy_reused_holdout,1,bestCI,1,1,0.5,gamma,reference,best_constant,1,1977,20.78935335317448,0.4579200838812482,0.6575619625695498,0.0
legacy_reused_holdout,1,bestCI,1,1,0.5,gamma,reference,best_constant,2,840,13.896160473025072,0.7229841121727724,0.3976190476190476,0.0
legacy_reused_holdout,1,bestCI,1,1,0.5,gamma,reference,best_constant,3,438,9.63741854399836,0.3589869327243653,0.4315068493150685,0.0
legacy_reused_holdout,1,bestCI,1,1,0.5,gamma,reference,best_constant,4,198,8.882970791028633,0.4230919054454757,0.4242424242424242,0.0
legacy_reused_holdout,1,bestCI,1,1,0.5,gamma,reference,best_constant,all,3453,17.015158967698223,0.507854947544116,0.5522733854619172,0.0
legacy_reused_holdout,1,bestCI,1,1,0.5,gamma,dynasurv,line_only,1,1977,20.867120196521498,0.3801532405342375,0.6474456246838645,0.0
legacy_reused_holdout,1,bestCI,1,1,0.5,gamma,dynasurv,line_only,2,840,14.047766819672992,0.5713777655248562,0.4369047619047619,0.0
legacy_reused_holdout,1,bestCI,1,1,0.5,gamma,dynasurv,line_only,3,438,9.72162491122864,0.2747805654940857,0.4726027397260274,0.0
legacy_reused_holdout,1,bestCI,1,1,0.5,gamma,dynasurv,line_only,4,198,9.034811615778622,0.2712510806954884,0.5656565656565656,0.0
legacy_reused_holdout,1,bestCI,1,1,0.5,gamma,dynasurv,line_only,all,3453,17.115952843350886,0.4070610718914518,0.5693599768317406,0.0
legacy_reused_holdout,1,bestCI,1,1,0.5,gamma,dynasurv,supported,1,1977,20.86798002272075,0.3792934143349754,0.648457258472433,0.0
legacy_reused_holdout,1,bestCI,1,1,0.5,gamma,dynasurv,supported,2,840,14.045712547705874,0.5734320374919714,0.4369047619047619,0.0
legacy_reused_holdout,1,bestCI,1,1,0.5,gamma,dynasurv,supported,3,438,9.699772540915935,0.2966329358067923,0.454337899543379,0.0
legacy_reused_holdout,1,bestCI,1,1,0.5,gamma,dynasurv,supported,4,198,8.981110560021724,0.3249521364523848,0.4797979797979798,0.0
legacy_reused_holdout,1,bestCI,1,1,0.5,gamma,dynasurv,supported,all,3453,17.110094210482867,0.4129197047594699,0.562699102229945,0.0
legacy_reused_holdout,1,bestCI,1,1,0.5,gamma,oracle,line_only,1,1977,21.24727343705573,0.0,1.0,0.0
legacy_reused_holdout,1,bestCI,1,1,0.5,gamma,oracle,line_only,2,840,14.619144585197846,0.0,1.0,0.0
legacy_reused_holdout,1,bestCI,1,1,0.5,gamma,oracle,line_only,3,438,9.996405476722725,0.0,1.0,0.0
legacy_reused_holdout,1,bestCI,1,1,0.5,gamma,oracle,line_only,4,198,9.30606269647411,0.0,1.0,0.0
legacy_reused_holdout,1,bestCI,1,1,0.5,gamma,oracle,line_only,all,3453,17.523013915242338,0.0,1.0,0.0
legacy_reused_holdout,1,bestCI,1,1,0.5,gamma,naive_km,line_only,1,1977,20.78935335317448,0.4579200838812482,0.6575619625695498,0.0
legacy_reused_holdout,1,bestCI,1,1,0.5,gamma,naive_km,line_only,2,840,13.896160473025072,0.7229841121727724,0.3976190476190476,0.0
legacy_reused_holdout,1,bestCI,1,1,0.5,gamma,naive_km,line_only,3,438,9.63741854399836,0.3589869327243653,0.4315068493150685,0.0
legacy_reused_holdout,1,bestCI,1,1,0.5,gamma,naive_km,line_only,4,198,8.882970791028633,0.4230919054454757,0.4242424242424242,0.0
legacy_reused_holdout,1,bestCI,1,1,0.5,gamma,naive_km,line_only,all,3453,17.015158967698223,0.507854947544116,0.5522733854619172,0.0
legacy_reused_holdout,1,bestCI,1,1,0.5,gamma,reference,random,1,1977,20.44387425035408,0.8033991867016484,0.25,0.0
legacy_reused_holdout,1,bestCI,1,1,0.5,gamma,reference,random,2,840,13.701898812795683,0.9172457724021602,0.25,0.0
legacy_reused_holdout,1,bestCI,1,1,0.5,gamma,reference,random,3,438,9.456193481677802,0.5402119950449238,0.25,0.0
legacy_reused_holdout,1,bestCI,1,1,0.5,gamma,reference,random,4,198,8.781827678688147,0.5242350177859627,0.3333333333333334,0.0
legacy_reused_holdout,1,bestCI,1,1,0.5,gamma,reference,random,all,3453,16.741311619187236,0.7817022960551031,0.2547784535186794,0.0
legacy_reused_holdout,1,bestCI,2,2,0.5,gamma,reference,factual,1,1977,20.64413274200512,0.5640009234070457,0.514921598381386,0.0
legacy_reused_holdout,1,bestCI,2,2,0.5,gamma,reference,factual,2,840,13.835144565617286,0.7199504368126889,0.3488095238095238,0.0
legacy_reused_holdout,1,bestCI,2,2,0.5,gamma,reference,factual,3,438,9.452088198902509,0.4803909791256676,0.2694063926940639,0.0
legacy_reused_holdout,1,bestCI,2,2,0.5,gamma,reference,factual,4,198,8.937949570908792,0.4651055295131035,0.3181818181818182,0.0
legacy_reused_holdout,1,bestCI,2,2,0.5,gamma,reference,factual,all,3453,16.896814512661997,0.5856618407758543,0.4320880393860411,0.0
legacy_reused_holdout,1,bestCI,2,2,0.5,gamma,reference,best_constant,1,1977,20.74372684909412,0.464406816318043,0.6575619625695498,0.0
legacy_reused_holdout,1,bestCI,2,2,0.5,gamma,reference,best_constant,2,840,13.825335320514345,0.7297596819156316,0.3976190476190476,0.0
legacy_reused_holdout,1,bestCI,2,2,0.5,gamma,reference,best_constant,3,438,9.57091261517755,0.3615665628506225,0.4315068493150685,0.0
legacy_reused_holdout,1,bestCI,2,2,0.5,gamma,reference,best_constant,4,198,8.983271793698067,0.419783306723827,0.4242424242424242,0.0
legacy_reused_holdout,1,bestCI,2,2,0.5,gamma,reference,best_constant,all,3453,16.96912168852914,0.5133546649087148,0.5522733854619172,0.0
legacy_reused_holdout,1,bestCI,2,2,0.5,gamma,dynasurv,line_only,1,1977,20.839298170734413,0.3688354946777507,0.6777946383409206,0.0
legacy_reused_holdout,1,bestCI,2,2,0.5,gamma,dynasurv,line_only,2,840,14.189718482656929,0.3653765197730476,0.5738095238095238,0.0
legacy_reused_holdout,1,bestCI,2,2,0.5,gamma,dynasurv,line_only,3,438,9.73848873609334,0.1939904419348345,0.58675799086758,0.0
legacy_reused_holdout,1,bestCI,2,2,0.5,gamma,dynasurv,line_only,4,198,9.158856282691312,0.2441988177305828,0.6313131313131313,0.0
legacy_reused_holdout,1,bestCI,2,2,0.5,gamma,dynasurv,line_only,all,3453,17.1438075932104,0.3386687602274503,0.6382855487981466,0.0
legacy_reused_holdout,1,bestCI,2,2,0.5,gamma,dynasurv,supported,1,1977,20.839298170734413,0.3688354946777507,0.6777946383409206,0.0
legacy_reused_holdout,1,bestCI,2,2,0.5,gamma,dynasurv,supported,2,840,14.18984272741673,0.3652522750132457,0.575,0.0
legacy_reused_holdout,1,bestCI,2,2,0.5,gamma,dynasurv,supported,3,438,9.739888569872988,0.1925906081551863,0.5684931506849316,0.0
legacy_reused_holdout,1,bestCI,2,2,0.5,gamma,dynasurv,supported,4,198,9.169117213347468,0.2339378870744264,0.6060606060606061,0.0
legacy_reused_holdout,1,bestCI,2,2,0.5,gamma,dynasurv,supported,all,3453,17.144603758013076,0.3378725954247748,0.6348103098754706,0.0
legacy_reused_holdout,1,bestCI,2,2,0.5,gamma,oracle,line_only,1,1977,21.208133665412163,0.0,1.0,0.0
legacy_reused_holdout,1,bestCI,2,2,0.5,gamma,oracle,line_only,2,840,14.555095002429976,0.0,1.0,0.0
legacy_reused_holdout,1,bestCI,2,2,0.5,gamma,oracle,line_only,3,438,9.932479178028172,0.0,1.0,0.0
legacy_reused_holdout,1,bestCI,2,2,0.5,gamma,oracle,line_only,4,198,9.403055100421897,0.0,1.0,0.0
legacy_reused_holdout,1,bestCI,2,2,0.5,gamma,oracle,line_only,all,3453,17.48247635343785,0.0,1.0,0.0
legacy_reused_holdout,1,bestCI,2,2,0.5,gamma,naive_km,line_only,1,1977,20.74372684909412,0.464406816318043,0.6575619625695498,0.0
legacy_reused_holdout,1,bestCI,2,2,0.5,gamma,naive_km,line_only,2,840,13.825335320514345,0.7297596819156316,0.3976190476190476,0.0
legacy_reused_holdout,1,bestCI,2,2,0.5,gamma,naive_km,line_only,3,438,9.57091261517755,0.3615665628506225,0.4315068493150685,0.0
legacy_reused_holdout,1,bestCI,2,2,0.5,gamma,naive_km,line_only,4,198,8.983271793698067,0.419783306723827,0.4242424242424242,0.0
legacy_reused_holdout,1,bestCI,2,2,0.5,gamma,naive_km,line_only,all,3453,16.96912168852914,0.5133546649087148,0.5522733854619172,0.0
legacy_reused_holdout,1,bestCI,2,2,0.5,gamma,reference,random,1,1977,20.38661378765833,0.8215198777538312,0.25,0.0
legacy_reused_holdout,1,bestCI,2,2,0.5,gamma,reference,random,2,840,13.629990298614892,0.9251047038150856,0.25,0.0
legacy_reused_holdout,1,bestCI,2,2,0.5,gamma,reference,random,3,438,9.390126674562046,0.5423525034661272,0.25,0.0
legacy_reused_holdout,1,bestCI,2,2,0.5,gamma,reference,random,4,198,8.881864382379108,0.5211907180427875,0.3333333333333334,0.0
legacy_reused_holdout,1,bestCI,2,2,0.5,gamma,reference,random,all,3453,16.688390367855856,0.7940859855819958,0.2547784535186794,0.0
legacy_reused_holdout,1,bestCI,0,0,1.0,gamma,reference,factual,1,1977,20.68787699226025,0.4742202530921586,0.5816894284269094,0.0
legacy_reused_holdout,1,bestCI,0,0,1.0,gamma,reference,factual,2,840,13.815428618176243,0.6531404389131238,0.4011904761904762,0.0
legacy_reused_holdout,1,bestCI,0,0,1.0,gamma,reference,factual,3,438,9.500016191051524,0.4535541648719597,0.3127853881278539,0.0
legacy_reused_holdout,1,bestCI,0,0,1.0,gamma,reference,factual,4,198,8.7813633847771,0.4652088763088052,0.3585858585858585,0.0
legacy_reused_holdout,1,bestCI,0,0,1.0,gamma,reference,factual,all,3453,16.91416446418563,0.5146074401312724,0.4908774978279757,0.0
legacy_reused_holdout,1,bestCI,0,0,1.0,gamma,reference,best_constant,1,1977,20.694005607630476,0.4680916377219328,0.6575619625695498,0.0
legacy_reused_holdout,1,bestCI,0,0,1.0,gamma,reference,best_constant,2,840,13.730759817433436,0.7378092396559333,0.3976190476190476,0.0
legacy_reused_holdout,1,bestCI,0,0,1.0,gamma,reference,best_constant,3,438,9.588457422014152,0.3651129339093302,0.4315068493150685,0.0
legacy_reused_holdout,1,bestCI,0,0,1.0,gamma,reference,best_constant,4,198,8.89901634782336,0.3475559132625449,0.4696969696969697,0.0
legacy_reused_holdout,1,bestCI,0,0,1.0,gamma,reference,best_constant,all,3453,16.91504110067789,0.5137308036390141,0.5548798146539241,0.0
legacy_reused_holdout,1,bestCI,0,0,1.0,gamma,dynasurv,line_only,1,1977,20.834987442621216,0.327109802731194,0.7061203844208397,0.0
legacy_reused_holdout,1,bestCI,0,0,1.0,gamma,dynasurv,line_only,2,840,14.154345629884936,0.3142234272044317,0.6035714285714285,0.0
legacy_reused_holdout,1,bestCI,0,0,1.0,gamma,dynasurv,line_only,3,438,9.777248930575754,0.1763214253477292,0.6506849315068494,0.0
legacy_reused_holdout,1,bestCI,0,0,1.0,gamma,dynasurv,line_only,4,198,9.10377467664958,0.142797584436328,0.7272727272727273,0.0
legacy_reused_holdout,1,bestCI,0,0,1.0,gamma,dynasurv,line_only,all,3453,17.13449259216168,0.2942793121552249,0.6753547639733565,0.0
legacy_reused_holdout,1,bestCI,0,0,1.0,gamma,dynasurv,supported,1,1977,20.834987442621216,0.327109802731194,0.7061203844208397,0.0
legacy_reused_holdout,1,bestCI,0,0,1.0,gamma,dynasurv,supported,2,840,14.15646108378423,0.3121079733051372,0.6035714285714285,0.0
legacy_reused_holdout,1,bestCI,0,0,1.0,gamma,dynasurv,supported,3,438,9.765030996165631,0.1885393597578498,0.634703196347032,0.0
legacy_reused_holdout,1,bestCI,0,0,1.0,gamma,dynasurv,supported,4,198,9.03293251920323,0.2136397418826748,0.6616161616161617,0.0
legacy_reused_holdout,1,bestCI,0,0,1.0,gamma,dynasurv,supported,all,3453,17.129395221420122,0.2993766828967835,0.66956269910223,0.0
legacy_reused_holdout,1,bestCI,0,0,1.0,gamma,oracle,line_only,1,1977,21.16209724535241,0.0,1.0,0.0
legacy_reused_holdout,1,bestCI,0,0,1.0,gamma,oracle,line_only,2,840,14.468569057089368,0.0,1.0,0.0
legacy_reused_holdout,1,bestCI,0,0,1.0,gamma,oracle,line_only,3,438,9.953570355923484,0.0,1.0,0.0
legacy_reused_holdout,1,bestCI,0,0,1.0,gamma,oracle,line_only,4,198,9.246572261085904,0.0,1.0,0.0
legacy_reused_holdout,1,bestCI,0,0,1.0,gamma,oracle,line_only,all,3453,17.428771904316903,0.0,1.0,0.0
legacy_reused_holdout,1,bestCI,0,0,1.0,gamma,naive_km,line_only,1,1977,20.694005607630476,0.4680916377219328,0.6575619625695498,0.0
legacy_reused_holdout,1,bestCI,0,0,1.0,gamma,naive_km,line_only,2,840,13.730759817433436,0.7378092396559333,0.3976190476190476,0.0
legacy_reused_holdout,1,bestCI,0,0,1.0,gamma,naive_km,line_only,3,438,9.588457422014152,0.3651129339093302,0.4315068493150685,0.0
legacy_reused_holdout,1,bestCI,0,0,1.0,gamma,naive_km,line_only,4,198,8.89901634782336,0.3475559132625449,0.4696969696969697,0.0
legacy_reused_holdout,1,bestCI,0,0,1.0,gamma,naive_km,line_only,all,3453,16.91504110067789,0.5137308036390141,0.5548798146539241,0.0
legacy_reused_holdout,1,bestCI,0,0,1.0,gamma,reference,random,1,1977,20.33624522973752,0.8258520156148813,0.25,0.0
legacy_reused_holdout,1,bestCI,0,0,1.0,gamma,reference,random,2,840,13.51337188778494,0.9551971693044256,0.25,0.0
legacy_reused_holdout,1,bestCI,0,0,1.0,gamma,reference,random,3,438,9.403622220231584,0.5499481356919008,0.25,0.0
legacy_reused_holdout,1,bestCI,0,0,1.0,gamma,reference,random,4,198,8.711988717130259,0.5345835439556456,0.3333333333333334,0.0
legacy_reused_holdout,1,bestCI,0,0,1.0,gamma,reference,random,all,3453,16.623153635500625,0.8056182688162781,0.2547784535186794,0.0
legacy_reused_holdout,1,bestCI,1,1,1.0,gamma,reference,factual,1,1977,20.70686377385216,0.471745365573667,0.5781487101669196,0.0
legacy_reused_holdout,1,bestCI,1,1,1.0,gamma,reference,factual,2,840,13.862082590724144,0.6317580373997784,0.4107142857142857,0.0
legacy_reused_holdout,1,bestCI,1,1,1.0,gamma,reference,factual,3,438,9.52172304535292,0.4168934590073294,0.3310502283105023,0.0
legacy_reused_holdout,1,bestCI,1,1,1.0,gamma,reference,factual,4,198,8.824578197099473,0.2216689048773361,0.5757575757575758,0.0
legacy_reused_holdout,1,bestCI,1,1,1.0,gamma,reference,factual,all,3453,16.941616053867442,0.4893736221737261,0.5059368664929047,0.0
legacy_reused_holdout,1,bestCI,1,1,1.0,gamma,reference,best_constant,1,1977,20.71310272311905,0.4655064163067762,0.6575619625695498,0.0
legacy_reused_holdout,1,bestCI,1,1,1.0,gamma,reference,best_constant,2,840,13.759052614096962,0.7347880140269567,0.3976190476190476,0.0
legacy_reused_holdout,1,bestCI,1,1,1.0,gamma,reference,best_constant,3,438,9.573824381545732,0.3647921228145205,0.4315068493150685,0.0
legacy_reused_holdout,1,bestCI,1,1,1.0,gamma,reference,best_constant,4,198,8.802735705319934,0.2435113966568746,0.6060606060606061,0.0
legacy_reused_holdout,1,bestCI,1,1,1.0,gamma,reference,best_constant,all,3453,16.92548074955638,0.5055089264847846,0.562699102229945,0.0
legacy_reused_holdout,1,bestCI,1,1,1.0,gamma,dynasurv,line_only,1,1977,20.86741489547773,0.3111942439480996,0.7187658067779464,0.0
legacy_reused_holdout,1,bestCI,1,1,1.0,gamma,dynasurv,line_only,2,840,13.984839089956504,0.5090015381674136,0.4964285714285714,0.0
legacy_reused_holdout,1,bestCI,1,1,1.0,gamma,dynasurv,line_only,3,438,9.729137035329892,0.2094794690303583,0.5730593607305936,0.0
legacy_reused_holdout,1,bestCI,1,1,1.0,gamma,dynasurv,line_only,4,198,8.894075728296647,0.1521713736801623,0.7272727272727273,0.0
legacy_reused_holdout,1,bestCI,1,1,1.0,gamma,dynasurv,line_only,all,3453,17.09369623504204,0.3372934409991281,0.64668404286128,0.0
legacy_reused_holdout,1,bestCI,1,1,1.0,gamma,dynasurv,supported,1,1977,20.86741489547773,0.3111942439480996,0.7187658067779464,0.0
legacy_reused_holdout,1,bestCI,1,1,1.0,gamma,dynasurv,supported,2,840,13.990317905076791,0.5035227230471265,0.4988095238095238,0.0
legacy_reused_holdout,1,bestCI,1,1,1.0,gamma,dynasurv,supported,3,438,9.73003446973684,0.2085820346234129,0.5776255707762558,0.0
legacy_reused_holdout,1,bestCI,1,1,1.0,gamma,dynasurv,supported,4,198,8.894075728296647,0.1521713736801623,0.7272727272727273,0.0
legacy_reused_holdout,1,bestCI,1,1,1.0,gamma,dynasurv,supported,all,3453,17.095142884613796,0.3358467914273693,0.6478424558355054,0.0
legacy_reused_holdout,1,bestCI,1,1,1.0,gamma,oracle,line_only,1,1977,21.178609139425827,0.0,1.0,0.0
legacy_reused_holdout,1,bestCI,1,1,1.0,gamma,oracle,line_only,2,840,14.49384062812392,0.0,1.0,0.0
legacy_reused_holdout,1,bestCI,1,1,1.0,gamma,oracle,line_only,3,438,9.938616504360256,0.0,1.0,0.0
legacy_reused_holdout,1,bestCI,1,1,1.0,gamma,oracle,line_only,4,198,9.04624710197681,0.0,1.0,0.0
legacy_reused_holdout,1,bestCI,1,1,1.0,gamma,oracle,line_only,all,3453,17.430989676041165,0.0,1.0,0.0
legacy_reused_holdout,1,bestCI,1,1,1.0,gamma,naive_km,line_only,1,1977,20.71310272311905,0.4655064163067762,0.6575619625695498,0.0
legacy_reused_holdout,1,bestCI,1,1,1.0,gamma,naive_km,line_only,2,840,13.759052614096962,0.7347880140269567,0.3976190476190476,0.0
legacy_reused_holdout,1,bestCI,1,1,1.0,gamma,naive_km,line_only,3,438,9.573824381545732,0.3647921228145205,0.4315068493150685,0.0
legacy_reused_holdout,1,bestCI,1,1,1.0,gamma,naive_km,line_only,4,198,8.802735705319934,0.2435113966568746,0.6060606060606061,0.0
legacy_reused_holdout,1,bestCI,1,1,1.0,gamma,naive_km,line_only,all,3453,16.92548074955638,0.5055089264847846,0.562699102229945,0.0
legacy_reused_holdout,1,bestCI,1,1,1.0,gamma,reference,random,1,1977,20.35965724778106,0.8189518916447681,0.25,0.0
legacy_reused_holdout,1,bestCI,1,1,1.0,gamma,reference,random,2,840,13.55527191457143,0.938568713552489,0.25,0.0
legacy_reused_holdout,1,bestCI,1,1,1.0,gamma,reference,random,3,438,9.387492421813988,0.5511240825462648,0.25,0.0
legacy_reused_holdout,1,bestCI,1,1,1.0,gamma,reference,random,4,198,8.702653043899836,0.3435940580769723,0.5,0.0
legacy_reused_holdout,1,bestCI,1,1,1.0,gamma,reference,random,all,3453,16.644169641051217,0.7868200349899515,0.2643353605560382,0.0
legacy_reused_holdout,1,bestCI,2,2,1.0,gamma,reference,factual,1,1977,20.637692906989415,0.4996949740401534,0.5604451188669701,0.0
legacy_reused_holdout,1,bestCI,2,2,1.0,gamma,reference,factual,2,840,13.844223549030666,0.5978325229466945,0.4119047619047619,0.0
legacy_reused_holdout,1,bestCI,2,2,1.0,gamma,reference,factual,3,438,9.467935854900524,0.4158054948346781,0.3333333333333333,0.0
legacy_reused_holdout,1,bestCI,2,2,1.0,gamma,reference,factual,4,198,8.953446710048384,0.3840980602925168,0.3888888888888889,0.0
legacy_reused_holdout,1,bestCI,2,2,1.0,gamma,reference,factual,all,3453,16.89823487151458,0.506299016978892,0.4856646394439617,0.0
legacy_reused_holdout,1,bestCI,2,2,1.0,gamma,reference,best_constant,1,1977,20.66515969933044,0.4722281816991301,0.6575619625695498,0.0
legacy_reused_holdout,1,bestCI,2,2,1.0,gamma,reference,best_constant,2,840,13.701575561130072,0.740480510847286,0.3976190476190476,0.0
legacy_reused_holdout,1,bestCI,2,2,1.0,gamma,reference,best_constant,3,438,9.517614287150188,0.366127062585013,0.4315068493150685,0.0
legacy_reused_holdout,1,bestCI,2,2,1.0,gamma,reference,best_constant,4,198,8.911732549344034,0.4258122209968665,0.4242424242424242,0.0
legacy_reused_holdout,1,bestCI,2,2,1.0,gamma,reference,best_constant,all,3453,16.883168925417735,0.5213649630757358,0.5522733854619172,0.0
legacy_reused_holdout,1,bestCI,2,2,1.0,gamma,dynasurv,line_only,1,1977,20.86428624498404,0.273101636045527,0.7182599898836621,0.0
legacy_reused_holdout,1,bestCI,2,2,1.0,gamma,dynasurv,line_only,2,840,13.817154782880344,0.6249012890970136,0.4416666666666666,0.0
legacy_reused_holdout,1,bestCI,2,2,1.0,gamma,dynasurv,line_only,3,438,9.537371583934528,0.3463697658006749,0.4383561643835616,0.0
legacy_reused_holdout,1,bestCI,2,2,1.0,gamma,dynasurv,line_only,4,198,8.938250165314967,0.3992946050259345,0.5252525252525253,0.0
legacy_reused_holdout,1,bestCI,2,2,1.0,gamma,dynasurv,line_only,all,3453,17.029321230943708,0.3752126575497622,0.6044019693020561,0.0
legacy_reused_holdout,1,bestCI,2,2,1.0,gamma,dynasurv,supported,1,1977,20.86428624498404,0.273101636045527,0.7182599898836621,0.0
legacy_reused_holdout,1,bestCI,2,2,1.0,gamma,dynasurv,supported,2,840,13.820263958765093,0.6217921132122677,0.4452380952380952,0.0
legacy_reused_holdout,1,bestCI,2,2,1.0,gamma,dynasurv,supported,3,438,9.572348375133034,0.3113929746021655,0.4497716894977169,0.0
legacy_reused_holdout,1,bestCI,2,2,1.0,gamma,dynasurv,supported,4,198,9.03070136514973,0.3068434051911717,0.5656565656565656,0.0
legacy_reused_holdout,1,bestCI,2,2,1.0,gamma,dynasurv,supported,all,3453,17.0398155488862,0.3647183396072725,0.6090356211989574,0.0
legacy_reused_holdout,1,bestCI,2,2,1.0,gamma,oracle,line_only,1,1977,21.137387881029568,0.0,1.0,0.0
legacy_reused_holdout,1,bestCI,2,2,1.0,gamma,oracle,line_only,2,840,14.442056071977358,0.0,1.0,0.0
legacy_reused_holdout,1,bestCI,2,2,1.0,gamma,oracle,line_only,3,438,9.8837413497352,0.0,1.0,0.0
legacy_reused_holdout,1,bestCI,2,2,1.0,gamma,oracle,line_only,4,198,9.337544770340902,0.0,1.0,0.0
legacy_reused_holdout,1,bestCI,2,2,1.0,gamma,oracle,line_only,all,3453,17.40453388849347,0.0,1.0,0.0
legacy_reused_holdout,1,bestCI,2,2,1.0,gamma,naive_km,line_only,1,1977,20.66515969933044,0.4722281816991301,0.6575619625695498,0.0
legacy_reused_holdout,1,bestCI,2,2,1.0,gamma,naive_km,line_only,2,840,13.701575561130072,0.740480510847286,0.3976190476190476,0.0
legacy_reused_holdout,1,bestCI,2,2,1.0,gamma,naive_km,line_only,3,438,9.517614287150188,0.366127062585013,0.4315068493150685,0.0
legacy_reused_holdout,1,bestCI,2,2,1.0,gamma,naive_km,line_only,4,198,8.803388104957437,0.5341566653834658,0.398989898989899,0.0
legacy_reused_holdout,1,bestCI,2,2,1.0,gamma,naive_km,line_only,all,3453,16.876956298719634,0.5275775897738381,0.5508253692441355,0.0
legacy_reused_holdout,1,bestCI,2,2,1.0,gamma,reference,random,1,1977,20.299706335140264,0.8376815458893058,0.25,0.0
legacy_reused_holdout,1,bestCI,2,2,1.0,gamma,reference,random,2,840,13.497899072002529,0.94415699997483,0.25,0.0
legacy_reused_holdout,1,bestCI,2,2,1.0,gamma,reference,random,3,438,9.332678739381024,0.5510626103541784,0.25,0.0
legacy_reused_holdout,1,bestCI,2,2,1.0,gamma,reference,random,4,198,8.808055224424537,0.529489545916365,0.3333333333333334,0.0
legacy_reused_holdout,1,bestCI,2,2,1.0,gamma,reference,random,all,3453,16.594979110147513,0.8095547783459557,0.2547784535186794,0.0
legacy_reused_holdout,1,bestCI,0,0,1.5,gamma,reference,factual,1,1977,20.672744215137996,0.4390148526237497,0.6176024279210925,0.0
legacy_reused_holdout,1,bestCI,0,0,1.5,gamma,reference,factual,2,840,13.819161878922635,0.5678435807782111,0.4523809523809524,0.0
legacy_reused_holdout,1,bestCI,0,0,1.5,gamma,reference,factual,3,438,9.510577689176316,0.4124513622654965,0.3447488584474886,0.0
legacy_reused_holdout,1,bestCI,0,0,1.5,gamma,reference,factual,4,198,8.780842141144712,0.1553460812797768,0.6111111111111112,0.0
legacy_reused_holdout,1,bestCI,0,0,1.5,gamma,reference,factual,all,3453,16.907718234413185,0.4507191405318661,0.5424268751810021,0.0
legacy_reused_holdout,1,bestCI,0,0,1.5,gamma,reference,best_constant,1,1977,20.63821821510179,0.473540852659956,0.6575619625695498,0.0
legacy_reused_holdout,1,bestCI,0,0,1.5,gamma,reference,best_constant,2,840,13.641715420439994,0.7452900392608515,0.3976190476190476,0.0
legacy_reused_holdout,1,bestCI,0,0,1.5,gamma,reference,best_constant,3,438,9.555031775697874,0.3679972757439391,0.4315068493150685,0.0
legacy_reused_holdout,1,bestCI,0,0,1.5,gamma,reference,best_constant,4,198,8.685231800530222,0.2509564218942654,0.6060606060606061,0.0
legacy_reused_holdout,1,bestCI,0,0,1.5,gamma,reference,best_constant,all,3453,16.844940103876773,0.5134972710682763,0.562699102229945,0.0
legacy_reused_holdout,1,bestCI,0,0,1.5,gamma,dynasurv,line_only,1,1977,20.681315869539684,0.4304431982220653,0.6707132018209409,0.0
legacy_reused_holdout,1,bestCI,0,0,1.5,gamma,dynasurv,line_only,2,840,13.689908289790964,0.6970971699098798,0.4178571428571428,0.0
legacy_reused_holdout,1,bestCI,0,0,1.5,gamma,dynasurv,line_only,3,438,9.629147924666189,0.2938811267756238,0.5114155251141552,0.0
legacy_reused_holdout,1,bestCI,0,0,1.5,gamma,dynasurv,line_only,4,198,8.833493002831803,0.1026952195926846,0.7777777777777778,0.0
legacy_reused_holdout,1,bestCI,0,0,1.5,gamma,dynasurv,line_only,all,3453,16.899242062863845,0.4591953120812039,0.5951346655082537,0.0
legacy_reused_holdout,1,bestCI,0,0,1.5,gamma,dynasurv,supported,1,1977,20.6819995573052,0.4297595104565506,0.6707132018209409,0.0
legacy_reused_holdout,1,bestCI,0,0,1.5,gamma,dynasurv,supported,2,840,13.71053730374469,0.6764681559561548,0.4226190476190476,0.0
legacy_reused_holdout,1,bestCI,0,0,1.5,gamma,dynasurv,supported,3,438,9.722502825303549,0.2005262261382657,0.5799086757990868,0.0
legacy_reused_holdout,1,bestCI,0,0,1.5,gamma,dynasurv,supported,4,198,8.833493002831803,0.1026952195926846,0.7777777777777778,0.0
legacy_reused_holdout,1,bestCI,0,0,1.5,gamma,dynasurv,supported,all,3453,16.916493574277894,0.4419438006671539,0.6049811757891689,0.0
legacy_reused_holdout,1,bestCI,0,0,1.5,gamma,oracle,line_only,1,1977,21.11175906776175,0.0,1.0,0.0
legacy_reused_holdout,1,bestCI,0,0,1.5,gamma,oracle,line_only,2,840,14.387005459700848,0.0,1.0,0.0
legacy_reused_holdout,1,bestCI,0,0,1.5,gamma,oracle,line_only,3,438,9.923029051441812,0.0,1.0,0.0
legacy_reused_holdout,1,bestCI,0,0,1.5,gamma,oracle,line_only,4,198,8.936188222424489,0.0,1.0,0.0
legacy_reused_holdout,1,bestCI,0,0,1.5,gamma,oracle,line_only,all,3453,17.35843737494505,0.0,1.0,0.0
legacy_reused_holdout,1,bestCI,0,0,1.5,gamma,naive_km,line_only,1,1977,20.63821821510179,0.473540852659956,0.6575619625695498,0.0
legacy_reused_holdout,1,bestCI,0,0,1.5,gamma,naive_km,line_only,2,840,13.641715420439994,0.7452900392608515,0.3976190476190476,0.0
legacy_reused_holdout,1,bestCI,0,0,1.5,gamma,naive_km,line_only,3,438,9.555031775697874,0.3679972757439391,0.4315068493150685,0.0
legacy_reused_holdout,1,bestCI,0,0,1.5,gamma,naive_km,line_only,4,198,8.685231800530222,0.2509564218942654,0.6060606060606061,0.0
legacy_reused_holdout,1,bestCI,0,0,1.5,gamma,naive_km,line_only,all,3453,16.844940103876773,0.5134972710682763,0.562699102229945,0.0
legacy_reused_holdout,1,bestCI,0,0,1.5,gamma,reference,random,1,1977,20.27457972298012,0.8371793447816335,0.25,0.0
legacy_reused_holdout,1,bestCI,0,0,1.5,gamma,reference,random,2,840,13.418348311673414,0.9686571480274322,0.25,0.0
legacy_reused_holdout,1,bestCI,0,0,1.5,gamma,reference,random,3,438,9.367547649772568,0.5554814016692422,0.25,0.0
legacy_reused_holdout,1,bestCI,0,0,1.5,gamma,reference,random,4,198,8.579399221446343,0.3567890009781441,0.5,0.0
legacy_reused_holdout,1,bestCI,0,0,1.5,gamma,reference,random,all,3453,16.552552450212602,0.805884924732445,0.2643353605560382,0.0
legacy_reused_holdout,1,bestCI,1,1,1.5,gamma,reference,factual,1,1977,20.689851040437738,0.4364743238875106,0.6064744562468386,0.0
legacy_reused_holdout,1,bestCI,1,1,1.5,gamma,reference,factual,2,840,13.877209869660431,0.5437316298980258,0.4714285714285714,0.0
legacy_reused_holdout,1,bestCI,1,1,1.5,gamma,reference,factual,3,438,9.510144240440932,0.390662645139351,0.3584474885844749,0.0
legacy_reused_holdout,1,bestCI,1,1,1.5,gamma,reference,factual,4,198,8.82318628017483,0.1677045711849758,0.6212121212121212,0.0
legacy_reused_holdout,1,bestCI,1,1,1.5,gamma,reference,factual,all,3453,16.934006909425978,0.4413437738504521,0.5430060816681147,0.0
legacy_reused_holdout,1,bestCI,1,1,1.5,gamma,reference,best_constant,1,1977,20.6550383199426,0.4712870443826434,0.6575619625695498,0.0
legacy_reused_holdout,1,bestCI,1,1,1.5,gamma,reference,best_constant,2,840,13.679900336149316,0.7410411634091428,0.3976190476190476,0.0
legacy_reused_holdout,1,bestCI,1,1,1.5,gamma,reference,best_constant,3,438,9.532288011292152,0.3685188742881324,0.4315068493150685,0.0
legacy_reused_holdout,1,bestCI,1,1,1.5,gamma,reference,best_constant,4,198,8.74594879655422,0.2449420548055872,0.6060606060606061,0.0
legacy_reused_holdout,1,bestCI,1,1,1.5,gamma,reference,best_constant,all,3453,16.864456140039284,0.5108945432371488,0.562699102229945,0.0
legacy_reused_holdout,1,bestCI,1,1,1.5,gamma,dynasurv,line_only,1,1977,20.7715884569792,0.3547369073460457,0.6929691451694486,0.0
legacy_reused_holdout,1,bestCI,1,1,1.5,gamma,dynasurv,line_only,2,840,13.882614536724809,0.5383269628336504,0.4726190476190476,0.0
legacy_reused_holdout,1,bestCI,1,1,1.5,gamma,dynasurv,line_only,3,438,9.680422376325245,0.2203845092550375,0.5799086757990868,0.0
legacy_reused_holdout,1,bestCI,1,1,1.5,gamma,dynasurv,line_only,4,198,8.859307700504726,0.131583150855083,0.7525252525252525,0.0
legacy_reused_holdout,1,bestCI,1,1,1.5,gamma,dynasurv,line_only,all,3453,17.00579047663687,0.3695602066395632,0.6284390385172314,0.0
legacy_reused_holdout,1,bestCI,1,1,1.5,gamma,dynasurv,supported,1,1977,20.7720360259936,0.3542893383316433,0.6929691451694486,0.0
legacy_reused_holdout,1,bestCI,1,1,1.5,gamma,dynasurv,supported,2,840,13.885872311864151,0.5350691876943072,0.475,0.0
legacy_reused_holdout,1,bestCI,1,1,1.5,gamma,dynasurv,supported,3,438,9.706221467137633,0.1945854184426519,0.6050228310502284,0.0
legacy_reused_holdout,1,bestCI,1,1,1.5,gamma,dynasurv,supported,4,198,8.867428620947244,0.1234622304125636,0.7525252525252525,0.0
legacy_reused_holdout,1,bestCI,1,1,1.5,gamma,dynasurv,supported,all,3453,17.010577421056784,0.3647732622196484,0.6322038806834637,0.0
legacy_reused_holdout,1,bestCI,1,1,1.5,gamma,oracle,line_only,1,1977,21.126325364325247,0.0,1.0,0.0
legacy_reused_holdout,1,bestCI,1,1,1.5,gamma,oracle,line_only,2,840,14.420941499558458,0.0,1.0,0.0
legacy_reused_holdout,1,bestCI,1,1,1.5,gamma,oracle,line_only,3,438,9.900806885580282,0.0,1.0,0.0
legacy_reused_holdout,1,bestCI,1,1,1.5,gamma,oracle,line_only,4,198,8.990890851359806,0.0,1.0,0.0
legacy_reused_holdout,1,bestCI,1,1,1.5,gamma,oracle,line_only,all,3453,17.37535068327643,0.0,1.0,0.0
legacy_reused_holdout,1,bestCI,1,1,1.5,gamma,naive_km,line_only,1,1977,20.6550383199426,0.4712870443826434,0.6575619625695498,0.0
legacy_reused_holdout,1,bestCI,1,1,1.5,gamma,naive_km,line_only,2,840,13.679900336149316,0.7410411634091428,0.3976190476190476,0.0
legacy_reused_holdout,1,bestCI,1,1,1.5,gamma,naive_km,line_only,3,438,9.532288011292152,0.3685188742881324,0.4315068493150685,0.0
legacy_reused_holdout,1,bestCI,1,1,1.5,gamma,naive_km,line_only,4,198,8.74594879655422,0.2449420548055872,0.6060606060606061,0.0
legacy_reused_holdout,1,bestCI,1,1,1.5,gamma,naive_km,line_only,all,3453,16.864456140039284,0.5108945432371488,0.562699102229945,0.0
legacy_reused_holdout,1,bestCI,1,1,1.5,gamma,reference,random,1,1977,20.29552845604376,0.8307969082814843,0.25,0.0
legacy_reused_holdout,1,bestCI,1,1,1.5,gamma,reference,random,2,840,13.470530901239162,0.9504105983192992,0.25,0.0
legacy_reused_holdout,1,bestCI,1,1,1.5,gamma,reference,random,3,438,9.34262607190973,0.5581808136705532,0.25,0.0
legacy_reused_holdout,1,bestCI,1,1,1.5,gamma,reference,random,4,198,8.643573652502548,0.3473171988572592,0.5,0.0
legacy_reused_holdout,1,bestCI,1,1,1.5,gamma,reference,random,all,3453,16.577759489525448,0.7975911937509833,0.2643353605560382,0.0
legacy_reused_holdout,1,bestCI,2,2,1.5,gamma,reference,factual,1,1977,20.631907983716484,0.4623945220271004,0.5968639352554376,0.0
legacy_reused_holdout,1,bestCI,2,2,1.5,gamma,reference,factual,2,840,13.833028572184002,0.5480313059034085,0.4464285714285714,0.0
legacy_reused_holdout,1,bestCI,2,2,1.5,gamma,reference,factual,3,438,9.471442772730024,0.3682298542683425,0.3812785388127854,0.0
legacy_reused_holdout,1,bestCI,2,2,1.5,gamma,reference,factual,4,198,8.95015357699649,0.3450655019659734,0.398989898989899,0.0
legacy_reused_holdout,1,bestCI,2,2,1.5,gamma,reference,factual,all,3453,16.8924553800009,0.464554854493263,0.5215754416449464,0.0
legacy_reused_holdout,1,bestCI,2,2,1.5,gamma,reference,best_constant,1,1977,20.617403438584287,0.4768990671593029,0.6575619625695498,0.0
legacy_reused_holdout,1,bestCI,2,2,1.5,gamma,reference,best_constant,2,840,13.635125829945142,0.7459340481422676,0.3976190476190476,0.0
legacy_reused_holdout,1,bestCI,2,2,1.5,gamma,reference,best_constant,3,438,9.46959757086752,0.3700750561308448,0.4315068493150685,0.0
legacy_reused_holdout,1,bestCI,2,2,1.5,gamma,reference,best_constant,4,198,8.865432370381598,0.429786708580865,0.4242424242424242,0.0
legacy_reused_holdout,1,bestCI,2,2,1.5,gamma,reference,best_constant,all,3453,16.830915621375784,0.5260946131183806,0.5522733854619172,0.0
legacy_reused_holdout,1,bestCI,2,2,1.5,gamma,dynasurv,line_only,1,1977,20.817683216080816,0.2766192896627681,0.7415275670207385,0.0
legacy_reused_holdout,1,bestCI,2,2,1.5,gamma,dynasurv,line_only,2,840,13.768024978624766,0.6130348994626474,0.4678571428571428,0.0
legacy_reused_holdout,1,bestCI,2,2,1.5,gamma,dynasurv,line_only,3,438,9.545580951409724,0.2940916755886393,0.4977168949771689,0.0
legacy_reused_holdout,1,bestCI,2,2,1.5,gamma,dynasurv,line_only,4,198,8.941736056631543,0.3534830223309216,0.5252525252525253,0.0
legacy_reused_holdout,1,bestCI,2,2,1.5,gamma,dynasurv,line_only,all,3453,16.99192843792849,0.3650817965656712,0.631624674196351,0.0
legacy_reused_holdout,1,bestCI,2,2,1.5,gamma,dynasurv,supported,1,1977,20.817683216080816,0.2766192896627681,0.7415275670207385,0.0
legacy_reused_holdout,1,bestCI,2,2,1.5,gamma,dynasurv,supported,2,840,13.779306765174892,0.601753112912519,0.4702380952380952,0.0
legacy_reused_holdout,1,bestCI,2,2,1.5,gamma,dynasurv,supported,3,438,9.616209078634244,0.2234635483641183,0.5296803652968036,0.0
legacy_reused_holdout,1,bestCI,2,2,1.5,gamma,dynasurv,supported,4,198,9.010592634698977,0.2846264442634877,0.5555555555555556,0.0
legacy_reused_holdout,1,bestCI,2,2,1.5,gamma,dynasurv,supported,all,3453,17.007580167695014,0.3494300667991494,0.6379959455545902,0.0
legacy_reused_holdout,1,bestCI,2,2,1.5,gamma,oracle,line_only,1,1977,21.094302505743585,0.0,1.0,0.0
legacy_reused_holdout,1,bestCI,2,2,1.5,gamma,oracle,line_only,2,840,14.381059878087411,0.0,1.0,0.0
legacy_reused_holdout,1,bestCI,2,2,1.5,gamma,oracle,line_only,3,438,9.839672626998366,0.0,1.0,0.0
legacy_reused_holdout,1,bestCI,2,2,1.5,gamma,oracle,line_only,4,198,9.295219078962464,0.0,1.0,0.0
legacy_reused_holdout,1,bestCI,2,2,1.5,gamma,oracle,line_only,all,3453,17.35701023449416,0.0,1.0,0.0
legacy_reused_holdout,1,bestCI,2,2,1.5,gamma,naive_km,line_only,1,1977,20.617403438584287,0.4768990671593029,0.6575619625695498,0.0
legacy_reused_holdout,1,bestCI,2,2,1.5,gamma,naive_km,line_only,2,840,13.635125829945142,0.7459340481422676,0.3976190476190476,0.0
legacy_reused_holdout,1,bestCI,2,2,1.5,gamma,naive_km,line_only,3,438,9.46959757086752,0.3700750561308448,0.4315068493150685,0.0
legacy_reused_holdout,1,bestCI,2,2,1.5,gamma,naive_km,line_only,4,198,8.756714088446707,0.5385049905157571,0.398989898989899,0.0
legacy_reused_holdout,1,bestCI,2,2,1.5,gamma,naive_km,line_only,all,3453,16.824681558293506,0.5323286762006593,0.5508253692441355,0.0
legacy_reused_holdout,1,bestCI,2,2,1.5,gamma,reference,random,1,1977,20.246890370206213,0.8474121355373698,0.25,0.0
legacy_reused_holdout,1,bestCI,2,2,1.5,gamma,reference,random,2,840,13.426929405544865,0.9541304725425476,0.25,0.0
legacy_reused_holdout,1,bestCI,2,2,1.5,gamma,reference,random,3,438,9.280925549550672,0.5587470774476937,0.25,0.0
legacy_reused_holdout,1,bestCI,2,2,1.5,gamma,reference,random,4,198,8.760296983282664,0.5349220956798005,0.3333333333333334,0.0
legacy_reused_holdout,1,bestCI,2,2,1.5,gamma,reference,random,all,3453,16.538171779886632,0.8188384546075327,0.2547784535186794,0.0
legacy_reused_holdout,1,bestCI,0,0,0.0,heterogeneity,reference,factual,1,1977,20.725964960546168,0.2237894642899218,0.7157309054122407,0.0
legacy_reused_holdout,1,bestCI,0,0,0.0,heterogeneity,reference,factual,2,840,13.88819201449684,0.4937684607565375,0.4345238095238095,0.0
legacy_reused_holdout,1,bestCI,0,0,0.0,heterogeneity,reference,factual,3,438,9.507858411499182,0.4428259620943414,0.1301369863013698,0.0
legacy_reused_holdout,1,bestCI,0,0,0.0,heterogeneity,reference,factual,4,198,8.811182727989882,0.5298190105110137,0.0555555555555555,0.0
legacy_reused_holdout,1,bestCI,0,0,0.0,heterogeneity,reference,factual,all,3453,16.956377116581454,0.33479849794821,0.5351867940920938,0.0
legacy_reused_holdout,1,bestCI,0,0,0.0,heterogeneity,reference,best_constant,1,1977,20.94975442483609,0.0,1.0,0.0
legacy_reused_holdout,1,bestCI,0,0,0.0,heterogeneity,reference,best_constant,2,840,14.381960475253376,0.0,1.0,0.0
legacy_reused_holdout,1,bestCI,0,0,0.0,heterogeneity,reference,best_constant,3,438,9.95068437359352,0.0,1.0,0.0
legacy_reused_holdout,1,bestCI,0,0,0.0,heterogeneity,reference,best_constant,4,198,9.341001738500896,0.0,1.0,0.0
legacy_reused_holdout,1,bestCI,0,0,0.0,heterogeneity,reference,best_constant,all,3453,17.291175614529664,0.0,1.0,0.0
legacy_reused_holdout,1,bestCI,0,0,0.0,heterogeneity,dynasurv,line_only,1,1977,20.905725050001383,0.0440293748347028,0.9595346484572584,0.0
legacy_reused_holdout,1,bestCI,0,0,0.0,heterogeneity,dynasurv,line_only,2,840,14.336056287641217,0.0459041876121616,0.955952380952381,0.0
legacy_reused_holdout,1,bestCI,0,0,0.0,heterogeneity,dynasurv,line_only,3,438,9.863839142384274,0.0868452312092479,0.8287671232876712,0.0
legacy_reused_holdout,1,bestCI,0,0,0.0,heterogeneity,dynasurv,line_only,4,198,9.218491923793506,0.1225098147073903,0.7929292929292929,0.0
legacy_reused_holdout,1,bestCI,0,0,0.0,heterogeneity,dynasurv,line_only,all,3453,17.2367589489565,0.0544166655731645,0.9325224442513756,0.0
legacy_reused_holdout,1,bestCI,0,0,0.0,heterogeneity,dynasurv,supported,1,1977,20.90606476958127,0.0436896552548211,0.9595346484572584,0.0
legacy_reused_holdout,1,bestCI,0,0,0.0,heterogeneity,dynasurv,supported,2,840,14.336056287641217,0.0459041876121616,0.955952380952381,0.0
legacy_reused_holdout,1,bestCI,0,0,0.0,heterogeneity,dynasurv,supported,3,438,9.74069009682031,0.2099942767732105,0.6073059360730594,0.0
legacy_reused_holdout,1,bestCI,0,0,0.0,heterogeneity,dynasurv,supported,4,198,8.94126538462343,0.3997363538774646,0.3686868686868687,0.0
legacy_reused_holdout,1,bestCI,0,0,0.0,heterogeneity,dynasurv,supported,all,3453,17.205435893322772,0.085739721206893,0.8801042571676803,0.0
legacy_reused_holdout,1,bestCI,0,0,0.0,heterogeneity,oracle,line_only,1,1977,20.94975442483609,0.0,1.0,0.0
legacy_reused_holdout,1,bestCI,0,0,0.0,heterogeneity,oracle,line_only,2,840,14.381960475253376,0.0,1.0,0.0
legacy_reused_holdout,1,bestCI,0,0,0.0,heterogeneity,oracle,line_only,3,438,9.95068437359352,0.0,1.0,0.0
legacy_reused_holdout,1,bestCI,0,0,0.0,heterogeneity,oracle,line_only,4,198,9.341001738500896,0.0,1.0,0.0
legacy_reused_holdout,1,bestCI,0,0,0.0,heterogeneity,oracle,line_only,all,3453,17.291175614529664,0.0,1.0,0.0
legacy_reused_holdout,1,bestCI,0,0,0.0,heterogeneity,naive_km,line_only,1,1977,20.94975442483609,0.0,1.0,0.0
legacy_reused_holdout,1,bestCI,0,0,0.0,heterogeneity,naive_km,line_only,2,840,14.381960475253376,0.0,1.0,0.0
legacy_reused_holdout,1,bestCI,0,0,0.0,heterogeneity,naive_km,line_only,3,438,9.95068437359352,0.0,1.0,0.0
legacy_reused_holdout,1,bestCI,0,0,0.0,heterogeneity,naive_km,line_only,4,198,9.341001738500896,0.0,1.0,0.0
legacy_reused_holdout,1,bestCI,0,0,0.0,heterogeneity,naive_km,line_only,all,3453,17.291175614529664,0.0,1.0,0.0
legacy_reused_holdout,1,bestCI,0,0,0.0,heterogeneity,reference,random,1,1977,20.45700096746895,0.4927534573671377,0.25,0.0
legacy_reused_holdout,1,bestCI,0,0,0.0,heterogeneity,reference,random,2,840,13.860553895144124,0.5214065801092516,0.25,0.0
legacy_reused_holdout,1,bestCI,0,0,0.0,heterogeneity,reference,random,3,438,9.644952745527045,0.3057316280664774,0.25,0.0
legacy_reused_holdout,1,bestCI,0,0,0.0,heterogeneity,reference,random,4,198,8.992686867787514,0.3483148707133806,0.3333333333333334,0.0
legacy_reused_holdout,1,bestCI,0,0,0.0,heterogeneity,reference,random,all,3453,16.823457134946413,0.4677184795832519,0.2547784535186794,0.0
legacy_reused_holdout,1,bestCI,1,1,0.0,heterogeneity,reference,factual,1,1977,20.7545922709377,0.2209028289161157,0.7197774405665149,0.0
legacy_reused_holdout,1,bestCI,1,1,0.0,heterogeneity,reference,factual,2,840,13.93076299446131,0.4977505912332068,0.4214285714285714,0.0
legacy_reused_holdout,1,bestCI,1,1,0.0,heterogeneity,reference,factual,3,438,9.502150570203495,0.4472315801309032,0.1095890410958904,0.0
legacy_reused_holdout,1,bestCI,1,1,0.0,heterogeneity,reference,factual,4,198,8.864158986880724,0.1162086837852189,0.3838383838383838,0.0
legacy_reused_holdout,1,bestCI,1,1,0.0,heterogeneity,reference,factual,all,3453,16.985437377394398,0.3109563107123844,0.5505357660005792,0.0
legacy_reused_holdout,1,bestCI,1,1,0.0,heterogeneity,reference,best_constant,1,1977,20.975495099853816,0.0,1.0,0.0
legacy_reused_holdout,1,bestCI,1,1,0.0,heterogeneity,reference,best_constant,2,840,14.428513585694516,0.0,1.0,0.0
legacy_reused_holdout,1,bestCI,1,1,0.0,heterogeneity,reference,best_constant,3,438,9.949382150334396,0.0,1.0,0.0
legacy_reused_holdout,1,bestCI,1,1,0.0,heterogeneity,reference,best_constant,4,198,8.980367670665943,0.0,1.0,0.0
legacy_reused_holdout,1,bestCI,1,1,0.0,heterogeneity,reference,best_constant,all,3453,17.29639368810678,0.0,1.0,0.0
legacy_reused_holdout,1,bestCI,1,1,0.0,heterogeneity,dynasurv,line_only,1,1977,20.9267410397276,0.0487540601262141,0.9499241274658572,0.0
legacy_reused_holdout,1,bestCI,1,1,0.0,heterogeneity,dynasurv,line_only,2,840,14.416072289551137,0.0124412961433797,0.9821428571428572,0.0
legacy_reused_holdout,1,bestCI,1,1,0.0,heterogeneity,dynasurv,line_only,3,438,9.915022941689251,0.0343592086451452,0.910958904109589,0.0
legacy_reused_holdout,1,bestCI,1,1,0.0,heterogeneity,dynasurv,line_only,4,198,8.93084651201025,0.049521158655693,0.7777777777777778,0.0
legacy_reused_holdout,1,bestCI,1,1,0.0,heterogeneity,dynasurv,line_only,all,3453,17.258255261106964,0.0381384269998161,0.9429481610194034,0.0
legacy_reused_holdout,1,bestCI,1,1,0.0,heterogeneity,dynasurv,supported,1,1977,20.9267410397276,0.0487540601262141,0.9499241274658572,0.0
legacy_reused_holdout,1,bestCI,1,1,0.0,heterogeneity,dynasurv,supported,2,840,14.414194426479614,0.0143191592149041,0.9797619047619048,0.0
legacy_reused_holdout,1,bestCI,1,1,0.0,heterogeneity,dynasurv,supported,3,438,9.781866799199952,0.1675153511344451,0.6301369863013698,0.0
legacy_reused_holdout,1,bestCI,1,1,0.0,heterogeneity,dynasurv,supported,4,198,8.93084651201025,0.049521158655693,0.7777777777777778,0.0
legacy_reused_holdout,1,bestCI,1,1,0.0,heterogeneity,dynasurv,supported,all,3453,17.240908086073546,0.0554856020332345,0.9067477555748624,0.0
legacy_reused_holdout,1,bestCI,1,1,0.0,heterogeneity,oracle,line_only,1,1977,20.975495099853816,0.0,1.0,0.0
legacy_reused_holdout,1,bestCI,1,1,0.0,heterogeneity,oracle,line_only,2,840,14.428513585694516,0.0,1.0,0.0
legacy_reused_holdout,1,bestCI,1,1,0.0,heterogeneity,oracle,line_only,3,438,9.949382150334396,0.0,1.0,0.0
legacy_reused_holdout,1,bestCI,1,1,0.0,heterogeneity,oracle,line_only,4,198,8.980367670665943,0.0,1.0,0.0
legacy_reused_holdout,1,bestCI,1,1,0.0,heterogeneity,oracle,line_only,all,3453,17.29639368810678,0.0,1.0,0.0
legacy_reused_holdout,1,bestCI,1,1,0.0,heterogeneity,naive_km,line_only,1,1977,20.975495099853816,0.0,1.0,0.0
legacy_reused_holdout,1,bestCI,1,1,0.0,heterogeneity,naive_km,line_only,2,840,14.428513585694516,0.0,1.0,0.0
legacy_reused_holdout,1,bestCI,1,1,0.0,heterogeneity,naive_km,line_only,3,438,9.949382150334396,0.0,1.0,0.0
legacy_reused_holdout,1,bestCI,1,1,0.0,heterogeneity,naive_km,line_only,4,198,8.980367670665943,0.0,1.0,0.0
legacy_reused_holdout,1,bestCI,1,1,0.0,heterogeneity,naive_km,line_only,all,3453,17.29639368810678,0.0,1.0,0.0
legacy_reused_holdout,1,bestCI,1,1,0.0,heterogeneity,reference,random,1,1977,20.48488389940332,0.4906112004504923,0.25,0.0
legacy_reused_holdout,1,bestCI,1,1,0.0,heterogeneity,reference,random,2,840,13.916021048921868,0.5124925367726486,0.25,0.0
legacy_reused_holdout,1,bestCI,1,1,0.0,heterogeneity,reference,random,3,438,9.641189554284862,0.3081925960495381,0.25,0.0
legacy_reused_holdout,1,bestCI,1,1,0.0,heterogeneity,reference,random,4,198,8.872678288007265,0.1076893826586765,0.5,0.0
legacy_reused_holdout,1,bestCI,1,1,0.0,heterogeneity,reference,random,all,3453,16.845555886480437,0.4508378016263434,0.2643353605560382,0.0
legacy_reused_holdout,1,bestCI,2,2,0.0,heterogeneity,reference,factual,1,1977,20.687692742263497,0.2382582351950683,0.6970156803237229,0.0
legacy_reused_holdout,1,bestCI,2,2,0.0,heterogeneity,reference,factual,2,840,13.901935650930582,0.4872851205511489,0.4511904761904762,0.0
legacy_reused_holdout,1,bestCI,2,2,0.0,heterogeneity,reference,factual,3,438,9.448764821736772,0.4396852585757965,0.1324200913242009,0.0
legacy_reused_holdout,1,bestCI,2,2,0.0,heterogeneity,reference,factual,4,198,8.97644888711885,0.121030789269849,0.0252525252525252,0.0
legacy_reused_holdout,1,bestCI,2,2,0.0,heterogeneity,reference,factual,all,3453,16.93978869672947,0.3176664557704153,0.5270779032725167,0.0
legacy_reused_holdout,1,bestCI,2,2,0.0,heterogeneity,reference,best_constant,1,1977,20.92595097745856,0.0,1.0,0.0
legacy_reused_holdout,1,bestCI,2,2,0.0,heterogeneity,reference,best_constant,2,840,14.389220771481732,0.0,1.0,0.0
legacy_reused_holdout,1,bestCI,2,2,0.0,heterogeneity,reference,best_constant,3,438,9.88845008031257,0.0,1.0,0.0
legacy_reused_holdout,1,bestCI,2,2,0.0,heterogeneity,reference,best_constant,4,198,9.0974796763887,0.0,1.0,0.0
legacy_reused_holdout,1,bestCI,2,2,0.0,heterogeneity,reference,best_constant,all,3453,17.257455152499887,0.0,1.0,0.0
legacy_reused_holdout,1,bestCI,2,2,0.0,heterogeneity,dynasurv,line_only,1,1977,20.92116154093858,0.0047894365199835,0.99645928174001,0.0
legacy_reused_holdout,1,bestCI,2,2,0.0,heterogeneity,dynasurv,line_only,2,840,14.386206898392045,0.0030138730896846,0.9928571428571428,0.0
legacy_reused_holdout,1,bestCI,2,2,0.0,heterogeneity,dynasurv,line_only,3,438,9.8693239807295,0.0191260995830721,0.952054794520548,0.0
legacy_reused_holdout,1,bestCI,2,2,0.0,heterogeneity,dynasurv,line_only,4,198,9.0974796763887,0.0,0.9595959595959596,0.0
legacy_reused_holdout,1,bestCI,2,2,0.0,heterogeneity,dynasurv,line_only,all,3453,17.251553733150704,0.0059014193491827,0.9878366637706344,0.0
legacy_reused_holdout,1,bestCI,2,2,0.0,heterogeneity,dynasurv,supported,1,1977,20.92116154093858,0.0047894365199835,0.99645928174001,0.0
legacy_reused_holdout,1,bestCI,2,2,0.0,heterogeneity,dynasurv,supported,2,840,14.380390016729852,0.0088307547518756,0.9857142857142858,0.0
legacy_reused_holdout,1,bestCI,2,2,0.0,heterogeneity,dynasurv,supported,3,438,9.756936602166626,0.1315134781459449,0.723744292237443,0.0
legacy_reused_holdout,1,bestCI,2,2,0.0,heterogeneity,dynasurv,supported,4,198,9.085592910423973,0.0118867659647275,0.5454545454545454,0.0
legacy_reused_holdout,1,bestCI,2,2,0.0,heterogeneity,dynasurv,supported,all,3453,17.23520116087506,0.0222539916248256,0.9333912539820446,0.0
legacy_reused_holdout,1,bestCI,2,2,0.0,heterogeneity,oracle,line_only,1,1977,20.92595097745856,0.0,1.0,0.0
legacy_reused_holdout,1,bestCI,2,2,0.0,heterogeneity,oracle,line_only,2,840,14.389220771481732,0.0,1.0,0.0
legacy_reused_holdout,1,bestCI,2,2,0.0,heterogeneity,oracle,line_only,3,438,9.88845008031257,0.0,1.0,0.0
legacy_reused_holdout,1,bestCI,2,2,0.0,heterogeneity,oracle,line_only,4,198,9.0974796763887,0.0,1.0,0.0
legacy_reused_holdout,1,bestCI,2,2,0.0,heterogeneity,oracle,line_only,all,3453,17.257455152499887,0.0,1.0,0.0
legacy_reused_holdout,1,bestCI,2,2,0.0,heterogeneity,naive_km,line_only,1,1977,20.92595097745856,0.0,1.0,0.0
legacy_reused_holdout,1,bestCI,2,2,0.0,heterogeneity,naive_km,line_only,2,840,14.389220771481732,0.0,1.0,0.0
legacy_reused_holdout,1,bestCI,2,2,0.0,heterogeneity,naive_km,line_only,3,438,9.537577961090111,0.3508721192224569,0.0,0.0
legacy_reused_holdout,1,bestCI,2,2,0.0,heterogeneity,naive_km,line_only,4,198,9.0974796763887,0.0,1.0,0.0
legacy_reused_holdout,1,bestCI,2,2,0.0,heterogeneity,naive_km,line_only,all,3453,17.21294835023535,0.044506802264534,0.8731537793223284,0.0
legacy_reused_holdout,1,bestCI,2,2,0.0,heterogeneity,reference,random,1,1977,20.427867464014483,0.4980835134440813,0.25,0.0
legacy_reused_holdout,1,bestCI,2,2,0.0,heterogeneity,reference,random,2,840,13.873425462466605,0.5157953090151243,0.25,0.0
legacy_reused_holdout,1,bestCI,2,2,0.0,heterogeneity,reference,random,3,438,9.57780990959392,0.3106401707186513,0.25,0.0
legacy_reused_holdout,1,bestCI,2,2,0.0,heterogeneity,reference,random,4,198,9.02670392443053,0.0707757519581701,0.3333333333333334,0.0
legacy_reused_holdout,1,bestCI,2,2,0.0,heterogeneity,reference,random,all,3453,16.80334187149376,0.4541132810061223,0.2547784535186794,0.0
legacy_reused_holdout,1,bestCI,0,0,0.5,heterogeneity,reference,factual,1,1977,20.70658034908013,0.22421354310628,0.6363176530096105,0.0
legacy_reused_holdout,1,bestCI,0,0,0.5,heterogeneity,reference,factual,2,840,13.850983494210556,0.3908861144119712,0.4166666666666667,0.0
legacy_reused_holdout,1,bestCI,0,0,0.5,heterogeneity,reference,factual,3,438,9.502994457463448,0.3532339022253956,0.2442922374429223,0.0
legacy_reused_holdout,1,bestCI,0,0,0.5,heterogeneity,reference,factual,4,198,8.795207226848367,0.3962463650849025,0.1969696969696969,0.0
legacy_reused_holdout,1,bestCI,0,0,0.5,heterogeneity,reference,factual,all,3453,16.93469391501687,0.2909897886732422,0.507964089197799,0.0
legacy_reused_holdout,1,bestCI,0,0,0.5,heterogeneity,reference,best_constant,1,1977,20.820455979815986,0.1103379123704249,0.7708649468892261,0.0
legacy_reused_holdout,1,bestCI,0,0,0.5,heterogeneity,reference,best_constant,2,840,14.061748036725437,0.1801215718970928,0.6321428571428571,0.0
legacy_reused_holdout,1,bestCI,0,0,0.5,heterogeneity,reference,best_constant,3,438,9.774620121733996,0.0816082379548453,0.682648401826484,0.0
legacy_reused_holdout,1,bestCI,0,0,0.5,heterogeneity,reference,best_constant,4,198,9.123494347540522,0.0679592443927475,0.7474747474747475,0.0
legacy_reused_holdout,1,bestCI,0,0,0.5,heterogeneity,reference,best_constant,all,3453,17.10444405359921,0.121239650090899,0.7245873153779322,0.0
legacy_reused_holdout,1,bestCI,0,0,0.5,heterogeneity,dynasurv,line_only,1,1977,20.85175484591648,0.0790390462699315,0.8077895801719778,0.0
legacy_reused_holdout,1,bestCI,0,0,0.5,heterogeneity,dynasurv,line_only,2,840,14.104132217564166,0.1377373910583609,0.6916666666666667,0.0
legacy_reused_holdout,1,bestCI,0,0,0.5,heterogeneity,dynasurv,line_only,3,438,9.764272750786782,0.0919556089020625,0.678082191780822,0.0
legacy_reused_holdout,1,bestCI,0,0,0.5,heterogeneity,dynasurv,line_only,4,198,9.05070839699969,0.1407451949335798,0.6060606060606061,0.0
legacy_reused_holdout,1,bestCI,0,0,0.5,heterogeneity,dynasurv,line_only,all,3453,17.1271885666323,0.0984951370578135,0.7515204170286707,0.0
legacy_reused_holdout,1,bestCI,0,0,0.5,heterogeneity,dynasurv,supported,1,1977,20.852248723686564,0.0785451684998419,0.8088012139605463,0.0
legacy_reused_holdout,1,bestCI,0,0,0.5,heterogeneity,dynasurv,supported,2,840,14.104132217564166,0.1377373910583609,0.6916666666666667,0.0
legacy_reused_holdout,1,bestCI,0,0,0.5,heterogeneity,dynasurv,supported,3,438,9.720393776001988,0.1358345836868569,0.6073059360730594,0.0
legacy_reused_holdout,1,bestCI,0,0,0.5,heterogeneity,dynasurv,supported,4,198,8.936468863335914,0.2549847285973558,0.4292929292929293,0.0
legacy_reused_holdout,1,bestCI,0,0,0.5,heterogeneity,dynasurv,supported,all,3453,17.11535479244472,0.1103289112453896,0.7329858094410657,0.0
legacy_reused_holdout,1,bestCI,0,0,0.5,heterogeneity,oracle,line_only,1,1977,20.930793892186408,0.0,1.0,0.0
legacy_reused_holdout,1,bestCI,0,0,0.5,heterogeneity,oracle,line_only,2,840,14.241869608622528,0.0,1.0,0.0
legacy_reused_holdout,1,bestCI,0,0,0.5,heterogeneity,oracle,line_only,3,438,9.85622835968884,0.0,1.0,0.0
legacy_reused_holdout,1,bestCI,0,0,0.5,heterogeneity,oracle,line_only,4,198,9.19145359193327,0.0,1.0,0.0
legacy_reused_holdout,1,bestCI,0,0,0.5,heterogeneity,oracle,line_only,all,3453,17.22568370369011,0.0,1.0,0.0
legacy_reused_holdout,1,bestCI,0,0,0.5,heterogeneity,naive_km,line_only,1,1977,20.820455979815986,0.1103379123704249,0.7708649468892261,0.0
legacy_reused_holdout,1,bestCI,0,0,0.5,heterogeneity,naive_km,line_only,2,840,14.061748036725437,0.1801215718970928,0.6321428571428571,0.0
legacy_reused_holdout,1,bestCI,0,0,0.5,heterogeneity,naive_km,line_only,3,438,9.774620121733996,0.0816082379548453,0.682648401826484,0.0
legacy_reused_holdout,1,bestCI,0,0,0.5,heterogeneity,naive_km,line_only,4,198,9.123494347540522,0.0679592443927475,0.7474747474747475,0.0
legacy_reused_holdout,1,bestCI,0,0,0.5,heterogeneity,naive_km,line_only,all,3453,17.10444405359921,0.121239650090899,0.7245873153779322,0.0
legacy_reused_holdout,1,bestCI,0,0,0.5,heterogeneity,reference,random,1,1977,20.39522745051669,0.5355664416697204,0.25,0.0
legacy_reused_holdout,1,bestCI,0,0,0.5,heterogeneity,reference,random,2,840,13.687268526567172,0.5546010820553556,0.25,0.0
legacy_reused_holdout,1,bestCI,0,0,0.5,heterogeneity,reference,random,3,438,9.526654707993645,0.3295736516952006,0.25,0.0
legacy_reused_holdout,1,bestCI,0,0,0.5,heterogeneity,reference,random,4,198,8.85458696649699,0.3368666254362784,0.3333333333333334,0.0
legacy_reused_holdout,1,bestCI,0,0,0.5,heterogeneity,reference,random,all,3453,16.723009908327697,0.5026737953624144,0.2547784535186794,0.0
legacy_reused_holdout,1,bestCI,1,1,0.5,heterogeneity,reference,factual,1,1977,20.72948953881768,0.2236812483251729,0.6262013151239252,0.0
legacy_reused_holdout,1,bestCI,1,1,0.5,heterogeneity,reference,factual,2,840,13.895927844302488,0.3816151818552718,0.4297619047619048,0.0
legacy_reused_holdout,1,bestCI,1,1,0.5,heterogeneity,reference,factual,3,438,9.51125830973015,0.3355851603279123,0.2465753424657534,0.0
legacy_reused_holdout,1,bestCI,1,1,0.5,heterogeneity,reference,factual,4,198,8.84402143866116,0.1299068817454614,0.5454545454545454,0.0
legacy_reused_holdout,1,bestCI,1,1,0.5,heterogeneity,reference,factual,all,3453,16.962591251657503,0.270918749929488,0.525629887054735,0.0
legacy_reused_holdout,1,bestCI,1,1,0.5,heterogeneity,reference,best_constant,1,1977,20.843054300999352,0.1101164861434988,0.7708649468892261,0.0
legacy_reused_holdout,1,bestCI,1,1,0.5,heterogeneity,reference,best_constant,2,840,14.098228834129774,0.1793141920279842,0.6321428571428571,0.0
legacy_reused_holdout,1,bestCI,1,1,0.5,heterogeneity,reference,best_constant,3,438,9.76700806267672,0.0798354073813448,0.682648401826484,0.0
legacy_reused_holdout,1,bestCI,1,1,0.5,heterogeneity,reference,best_constant,4,198,8.896705040038242,0.0772232803683784,0.7323232323232324,0.0
legacy_reused_holdout,1,bestCI,1,1,0.5,heterogeneity,reference,best_constant,all,3453,17.11228720044156,0.1212228011454306,0.7237185056472633,0.0
legacy_reused_holdout,1,bestCI,1,1,0.5,heterogeneity,dynasurv,line_only,1,1977,20.849899533609413,0.1032712535334409,0.776428932726353,0.0
legacy_reused_holdout,1,bestCI,1,1,0.5,heterogeneity,dynasurv,line_only,2,840,14.098228834129774,0.1793141920279842,0.6321428571428571,0.0
legacy_reused_holdout,1,bestCI,1,1,0.5,heterogeneity,dynasurv,line_only,3,438,9.76967425722722,0.0771692128308441,0.6872146118721462,0.0
legacy_reused_holdout,1,bestCI,1,1,0.5,heterogeneity,dynasurv,line_only,4,198,8.904319287028708,0.0696090333779132,0.696969696969697,0.0
legacy_reused_holdout,1,bestCI,1,1,0.5,heterogeneity,dynasurv,line_only,all,3453,17.11698121694527,0.1165287846417191,0.7254561251086012,0.0
legacy_reused_holdout,1,bestCI,1,1,0.5,heterogeneity,dynasurv,supported,1,1977,20.849899533609413,0.1032712535334409,0.776428932726353,0.0
legacy_reused_holdout,1,bestCI,1,1,0.5,heterogeneity,dynasurv,supported,2,840,14.097590966708388,0.1799520594493742,0.6321428571428571,0.0
legacy_reused_holdout,1,bestCI,1,1,0.5,heterogeneity,dynasurv,supported,3,438,9.727311921864334,0.1195315481937272,0.639269406392694,0.0
legacy_reused_holdout,1,bestCI,1,1,0.5,heterogeneity,dynasurv,supported,4,198,8.904319287028708,0.0696090333779132,0.696969696969697,0.0
legacy_reused_holdout,1,bestCI,1,1,0.5,heterogeneity,dynasurv,supported,all,3453,17.11145254288709,0.1220574586999034,0.7193744569939183,0.0
legacy_reused_holdout,1,bestCI,1,1,0.5,heterogeneity,oracle,line_only,1,1977,20.953170787142852,0.0,1.0,0.0
legacy_reused_holdout,1,bestCI,1,1,0.5,heterogeneity,oracle,line_only,2,840,14.27754302615776,0.0,1.0,0.0
legacy_reused_holdout,1,bestCI,1,1,0.5,heterogeneity,oracle,line_only,3,438,9.846843470058062,0.0,1.0,0.0
legacy_reused_holdout,1,bestCI,1,1,0.5,heterogeneity,oracle,line_only,4,198,8.973928320406621,0.0,1.0,0.0
legacy_reused_holdout,1,bestCI,1,1,0.5,heterogeneity,oracle,line_only,all,3453,17.233510001586993,0.0,1.0,0.0
legacy_reused_holdout,1,bestCI,1,1,0.5,heterogeneity,naive_km,line_only,1,1977,20.843054300999352,0.1101164861434988,0.7708649468892261,0.0
legacy_reused_holdout,1,bestCI,1,1,0.5,heterogeneity,naive_km,line_only,2,840,14.098228834129774,0.1793141920279842,0.6321428571428571,0.0
legacy_reused_holdout,1,bestCI,1,1,0.5,heterogeneity,naive_km,line_only,3,438,9.76700806267672,0.0798354073813448,0.682648401826484,0.0
legacy_reused_holdout,1,bestCI,1,1,0.5,heterogeneity,naive_km,line_only,4,198,8.896705040038242,0.0772232803683784,0.7323232323232324,0.0
legacy_reused_holdout,1,bestCI,1,1,0.5,heterogeneity,naive_km,line_only,all,3453,17.11228720044156,0.1212228011454306,0.7237185056472633,0.0
legacy_reused_holdout,1,bestCI,1,1,0.5,heterogeneity,reference,random,1,1977,20.42105373867267,0.5321170484701873,0.25,0.0
legacy_reused_holdout,1,bestCI,1,1,0.5,heterogeneity,reference,random,2,840,13.735651554426145,0.541891471731614,0.25,0.0
legacy_reused_holdout,1,bestCI,1,1,0.5,heterogeneity,reference,random,3,438,9.517094788655362,0.3297486814027007,0.25,0.0
legacy_reused_holdout,1,bestCI,1,1,0.5,heterogeneity,reference,random,4,198,8.788940852609617,0.1849874677970049,0.5,0.0
legacy_reused_holdout,1,bestCI,1,1,0.5,heterogeneity,reference,random,all,3453,16.744589734526954,0.4889202670600365,0.2643353605560382,0.0
legacy_reused_holdout,1,bestCI,2,2,0.5,heterogeneity,reference,factual,1,1977,20.66185139377211,0.2449984811725097,0.6176024279210925,0.0
legacy_reused_holdout,1,bestCI,2,2,0.5,heterogeneity,reference,factual,2,840,13.871971326676393,0.3583476458972208,0.4523809523809524,0.0
legacy_reused_holdout,1,bestCI,2,2,0.5,heterogeneity,reference,factual,3,438,9.458130064152495,0.3306059325910128,0.2648401826484018,0.0
legacy_reused_holdout,1,bestCI,2,2,0.5,heterogeneity,reference,factual,4,198,8.964740152693935,0.232472479182458,0.3484848484848485,0.0
legacy_reused_holdout,1,bestCI,2,2,0.5,heterogeneity,reference,factual,all,3453,16.918220572901195,0.2827132838646706,0.5172313929916015,0.0
legacy_reused_holdout,1,bestCI,2,2,0.5,heterogeneity,reference,best_constant,1,1977,20.79418982646671,0.1126600484779159,0.7708649468892261,0.0
legacy_reused_holdout,1,bestCI,2,2,0.5,heterogeneity,reference,best_constant,2,840,14.050890725436512,0.1794282471370971,0.6321428571428571,0.0
legacy_reused_holdout,1,bestCI,2,2,0.5,heterogeneity,reference,best_constant,3,438,9.707847565027576,0.0808884317159343,0.682648401826484,0.0
legacy_reused_holdout,1,bestCI,2,2,0.5,heterogeneity,reference,best_constant,4,198,9.010073497945871,0.1871391339305216,0.494949494949495,0.0
legacy_reused_holdout,1,bestCI,2,2,0.5,heterogeneity,reference,best_constant,all,3453,17.071790698629226,0.1291431581366418,0.7101071532001159,0.0
legacy_reused_holdout,1,bestCI,2,2,0.5,heterogeneity,dynasurv,line_only,1,1977,20.63923166623995,0.2676182087046742,0.5477996965098634,0.0
legacy_reused_holdout,1,bestCI,2,2,0.5,heterogeneity,dynasurv,line_only,2,840,13.997251981779703,0.2330669907939058,0.5464285714285714,0.0
legacy_reused_holdout,1,bestCI,2,2,0.5,heterogeneity,dynasurv,line_only,3,438,9.62803759154761,0.1606984051959029,0.4497716894977169,0.0
legacy_reused_holdout,1,bestCI,2,2,0.5,heterogeneity,dynasurv,line_only,4,198,8.994180484528252,0.2030321473481399,0.5,0.0
legacy_reused_holdout,1,bestCI,2,2,0.5,heterogeneity,dynasurv,line_only,all,3453,16.958986640569297,0.2419472161965707,0.5322907616565306,0.0
legacy_reused_holdout,1,bestCI,2,2,0.5,heterogeneity,dynasurv,supported,1,1977,20.640810968578613,0.2660389063660071,0.5483055134041477,0.0
legacy_reused_holdout,1,bestCI,2,2,0.5,heterogeneity,dynasurv,supported,2,840,13.999142569637762,0.2311764029358465,0.5476190476190477,0.0
legacy_reused_holdout,1,bestCI,2,2,0.5,heterogeneity,dynasurv,supported,3,438,9.61241668452523,0.1763193122182803,0.4223744292237443,0.0
legacy_reused_holdout,1,bestCI,2,2,0.5,heterogeneity,dynasurv,supported,4,198,9.02155725236162,0.1756553795147734,0.5353535353535354,0.0
legacy_reused_holdout,1,bestCI,2,2,0.5,heterogeneity,dynasurv,supported,all,3453,16.95993915064156,0.240994706124309,0.5314219519258616,0.0
legacy_reused_holdout,1,bestCI,2,2,0.5,heterogeneity,oracle,line_only,1,1977,20.906849874944623,0.0,1.0,0.0
legacy_reused_holdout,1,bestCI,2,2,0.5,heterogeneity,oracle,line_only,2,840,14.230318972573611,0.0,1.0,0.0
legacy_reused_holdout,1,bestCI,2,2,0.5,heterogeneity,oracle,line_only,3,438,9.788735996743512,0.0,1.0,0.0
legacy_reused_holdout,1,bestCI,2,2,0.5,heterogeneity,oracle,line_only,4,198,9.197212631876392,0.0,1.0,0.0
legacy_reused_holdout,1,bestCI,2,2,0.5,heterogeneity,oracle,line_only,all,3453,17.200933856765868,0.0,1.0,0.0
legacy_reused_holdout,1,bestCI,2,2,0.5,heterogeneity,naive_km,line_only,1,1977,20.79418982646671,0.1126600484779159,0.7708649468892261,0.0
legacy_reused_holdout,1,bestCI,2,2,0.5,heterogeneity,naive_km,line_only,2,840,14.050890725436512,0.1794282471370971,0.6321428571428571,0.0
legacy_reused_holdout,1,bestCI,2,2,0.5,heterogeneity,naive_km,line_only,3,438,9.707847565027576,0.0808884317159343,0.682648401826484,0.0
legacy_reused_holdout,1,bestCI,2,2,0.5,heterogeneity,naive_km,line_only,4,198,8.9499764281022,0.2472362037741934,0.404040404040404,0.0
legacy_reused_holdout,1,bestCI,2,2,0.5,heterogeneity,naive_km,line_only,all,3453,17.068344645970942,0.1325892107949235,0.7048942948161019,0.0
legacy_reused_holdout,1,bestCI,2,2,0.5,heterogeneity,reference,random,1,1977,20.36227999537251,0.5445698795721147,0.25,0.0
legacy_reused_holdout,1,bestCI,2,2,0.5,heterogeneity,reference,random,2,840,13.686138241231454,0.5441807313421582,0.25,0.0
legacy_reused_holdout,1,bestCI,2,2,0.5,heterogeneity,reference,random,3,438,9.45756734489836,0.3311686518451507,0.25,0.0
legacy_reused_holdout,1,bestCI,2,2,0.5,heterogeneity,reference,random,4,198,8.918443050371652,0.2787695815047424,0.3333333333333334,0.0
legacy_reused_holdout,1,bestCI,2,2,0.5,heterogeneity,reference,random,all,3453,16.698769155668966,0.5021647010969009,0.2547784535186794,0.0
legacy_reused_holdout,1,bestCI,0,0,2.0,heterogeneity,reference,factual,1,1977,20.65248753434236,1.0260396209394391,0.5007587253414264,0.0
legacy_reused_holdout,1,bestCI,0,0,2.0,heterogeneity,reference,factual,2,840,13.750178684777646,1.2621339352761791,0.3630952380952381,0.0
legacy_reused_holdout,1,bestCI,0,0,2.0,heterogeneity,reference,factual,3,438,9.500410511831513,0.7373084630975706,0.3584474885844749,0.0
legacy_reused_holdout,1,bestCI,0,0,2.0,heterogeneity,reference,factual,4,198,8.76043480162578,0.3555190015857702,0.5808080808080808,0.0
legacy_reused_holdout,1,bestCI,0,0,2.0,heterogeneity,reference,factual,all,3453,16.876879190707264,1.008400435962925,0.4538082826527657,0.0
legacy_reused_holdout,1,bestCI,0,0,2.0,heterogeneity,reference,best_constant,1,1977,20.455778248477916,1.222748906803886,0.5214972180070815,0.0
legacy_reused_holdout,1,bestCI,0,0,2.0,heterogeneity,reference,best_constant,2,840,13.304444752723514,1.7078678673303107,0.3416666666666667,0.0
legacy_reused_holdout,1,bestCI,0,0,2.0,heterogeneity,reference,best_constant,3,438,9.207680690414952,1.0300382845141292,0.2990867579908676,0.0
legacy_reused_holdout,1,bestCI,0,0,2.0,heterogeneity,reference,best_constant,4,198,8.485720134063468,0.630233669148081,0.5656565656565656,0.0
legacy_reused_holdout,1,bestCI,0,0,2.0,heterogeneity,reference,best_constant,all,3453,16.602937711692704,1.282341914977484,0.4520706631914277,0.0
legacy_reused_holdout,1,bestCI,0,0,2.0,heterogeneity,dynasurv,line_only,1,1977,21.331477613275307,0.3470495420064939,0.6752655538694993,0.0
legacy_reused_holdout,1,bestCI,0,0,2.0,heterogeneity,dynasurv,line_only,2,840,14.282673866799442,0.7296387532543833,0.5273809523809524,0.0
legacy_reused_holdout,1,bestCI,0,0,2.0,heterogeneity,dynasurv,line_only,3,438,9.819289349568692,0.4184296253603892,0.593607305936073,0.0
legacy_reused_holdout,1,bestCI,0,0,2.0,heterogeneity,dynasurv,line_only,4,198,8.81811628211019,0.2978375211013618,0.7171717171717171,0.0
legacy_reused_holdout,1,bestCI,0,0,2.0,heterogeneity,dynasurv,line_only,all,3453,17.438926454829343,0.4463531718408459,0.6313350709527946,0.0
legacy_reused_holdout,1,bestCI,0,0,2.0,heterogeneity,dynasurv,supported,1,1977,21.327431922351035,0.351095232930764,0.674759736975215,0.0
legacy_reused_holdout,1,bestCI,0,0,2.0,heterogeneity,dynasurv,supported,2,840,14.291880584936797,0.7204320351170311,0.5285714285714286,0.0
legacy_reused_holdout,1,bestCI,0,0,2.0,heterogeneity,dynasurv,supported,3,438,9.880294595548904,0.3574243793801775,0.6210045662100456,0.0
legacy_reused_holdout,1,bestCI,0,0,2.0,heterogeneity,dynasurv,supported,4,198,8.85432790943913,0.2616258937724207,0.7272727272727273,0.0
legacy_reused_holdout,1,bestCI,0,0,2.0,heterogeneity,dynasurv,supported,all,3453,17.448664512236974,0.4366151144332127,0.6353895163625832,0.0
legacy_reused_holdout,1,bestCI,0,0,2.0,heterogeneity,oracle,line_only,1,1977,21.6785271552818,0.0,1.0,0.0
legacy_reused_holdout,1,bestCI,0,0,2.0,heterogeneity,oracle,line_only,2,840,15.012312620053825,0.0,1.0,0.0
legacy_reused_holdout,1,bestCI,0,0,2.0,heterogeneity,oracle,line_only,3,438,10.23771897492908,0.0,1.0,0.0
legacy_reused_holdout,1,bestCI,0,0,2.0,heterogeneity,oracle,line_only,4,198,9.11595380321155,0.0,1.0,0.0
legacy_reused_holdout,1,bestCI,0,0,2.0,heterogeneity,oracle,line_only,all,3453,17.885279626670187,0.0,1.0,0.0
legacy_reused_holdout,1,bestCI,0,0,2.0,heterogeneity,naive_km,line_only,1,1977,20.455778248477916,1.222748906803886,0.5214972180070815,0.0
legacy_reused_holdout,1,bestCI,0,0,2.0,heterogeneity,naive_km,line_only,2,840,13.078099118885222,1.9342135011686024,0.2630952380952381,0.0
legacy_reused_holdout,1,bestCI,0,0,2.0,heterogeneity,naive_km,line_only,3,438,9.207680690414952,1.0300382845141292,0.2990867579908676,0.0
legacy_reused_holdout,1,bestCI,0,0,2.0,heterogeneity,naive_km,line_only,4,198,8.485720134063468,0.630233669148081,0.5656565656565656,0.0
legacy_reused_holdout,1,bestCI,0,0,2.0,heterogeneity,naive_km,line_only,all,3453,16.54787535072422,1.3374042759459648,0.4329568491167101,0.0
legacy_reused_holdout,1,bestCI,0,0,2.0,heterogeneity,reference,random,1,1977,20.231782788387008,1.4467443668947888,0.25,0.0
legacy_reused_holdout,1,bestCI,0,0,2.0,heterogeneity,reference,random,2,840,13.177901698365943,1.8344109216878817,0.25,0.0
legacy_reused_holdout,1,bestCI,0,0,2.0,heterogeneity,reference,random,3,438,9.154527658940507,1.0831913159885738,0.25,0.0
legacy_reused_holdout,1,bestCI,0,0,2.0,heterogeneity,reference,random,4,198,8.411853812655744,0.7040999905558037,0.5,0.0
legacy_reused_holdout,1,bestCI,0,0,2.0,heterogeneity,reference,random,all,3453,16.43292851688106,1.452351109789129,0.2643353605560382,0.0
legacy_reused_holdout,1,bestCI,1,1,2.0,heterogeneity,reference,factual,1,1977,20.66761467637604,1.0185027748037108,0.4972180070814365,0.0
legacy_reused_holdout,1,bestCI,1,1,2.0,heterogeneity,reference,factual,2,840,13.798737467713874,1.220110101857546,0.3869047619047619,0.0
legacy_reused_holdout,1,bestCI,1,1,2.0,heterogeneity,reference,factual,3,438,9.545840637737948,0.669699558223525,0.3744292237442922,0.0
legacy_reused_holdout,1,bestCI,1,1,2.0,heterogeneity,reference,factual,4,198,8.789211240306111,0.4218357945163331,0.5808080808080808,0.0
legacy_reused_holdout,1,bestCI,1,1,2.0,heterogeneity,reference,factual,all,3453,16.904765627855465,0.9890890139482806,0.4596003475238923,0.0
legacy_reused_holdout,1,bestCI,1,1,2.0,heterogeneity,reference,best_constant,1,1977,20.466728904572314,1.219388546607435,0.5214972180070815,0.0
legacy_reused_holdout,1,bestCI,1,1,2.0,heterogeneity,reference,best_constant,2,840,13.352218674880046,1.666628894691376,0.3416666666666667,0.0
legacy_reused_holdout,1,bestCI,1,1,2.0,heterogeneity,reference,best_constant,3,438,9.193732725171117,1.0218074707903602,0.1666666666666666,0.0
legacy_reused_holdout,1,bestCI,1,1,2.0,heterogeneity,reference,best_constant,4,198,8.590965671816914,0.6200813630055302,0.5656565656565656,0.0
legacy_reused_holdout,1,bestCI,1,1,2.0,heterogeneity,reference,best_constant,all,3453,16.62509495160249,1.268759690201253,0.4352736750651607,0.0
legacy_reused_holdout,1,bestCI,1,1,2.0,heterogeneity,dynasurv,line_only,1,1977,21.26287310118715,0.4232443499926003,0.6858877086494689,0.0
legacy_reused_holdout,1,bestCI,1,1,2.0,heterogeneity,dynasurv,line_only,2,840,14.061930465898197,0.9569171036732244,0.4714285714285714,0.0
legacy_reused_holdout,1,bestCI,1,1,2.0,heterogeneity,dynasurv,line_only,3,438,9.685599987205553,0.5299402087559233,0.5342465753424658,0.0
legacy_reused_holdout,1,bestCI,1,1,2.0,heterogeneity,dynasurv,line_only,4,198,9.039212680753618,0.1718343540688267,0.7777777777777778,0.0
legacy_reused_holdout,1,bestCI,1,1,2.0,heterogeneity,dynasurv,line_only,all,3453,17.341667714331514,0.5521869274722274,0.6197509412105415,0.0
legacy_reused_holdout,1,bestCI,1,1,2.0,heterogeneity,dynasurv,supported,1,1977,21.26287310118715,0.4232443499926003,0.6858877086494689,0.0
legacy_reused_holdout,1,bestCI,1,1,2.0,heterogeneity,dynasurv,supported,2,840,14.06942430299722,0.9494232665741998,0.4726190476190476,0.0
legacy_reused_holdout,1,bestCI,1,1,2.0,heterogeneity,dynasurv,supported,3,438,9.80623769542281,0.4093025005386624,0.6004566210045662,0.0
legacy_reused_holdout,1,bestCI,1,1,2.0,heterogeneity,dynasurv,supported,4,198,9.039212680753618,0.1718343540688267,0.7777777777777778,0.0
legacy_reused_holdout,1,bestCI,1,1,2.0,heterogeneity,dynasurv,supported,all,3453,17.35879315289576,0.5350614889079817,0.6284390385172314,0.0
legacy_reused_holdout,1,bestCI,1,1,2.0,heterogeneity,oracle,line_only,1,1977,21.68611745117975,0.0,1.0,0.0
legacy_reused_holdout,1,bestCI,1,1,2.0,heterogeneity,oracle,line_only,2,840,15.018847569571422,0.0,1.0,0.0
legacy_reused_holdout,1,bestCI,1,1,2.0,heterogeneity,oracle,line_only,3,438,10.215540195961474,0.0,1.0,0.0
legacy_reused_holdout,1,bestCI,1,1,2.0,heterogeneity,oracle,line_only,4,198,9.211047034822444,0.0,1.0,0.0
legacy_reused_holdout,1,bestCI,1,1,2.0,heterogeneity,oracle,line_only,all,3453,17.893854641803745,0.0,1.0,0.0
legacy_reused_holdout,1,bestCI,1,1,2.0,heterogeneity,naive_km,line_only,1,1977,20.466728904572314,1.219388546607435,0.5214972180070815,0.0
legacy_reused_holdout,1,bestCI,1,1,2.0,heterogeneity,naive_km,line_only,2,840,13.099864870424572,1.9189826991468504,0.2630952380952381,0.0
legacy_reused_holdout,1,bestCI,1,1,2.0,heterogeneity,naive_km,line_only,3,438,9.17807546621292,1.0374647297485555,0.2990867579908676,0.0
legacy_reused_holdout,1,bestCI,1,1,2.0,heterogeneity,naive_km,line_only,4,198,8.590965671816914,0.6200813630055302,0.5656565656565656,0.0
legacy_reused_holdout,1,bestCI,1,1,2.0,heterogeneity,naive_km,line_only,all,3453,16.561719604030444,1.3321350377733028,0.4329568491167101,0.0
legacy_reused_holdout,1,bestCI,1,1,2.0,heterogeneity,reference,random,1,1977,20.248493750740117,1.4376237004396315,0.25,0.0
legacy_reused_holdout,1,bestCI,1,1,2.0,heterogeneity,reference,random,2,840,13.211281916917764,1.8075656526536572,0.25,0.0
legacy_reused_holdout,1,bestCI,1,1,2.0,heterogeneity,reference,random,3,438,9.123899892280557,1.0916403036809168,0.25,0.0
legacy_reused_holdout,1,bestCI,1,1,2.0,heterogeneity,reference,random,4,198,8.526329491292179,0.6847175435302677,0.5,0.0
legacy_reused_holdout,1,bestCI,1,1,2.0,heterogeneity,reference,random,all,3453,16.45329578555426,1.440558856249481,0.2643353605560382,0.0
legacy_reused_holdout,1,bestCI,2,2,2.0,heterogeneity,reference,factual,1,1977,20.594458043932587,1.0613104980513417,0.4941831057157309,0.0
legacy_reused_holdout,1,bestCI,2,2,2.0,heterogeneity,reference,factual,2,840,13.794382452371735,1.1658353778405448,0.3833333333333333,0.0
legacy_reused_holdout,1,bestCI,2,2,2.0,heterogeneity,reference,factual,3,438,9.48866783791661,0.6769433922462165,0.3767123287671233,0.0
legacy_reused_holdout,1,bestCI,2,2,2.0,heterogeneity,reference,factual,4,198,8.93416448935562,0.694598403405643,0.3888888888888889,0.0
legacy_reused_holdout,1,bestCI,2,2,2.0,heterogeneity,reference,factual,all,3453,16.862880363378764,1.0169546080833245,0.4462785983203012,0.0
legacy_reused_holdout,1,bestCI,2,2,2.0,heterogeneity,reference,best_constant,1,1977,20.421564844451517,1.2342036975324115,0.5214972180070815,0.0
legacy_reused_holdout,1,bestCI,2,2,2.0,heterogeneity,reference,best_constant,2,840,13.275938475753756,1.6842793544585255,0.3416666666666667,0.0
legacy_reused_holdout,1,bestCI,2,2,2.0,heterogeneity,reference,best_constant,3,438,9.156639967108855,1.0089712630539704,0.1666666666666666,0.0
legacy_reused_holdout,1,bestCI,2,2,2.0,heterogeneity,reference,best_constant,4,198,8.69089074986169,0.9378721428995728,0.404040404040404,0.0
legacy_reused_holdout,1,bestCI,2,2,2.0,heterogeneity,reference,best_constant,all,3453,16.58170480485957,1.2981301666025176,0.4260063712713582,0.0
legacy_reused_holdout,1,bestCI,2,2,2.0,heterogeneity,dynasurv,line_only,1,1977,21.182877592021235,0.4728909499626935,0.663631765300961,0.0
legacy_reused_holdout,1,bestCI,2,2,2.0,heterogeneity,dynasurv,line_only,2,840,14.014322068588646,0.9458957616236348,0.4904761904761904,0.0
legacy_reused_holdout,1,bestCI,2,2,2.0,heterogeneity,dynasurv,line_only,3,438,9.840974658115188,0.3246365720476385,0.6095890410958904,0.0
legacy_reused_holdout,1,bestCI,2,2,2.0,heterogeneity,dynasurv,line_only,4,198,9.218956973594588,0.4098059191666752,0.6919191919191919,0.0
legacy_reused_holdout,1,bestCI,2,2,2.0,heterogeneity,dynasurv,line_only,all,3453,17.314300584438637,0.5655343870234479,0.6162757022878657,0.0
legacy_reused_holdout,1,bestCI,2,2,2.0,heterogeneity,dynasurv,supported,1,1977,21.184003020335087,0.4717655216488422,0.6641375821952453,0.0
legacy_reused_holdout,1,bestCI,2,2,2.0,heterogeneity,dynasurv,supported,2,840,14.015470692967588,0.9447471372446924,0.4916666666666666,0.0
legacy_reused_holdout,1,bestCI,2,2,2.0,heterogeneity,dynasurv,supported,3,438,9.886440991605488,0.2791702385573412,0.6301369863013698,0.0
legacy_reused_holdout,1,bestCI,2,2,2.0,heterogeneity,dynasurv,supported,4,198,9.272591989295115,0.3561709034661468,0.6414141414141414,0.0
legacy_reused_holdout,1,bestCI,2,2,2.0,heterogeneity,dynasurv,supported,all,3453,17.324067107297676,0.5557678641644122,0.616565305531422,0.0
legacy_reused_holdout,1,bestCI,2,2,2.0,heterogeneity,oracle,line_only,1,1977,21.655768541983928,0.0,1.0,0.0
legacy_reused_holdout,1,bestCI,2,2,2.0,heterogeneity,oracle,line_only,2,840,14.96021783021228,0.0,1.0,0.0
legacy_reused_holdout,1,bestCI,2,2,2.0,heterogeneity,oracle,line_only,3,438,10.165611230162826,0.0,1.0,0.0
legacy_reused_holdout,1,bestCI,2,2,2.0,heterogeneity,oracle,line_only,4,198,9.628762892761264,0.0,1.0,0.0
legacy_reused_holdout,1,bestCI,2,2,2.0,heterogeneity,oracle,line_only,all,3453,17.87983497146209,0.0,1.0,0.0
legacy_reused_holdout,1,bestCI,2,2,2.0,heterogeneity,naive_km,line_only,1,1977,20.421564844451517,1.2342036975324115,0.5214972180070815,0.0
legacy_reused_holdout,1,bestCI,2,2,2.0,heterogeneity,naive_km,line_only,2,840,13.015180990920596,1.945036839291685,0.2630952380952381,0.0
legacy_reused_holdout,1,bestCI,2,2,2.0,heterogeneity,naive_km,line_only,3,438,9.13128137074455,1.034329859418277,0.2990867579908676,0.0
legacy_reused_holdout,1,bestCI,2,2,2.0,heterogeneity,naive_km,line_only,4,198,8.521027249260111,1.107735643501153,0.398989898989899,0.0
legacy_reused_holdout,1,bestCI,2,2,2.0,heterogeneity,naive_km,line_only,all,3453,16.50531432539634,1.3745206460657475,0.4233999420793513,0.0
legacy_reused_holdout,1,bestCI,2,2,2.0,heterogeneity,reference,random,1,1977,20.18831110843881,1.467457433545119,0.25,0.0
legacy_reused_holdout,1,bestCI,2,2,2.0,heterogeneity,reference,random,2,840,13.134942836762594,1.8252749934496864,0.25,0.0
legacy_reused_holdout,1,bestCI,2,2,2.0,heterogeneity,reference,random,3,438,9.081453053569245,1.0841581765935815,0.25,0.0
legacy_reused_holdout,1,bestCI,2,2,2.0,heterogeneity,reference,random,4,198,8.586982926464326,1.0417799662969367,0.3333333333333334,0.0
legacy_reused_holdout,1,bestCI,2,2,2.0,heterogeneity,reference,random,all,3453,16.398361454146357,1.481473517315731,0.2547784535186794,0.0
legacy_reused_holdout,1,bestCI,0,0,0.5,strength,reference,factual,1,1977,20.688240108684287,0.459193329854014,0.5892766818411735,0.0
legacy_reused_holdout,1,bestCI,0,0,0.5,strength,reference,factual,2,840,13.8174643108568,0.6425082556120737,0.4035714285714286,0.0
legacy_reused_holdout,1,bestCI,0,0,0.5,strength,reference,factual,3,438,9.496825775029018,0.4563002378092573,0.3082191780821918,0.0
legacy_reused_holdout,1,bestCI,0,0,0.5,strength,reference,factual,4,198,8.764432449324215,0.2154964202711318,0.5757575757575758,0.0
legacy_reused_holdout,1,bestCI,0,0,0.5,strength,reference,factual,all,3453,16.913492044719796,0.4894468413581426,0.5076744859542427,0.0
legacy_reused_holdout,1,bestCI,0,0,0.5,strength,reference,best_constant,1,1977,20.677609658601284,0.4698237799370148,0.6575619625695498,0.0
legacy_reused_holdout,1,bestCI,0,0,0.5,strength,reference,best_constant,2,840,13.721063261875557,0.7389093045933192,0.3976190476190476,0.0
legacy_reused_holdout,1,bestCI,0,0,0.5,strength,reference,best_constant,3,438,9.587872235221628,0.3652537776166469,0.4315068493150685,0.0
legacy_reused_holdout,1,bestCI,0,0,0.5,strength,reference,best_constant,4,198,8.730000493157846,0.2499283764375026,0.6060606060606061,0.0
legacy_reused_holdout,1,bestCI,0,0,0.5,strength,reference,best_constant,all,3453,16.89352898108964,0.5094099049882952,0.562699102229945,0.0
legacy_reused_holdout,1,bestCI,0,0,0.5,strength,dynasurv,line_only,1,1977,20.81689315025366,0.3305402882846434,0.7030854830551341,0.0
legacy_reused_holdout,1,bestCI,0,0,0.5,strength,dynasurv,line_only,2,840,13.81780342091058,0.6421691455582964,0.4333333333333333,0.0
legacy_reused_holdout,1,bestCI,0,0,0.5,strength,dynasurv,line_only,3,438,9.651913684561526,0.3012123282767491,0.4863013698630137,0.0
legacy_reused_holdout,1,bestCI,0,0,0.5,strength,dynasurv,line_only,4,198,8.766395789837645,0.2135330797577016,0.6363636363636364,0.0
legacy_reused_holdout,1,bestCI,0,0,0.5,strength,dynasurv,line_only,all,3453,17.00701916937219,0.3959197167057486,0.6061395887633941,0.0
legacy_reused_holdout,1,bestCI,0,0,0.5,strength,dynasurv,supported,1,1977,20.815220124867324,0.3322133136709801,0.7025796661608498,0.0
legacy_reused_holdout,1,bestCI,0,0,0.5,strength,dynasurv,supported,2,840,13.81780342091058,0.6421691455582964,0.4333333333333333,0.0
legacy_reused_holdout,1,bestCI,0,0,0.5,strength,dynasurv,supported,3,438,9.648088212313931,0.3050378005243399,0.4748858447488584,0.0
legacy_reused_holdout,1,bestCI,0,0,0.5,strength,dynasurv,supported,4,198,8.766395789837645,0.2135330797577016,0.6363636363636364,0.0
legacy_reused_holdout,1,bestCI,0,0,0.5,strength,dynasurv,supported,all,3453,17.00557603933071,0.3973628467472292,0.6044019693020561,0.0
legacy_reused_holdout,1,bestCI,0,0,0.5,strength,oracle,line_only,1,1977,21.147433438538297,0.0,1.0,0.0
legacy_reused_holdout,1,bestCI,0,0,0.5,strength,oracle,line_only,2,840,14.459972566468876,0.0,1.0,0.0
legacy_reused_holdout,1,bestCI,0,0,0.5,strength,oracle,line_only,3,438,9.953126012838275,0.0,1.0,0.0
legacy_reused_holdout,1,bestCI,0,0,0.5,strength,oracle,line_only,4,198,8.979928869595348,0.0,1.0,0.0
legacy_reused_holdout,1,bestCI,0,0,0.5,strength,oracle,line_only,all,3453,17.402938886077937,0.0,1.0,0.0
legacy_reused_holdout,1,bestCI,0,0,0.5,strength,naive_km,line_only,1,1977,20.677609658601284,0.4698237799370148,0.6575619625695498,0.0
legacy_reused_holdout,1,bestCI,0,0,0.5,strength,naive_km,line_only,2,840,13.721063261875557,0.7389093045933192,0.3976190476190476,0.0
legacy_reused_holdout,1,bestCI,0,0,0.5,strength,naive_km,line_only,3,438,9.587872235221628,0.3652537776166469,0.4315068493150685,0.0
legacy_reused_holdout,1,bestCI,0,0,0.5,strength,naive_km,line_only,4,198,8.730000493157846,0.2499283764375026,0.6060606060606061,0.0
legacy_reused_holdout,1,bestCI,0,0,0.5,strength,naive_km,line_only,all,3453,16.89352898108964,0.5094099049882952,0.562699102229945,0.0
legacy_reused_holdout,1,bestCI,0,0,0.5,strength,reference,random,1,1977,20.31811171258419,0.829321725954112,0.25,0.0
legacy_reused_holdout,1,bestCI,0,0,0.5,strength,reference,random,2,840,13.503070830206568,0.956901736262309,0.25,0.0
legacy_reused_holdout,1,bestCI,0,0,0.5,strength,reference,random,3,438,9.40299290231591,0.5501331105223649,0.25,0.0
legacy_reused_holdout,1,bestCI,0,0,0.5,strength,reference,random,4,198,8.626085299641112,0.3538435699542369,0.5,0.0
legacy_reused_holdout,1,bestCI,0,0,0.5,strength,reference,random,all,3453,16.605259812828198,0.7976790732497405,0.2643353605560382,0.0
legacy_reused_holdout,1,bestCI,1,1,0.5,strength,reference,factual,1,1977,20.702423262531862,0.4614898284661949,0.582701062215478,0.0
legacy_reused_holdout,1,bestCI,1,1,0.5,strength,reference,factual,2,840,13.875231942528323,0.6117880342176837,0.4202380952380952,0.0
legacy_reused_holdout,1,bestCI,1,1,0.5,strength,reference,factual,3,438,9.5187594548778,0.4173251928096657,0.3264840182648402,0.0
legacy_reused_holdout,1,bestCI,1,1,0.5,strength,reference,factual,4,198,8.82280719677666,0.210098045857351,0.5858585858585859,0.0
legacy_reused_holdout,1,bestCI,1,1,0.5,strength,reference,factual,all,3453,16.941794986373456,0.478035096191981,0.5108601216333623,0.0
legacy_reused_holdout,1,bestCI,1,1,0.5,strength,reference,best_constant,1,1977,20.696601272611172,0.4673118183868885,0.6575619625695498,0.0
legacy_reused_holdout,1,bestCI,1,1,0.5,strength,reference,best_constant,2,840,13.751657724207346,0.7353622525386595,0.3976190476190476,0.0
legacy_reused_holdout,1,bestCI,1,1,0.5,strength,reference,best_constant,3,438,9.57092707555281,0.3651575721346576,0.4315068493150685,0.0
legacy_reused_holdout,1,bestCI,1,1,0.5,strength,reference,best_constant,4,198,8.788899631745934,0.2440056108880767,0.6060606060606061,0.0
legacy_reused_holdout,1,bestCI,1,1,0.5,strength,reference,best_constant,all,3453,16.913073093097097,0.5067569894683382,0.562699102229945,0.0
legacy_reused_holdout,1,bestCI,1,1,0.5,strength,dynasurv,line_only,1,1977,20.764122816296258,0.399790274701804,0.6803237228123419,0.0
legacy_reused_holdout,1,bestCI,1,1,0.5,strength,dynasurv,line_only,2,840,13.79831373114721,0.6887062455987959,0.4154761904761905,0.0
legacy_reused_holdout,1,bestCI,1,1,0.5,strength,dynasurv,line_only,3,438,9.600345205425269,0.3357394422621985,0.4589041095890411,0.0
legacy_reused_holdout,1,bestCI,1,1,0.5,strength,dynasurv,line_only,4,198,8.878129886762752,0.1547753558712585,0.696969696969697,0.0
legacy_reused_holdout,1,bestCI,1,1,0.5,strength,dynasurv,line_only,all,3453,16.971930280780956,0.4478998017844793,0.5887633941500144,0.0
legacy_reused_holdout,1,bestCI,1,1,0.5,strength,dynasurv,supported,1,1977,20.764122816296258,0.399790274701804,0.6803237228123419,0.0
legacy_reused_holdout,1,bestCI,1,1,0.5,strength,dynasurv,supported,2,840,13.80581005250463,0.6812099242413772,0.4178571428571428,0.0
legacy_reused_holdout,1,bestCI,1,1,0.5,strength,dynasurv,supported,3,438,9.672670884975693,0.2634137627117744,0.4794520547945205,0.0
legacy_reused_holdout,1,bestCI,1,1,0.5,strength,dynasurv,supported,4,198,8.878129886762752,0.1547753558712585,0.696969696969697,0.0
legacy_reused_holdout,1,bestCI,1,1,0.5,strength,dynasurv,supported,all,3453,16.982928125432945,0.4369019571324905,0.5919490298291341,0.0
legacy_reused_holdout,1,bestCI,1,1,0.5,strength,oracle,line_only,1,1977,21.16391309099806,0.0,1.0,0.0
legacy_reused_holdout,1,bestCI,1,1,0.5,strength,oracle,line_only,2,840,14.487019976746009,0.0,1.0,0.0
legacy_reused_holdout,1,bestCI,1,1,0.5,strength,oracle,line_only,3,438,9.936084647687466,0.0,1.0,0.0
legacy_reused_holdout,1,bestCI,1,1,0.5,strength,oracle,line_only,4,198,9.032905242634012,0.0,1.0,0.0
legacy_reused_holdout,1,bestCI,1,1,0.5,strength,oracle,line_only,all,3453,17.419830082565433,0.0,1.0,0.0
legacy_reused_holdout,1,bestCI,1,1,0.5,strength,naive_km,line_only,1,1977,20.696601272611172,0.4673118183868885,0.6575619625695498,0.0
legacy_reused_holdout,1,bestCI,1,1,0.5,strength,naive_km,line_only,2,840,13.751657724207346,0.7353622525386595,0.3976190476190476,0.0
legacy_reused_holdout,1,bestCI,1,1,0.5,strength,naive_km,line_only,3,438,9.57092707555281,0.3651575721346576,0.4315068493150685,0.0
legacy_reused_holdout,1,bestCI,1,1,0.5,strength,naive_km,line_only,4,198,8.788899631745934,0.2440056108880767,0.6060606060606061,0.0
legacy_reused_holdout,1,bestCI,1,1,0.5,strength,naive_km,line_only,all,3453,16.913073093097097,0.5067569894683382,0.562699102229945,0.0
legacy_reused_holdout,1,bestCI,1,1,0.5,strength,reference,random,1,1977,20.341419488559648,0.822493602438408,0.25,0.0
legacy_reused_holdout,1,bestCI,1,1,0.5,strength,reference,random,2,840,13.547351643202171,0.9396683335438322,0.25,0.0
legacy_reused_holdout,1,bestCI,1,1,0.5,strength,reference,random,3,438,9.384366585973108,0.5517180617143584,0.25,0.0
legacy_reused_holdout,1,bestCI,1,1,0.5,strength,reference,random,4,198,8.688271172779963,0.3446340698540478,0.5,0.0
legacy_reused_holdout,1,bestCI,1,1,0.5,strength,reference,random,all,3453,16.630579775858358,0.7892503067070784,0.2643353605560382,0.0
legacy_reused_holdout,1,bestCI,2,2,0.5,strength,reference,factual,1,1977,20.64466768732614,0.4826614574910557,0.5705614567526556,0.0
legacy_reused_holdout,1,bestCI,2,2,0.5,strength,reference,factual,2,840,13.848220228513856,0.5912091015495613,0.4297619047619048,0.0
legacy_reused_holdout,1,bestCI,2,2,0.5,strength,reference,factual,3,438,9.46401406202074,0.4198029361965132,0.3378995433789954,0.0
legacy_reused_holdout,1,bestCI,2,2,0.5,strength,reference,factual,4,198,8.95543759064577,0.3801513708172725,0.3787878787878788,0.0
legacy_reused_holdout,1,bestCI,2,2,0.5,strength,reference,factual,all,3453,16.90281720588137,0.4952160452468409,0.4958007529684332,0.0
legacy_reused_holdout,1,bestCI,2,2,0.5,strength,reference,best_constant,1,1977,20.653888732695584,0.4734404121216117,0.6575619625695498,0.0
legacy_reused_holdout,1,bestCI,2,2,0.5,strength,reference,best_constant,2,840,13.698687802913955,0.7407415271494585,0.3976190476190476,0.0
legacy_reused_holdout,1,bestCI,2,2,0.5,strength,reference,best_constant,3,438,9.517698747912876,0.3661182503043788,0.4315068493150685,0.0
legacy_reused_holdout,1,bestCI,2,2,0.5,strength,reference,best_constant,4,198,8.909447891142966,0.426141070320078,0.4242424242424242,0.0
legacy_reused_holdout,1,bestCI,2,2,0.5,strength,reference,best_constant,all,3453,16.875892995371863,0.5221402557563466,0.5522733854619172,0.0
legacy_reused_holdout,1,bestCI,2,2,0.5,strength,dynasurv,line_only,1,1977,20.70461922371132,0.4227099211058739,0.6697015680323722,0.0
legacy_reused_holdout,1,bestCI,2,2,0.5,strength,dynasurv,line_only,2,840,13.77526886399363,0.6641604660697897,0.425,0.0
legacy_reused_holdout,1,bestCI,2,2,0.5,strength,dynasurv,line_only,3,438,9.592055760037498,0.2917612381797554,0.4680365296803653,0.0
legacy_reused_holdout,1,bestCI,2,2,0.5,strength,dynasurv,line_only,4,198,8.922602005074864,0.4129869563881794,0.4747474747474747,0.0
legacy_reused_holdout,1,bestCI,2,2,0.5,strength,dynasurv,line_only,all,3453,16.933754321150644,0.464278929977564,0.573414422241529,0.0
legacy_reused_holdout,1,bestCI,2,2,0.5,strength,dynasurv,supported,1,1977,20.70461922371132,0.4227099211058739,0.6697015680323722,0.0
legacy_reused_holdout,1,bestCI,2,2,0.5,strength,dynasurv,supported,2,840,13.78300223983578,0.6564270902276369,0.4285714285714285,0.0
legacy_reused_holdout,1,bestCI,2,2,0.5,strength,dynasurv,supported,3,438,9.594171626047189,0.2896453721700648,0.4657534246575342,0.0
legacy_reused_holdout,1,bestCI,2,2,0.5,strength,dynasurv,supported,4,198,8.949161897316912,0.3864270641461312,0.4747474747474747,0.0
legacy_reused_holdout,1,bestCI,2,2,0.5,strength,dynasurv,supported,all,3453,16.937426966295035,0.4606062848331741,0.5739936287286418,0.0
legacy_reused_holdout,1,bestCI,2,2,0.5,strength,oracle,line_only,1,1977,21.127329144817192,0.0,1.0,0.0
legacy_reused_holdout,1,bestCI,2,2,0.5,strength,oracle,line_only,2,840,14.439429330063415,0.0,1.0,0.0
legacy_reused_holdout,1,bestCI,2,2,0.5,strength,oracle,line_only,3,438,9.883816998217252,0.0,1.0,0.0
legacy_reused_holdout,1,bestCI,2,2,0.5,strength,oracle,line_only,4,198,9.335588961463042,0.0,1.0,0.0
legacy_reused_holdout,1,bestCI,2,2,0.5,strength,oracle,line_only,all,3453,17.398033251128208,0.0,1.0,0.0
legacy_reused_holdout,1,bestCI,2,2,0.5,strength,naive_km,line_only,1,1977,20.653888732695584,0.4734404121216117,0.6575619625695498,0.0
legacy_reused_holdout,1,bestCI,2,2,0.5,strength,naive_km,line_only,2,840,13.698687802913955,0.7407415271494585,0.3976190476190476,0.0
legacy_reused_holdout,1,bestCI,2,2,0.5,strength,naive_km,line_only,3,438,9.517698747912876,0.3661182503043788,0.4315068493150685,0.0
legacy_reused_holdout,1,bestCI,2,2,0.5,strength,naive_km,line_only,4,198,8.80100514294874,0.5345838185143017,0.398989898989899,0.0
legacy_reused_holdout,1,bestCI,2,2,0.5,strength,naive_km,line_only,all,3453,16.869674731791655,0.5283585193365541,0.5508253692441355,0.0
legacy_reused_holdout,1,bestCI,2,2,0.5,strength,reference,random,1,1977,20.28723109364707,0.8400980511701241,0.25,0.0
legacy_reused_holdout,1,bestCI,2,2,0.5,strength,reference,random,2,840,13.494819790614924,0.9446095394484952,0.25,0.0
legacy_reused_holdout,1,bestCI,2,2,0.5,strength,reference,random,3,438,9.33276970883297,0.5510472893842842,0.25,0.0
legacy_reused_holdout,1,bestCI,2,2,0.5,strength,reference,random,4,198,8.805684377909857,0.5299045835531861,0.3333333333333334,0.0
legacy_reused_holdout,1,bestCI,2,2,0.5,strength,reference,random,all,3453,16.58696297004106,0.8110702810871471,0.2547784535186794,0.0
legacy_reused_holdout,1,bestCI,0,0,1.0,strength,reference,factual,1,1977,20.68970472948852,0.4546473233046859,0.5897824987354577,0.0
legacy_reused_holdout,1,bestCI,0,0,1.0,strength,reference,factual,2,840,13.839340122187462,0.6165629977260186,0.4166666666666667,0.0
legacy_reused_holdout,1,bestCI,0,0,1.0,strength,reference,factual,3,438,9.506642938558286,0.4451367672487197,0.2990867579908676,0.0
legacy_reused_holdout,1,bestCI,0,0,1.0,strength,reference,factual,4,198,8.779000728360387,0.2033464468022121,0.5707070707070707,0.0
legacy_reused_holdout,1,bestCI,0,0,1.0,strength,reference,factual,all,3453,16.921732900127473,0.4784196862974217,0.509701708659137,0.0
legacy_reused_holdout,1,bestCI,0,0,1.0,strength,reference,best_constant,1,1977,20.674074015118254,0.4702780376749548,0.6575619625695498,0.0
legacy_reused_holdout,1,bestCI,0,0,1.0,strength,reference,best_constant,2,840,13.71657643549942,0.7393266844140601,0.3976190476190476,0.0
legacy_reused_holdout,1,bestCI,0,0,1.0,strength,reference,best_constant,3,438,9.58619999387486,0.3655797119321466,0.4315068493150685,0.0
legacy_reused_holdout,1,bestCI,0,0,1.0,strength,reference,best_constant,4,198,8.732405643915996,0.2499415312466045,0.6060606060606061,0.0
legacy_reused_holdout,1,bestCI,0,0,1.0,strength,reference,best_constant,all,3453,16.890338965688056,0.5098136207368388,0.562699102229945,0.0
legacy_reused_holdout,1,bestCI,0,0,1.0,strength,dynasurv,line_only,1,1977,20.69840806731955,0.4459439854736591,0.6651492159838138,0.0
legacy_reused_holdout,1,bestCI,0,0,1.0,strength,dynasurv,line_only,2,840,13.726710050205206,0.7291930697082771,0.3988095238095238,0.0
legacy_reused_holdout,1,bestCI,0,0,1.0,strength,dynasurv,line_only,3,438,9.597118821176515,0.3546608846304898,0.4360730593607306,0.0
legacy_reused_holdout,1,bestCI,0,0,1.0,strength,dynasurv,line_only,4,198,8.892385604473898,0.0899615706887028,0.7474747474747475,0.0
legacy_reused_holdout,1,bestCI,0,0,1.0,strength,dynasurv,line_only,all,3453,16.917294985411022,0.4828576010138704,0.5760208514335361,0.0
legacy_reused_holdout,1,bestCI,0,0,1.0,strength,dynasurv,supported,1,1977,20.69965640261332,0.4446956501798884,0.6656550328780981,0.0
legacy_reused_holdout,1,bestCI,0,0,1.0,strength,dynasurv,supported,2,840,13.72851288466857,0.7273902352449106,0.3988095238095238,0.0
legacy_reused_holdout,1,bestCI,0,0,1.0,strength,dynasurv,supported,3,438,9.69761524766105,0.2541644581459568,0.5068493150684932,0.0
legacy_reused_holdout,1,bestCI,0,0,1.0,strength,dynasurv,supported,4,198,8.899572711742717,0.0827744634198838,0.7525252525252525,0.0
legacy_reused_holdout,1,bestCI,0,0,1.0,strength,dynasurv,supported,all,3453,16.931607994928683,0.4685445914962149,0.5855777584708949,0.0
legacy_reused_holdout,1,bestCI,0,0,1.0,strength,oracle,line_only,1,1977,21.14435205279321,0.0,1.0,0.0
legacy_reused_holdout,1,bestCI,0,0,1.0,strength,oracle,line_only,2,840,14.45590311991348,0.0,1.0,0.0
legacy_reused_holdout,1,bestCI,0,0,1.0,strength,oracle,line_only,3,438,9.951779705807006,0.0,1.0,0.0
legacy_reused_holdout,1,bestCI,0,0,1.0,strength,oracle,line_only,4,198,8.982347175162602,0.0,1.0,0.0
legacy_reused_holdout,1,bestCI,0,0,1.0,strength,oracle,line_only,all,3453,17.4001525864249,0.0,1.0,0.0
legacy_reused_holdout,1,bestCI,0,0,1.0,strength,naive_km,line_only,1,1977,20.674074015118254,0.4702780376749548,0.6575619625695498,0.0
legacy_reused_holdout,1,bestCI,0,0,1.0,strength,naive_km,line_only,2,840,13.71657643549942,0.7393266844140601,0.3976190476190476,0.0
legacy_reused_holdout,1,bestCI,0,0,1.0,strength,naive_km,line_only,3,438,9.58619999387486,0.3655797119321466,0.4315068493150685,0.0
legacy_reused_holdout,1,bestCI,0,0,1.0,strength,naive_km,line_only,4,198,8.732405643915996,0.2499415312466045,0.6060606060606061,0.0
legacy_reused_holdout,1,bestCI,0,0,1.0,strength,naive_km,line_only,all,3453,16.890338965688056,0.5098136207368388,0.562699102229945,0.0
legacy_reused_holdout,1,bestCI,0,0,1.0,strength,reference,random,1,1977,20.31419539964296,0.8301566531502497,0.25,0.0
legacy_reused_holdout,1,bestCI,0,0,1.0,strength,reference,random,2,840,13.498288993610386,0.9576141263030992,0.25,0.0
legacy_reused_holdout,1,bestCI,0,0,1.0,strength,reference,random,3,438,9.401192624170902,0.550587081636107,0.25,0.0
legacy_reused_holdout,1,bestCI,0,0,1.0,strength,reference,random,4,198,8.628604158591099,0.3537430165715026,0.5,0.0
legacy_reused_holdout,1,bestCI,0,0,1.0,strength,reference,random,all,3453,16.6017703598363,0.7983822265885954,0.2643353605560382,0.0
legacy_reused_holdout,1,bestCI,1,1,1.0,strength,reference,factual,1,1977,20.702340424303184,0.4466431669680786,0.5943348507840162,0.0
legacy_reused_holdout,1,bestCI,1,1,1.0,strength,reference,factual,2,840,13.903983116129847,0.5865307005676492,0.4285714285714285,0.0
legacy_reused_holdout,1,bestCI,1,1,1.0,strength,reference,factual,3,438,9.509860054916365,0.4287668693965274,0.3333333333333333,0.0
legacy_reused_holdout,1,bestCI,1,1,1.0,strength,reference,factual,4,198,8.82036791346333,0.2132642431222986,0.5656565656565656,0.0
legacy_reused_holdout,1,bestCI,1,1,1.0,strength,reference,factual,all,3453,16.947473034264576,0.4650233242127457,0.5192586156964958,0.0
legacy_reused_holdout,1,bestCI,1,1,1.0,strength,reference,best_constant,1,1977,20.67994399305716,0.4690395982141036,0.6575619625695498,0.0
legacy_reused_holdout,1,bestCI,1,1,1.0,strength,reference,best_constant,2,840,13.75540751906978,0.7351062976277181,0.3976190476190476,0.0
legacy_reused_holdout,1,bestCI,1,1,1.0,strength,reference,best_constant,3,438,9.573632446720444,0.3649944775924443,0.4315068493150685,0.0
legacy_reused_holdout,1,bestCI,1,1,1.0,strength,reference,best_constant,4,198,8.789586605949879,0.2440455506357494,0.6060606060606061,0.0
legacy_reused_holdout,1,bestCI,1,1,1.0,strength,reference,best_constant,all,3453,16.90483079928591,0.507665559191409,0.562699102229945,0.0
legacy_reused_holdout,1,bestCI,1,1,1.0,strength,dynasurv,line_only,1,1977,20.73092168736221,0.4180619039090555,0.6707132018209409,0.0
legacy_reused_holdout,1,bestCI,1,1,1.0,strength,dynasurv,line_only,2,840,13.775536334689704,0.714977482007793,0.4047619047619047,0.0
legacy_reused_holdout,1,bestCI,1,1,1.0,strength,dynasurv,line_only,3,438,9.582664947133646,0.3559619771792437,0.4406392694063927,0.0
legacy_reused_holdout,1,bestCI,1,1,1.0,strength,dynasurv,line_only,4,198,8.83422263436625,0.1994095222193782,0.6363636363636364,0.0
legacy_reused_holdout,1,bestCI,1,1,1.0,strength,dynasurv,line_only,all,3453,16.942619758327105,0.4698766001502156,0.5748624384593107,0.0
legacy_reused_holdout,1,bestCI,1,1,1.0,strength,dynasurv,supported,1,1977,20.731159042221886,0.4178245490493764,0.671219018715225,0.0
legacy_reused_holdout,1,bestCI,1,1,1.0,strength,dynasurv,supported,2,840,13.777026085201964,0.7134877314955338,0.4047619047619047,0.0
legacy_reused_holdout,1,bestCI,1,1,1.0,strength,dynasurv,supported,3,438,9.640053488369889,0.2985734359430002,0.4726027397260274,0.0
legacy_reused_holdout,1,bestCI,1,1,1.0,strength,dynasurv,supported,4,198,8.83422263436625,0.1994095222193782,0.6363636363636364,0.0
legacy_reused_holdout,1,bestCI,1,1,1.0,strength,dynasurv,supported,all,3453,16.950397581104212,0.4620987773731064,0.5792064871126557,0.0
legacy_reused_holdout,1,bestCI,1,1,1.0,strength,oracle,line_only,1,1977,21.14898359127126,0.0,1.0,0.0
legacy_reused_holdout,1,bestCI,1,1,1.0,strength,oracle,line_only,2,840,14.4905138166975,0.0,1.0,0.0
legacy_reused_holdout,1,bestCI,1,1,1.0,strength,oracle,line_only,3,438,9.938626924312889,0.0,1.0,0.0
legacy_reused_holdout,1,bestCI,1,1,1.0,strength,oracle,line_only,4,198,9.033632156585629,0.0,1.0,0.0
legacy_reused_holdout,1,bestCI,1,1,1.0,strength,oracle,line_only,all,3453,17.41249635847732,0.0,1.0,0.0
legacy_reused_holdout,1,bestCI,1,1,1.0,strength,naive_km,line_only,1,1977,20.67994399305716,0.4690395982141036,0.6575619625695498,0.0
legacy_reused_holdout,1,bestCI,1,1,1.0,strength,naive_km,line_only,2,840,13.75540751906978,0.7351062976277181,0.3976190476190476,0.0
legacy_reused_holdout,1,bestCI,1,1,1.0,strength,naive_km,line_only,3,438,9.573632446720444,0.3649944775924443,0.4315068493150685,0.0
legacy_reused_holdout,1,bestCI,1,1,1.0,strength,naive_km,line_only,4,198,8.789586605949879,0.2440455506357494,0.6060606060606061,0.0
legacy_reused_holdout,1,bestCI,1,1,1.0,strength,naive_km,line_only,all,3453,16.90483079928591,0.507665559191409,0.562699102229945,0.0
legacy_reused_holdout,1,bestCI,1,1,1.0,strength,reference,random,1,1977,20.323016960051824,0.8259666312194398,0.25,0.0
legacy_reused_holdout,1,bestCI,1,1,1.0,strength,reference,random,2,840,13.551375601042762,0.939138215654736,0.25,0.0
legacy_reused_holdout,1,bestCI,1,1,1.0,strength,reference,random,3,438,9.387292079361746,0.5513348449511437,0.25,0.0
legacy_reused_holdout,1,bestCI,1,1,1.0,strength,reference,random,4,198,8.688991909856231,0.3446402467293964,0.5,0.0
legacy_reused_holdout,1,bestCI,1,1,1.0,strength,reference,random,all,3453,16.621434799829235,0.7910615586480836,0.2643353605560382,0.0
legacy_reused_holdout,1,bestCI,2,2,1.0,strength,reference,factual,1,1977,20.641944145746347,0.4813061458375151,0.5705614567526556,0.0
legacy_reused_holdout,1,bestCI,2,2,1.0,strength,reference,factual,2,840,13.843013690482543,0.6087192057522187,0.4392857142857143,0.0
legacy_reused_holdout,1,bestCI,2,2,1.0,strength,reference,factual,3,438,9.457150209218243,0.4284760205312785,0.3310502283105023,0.0
legacy_reused_holdout,1,bestCI,2,2,1.0,strength,reference,factual,4,198,8.94050359922493,0.3965463611559803,0.3636363636363636,0.0
legacy_reused_holdout,1,bestCI,2,2,1.0,strength,reference,factual,all,3453,16.89826428625253,0.5007399535633407,0.4963799594555459,0.0
legacy_reused_holdout,1,bestCI,2,2,1.0,strength,reference,best_constant,1,1977,20.649272162902335,0.4739781286815304,0.6575619625695498,0.0
legacy_reused_holdout,1,bestCI,2,2,1.0,strength,reference,best_constant,2,840,13.711836601051433,0.7398962951833306,0.3976190476190476,0.0
legacy_reused_holdout,1,bestCI,2,2,1.0,strength,reference,best_constant,3,438,9.519480498443052,0.3661457313064686,0.4315068493150685,0.0
legacy_reused_holdout,1,bestCI,2,2,1.0,strength,reference,best_constant,4,198,8.911013048705144,0.4260369116757657,0.4242424242424242,0.0
legacy_reused_holdout,1,bestCI,2,2,1.0,strength,reference,best_constant,all,3453,16.876764220359913,0.5222400194559566,0.5522733854619172,0.0
legacy_reused_holdout,1,bestCI,2,2,1.0,strength,dynasurv,line_only,1,1977,20.67914781958717,0.4441024719966927,0.6651492159838138,0.0
legacy_reused_holdout,1,bestCI,2,2,1.0,strength,dynasurv,line_only,2,840,13.717120778267434,0.734612117967328,0.3988095238095238,0.0
legacy_reused_holdout,1,bestCI,2,2,1.0,strength,dynasurv,line_only,3,438,9.53045882432562,0.3551674054239015,0.4383561643835616,0.0
legacy_reused_holdout,1,bestCI,2,2,1.0,strength,dynasurv,line_only,4,198,8.97775123269983,0.3592987276810814,0.5303030303030303,0.0
legacy_reused_holdout,1,bestCI,2,2,1.0,strength,dynasurv,line_only,all,3453,16.900374283868423,0.4986299559474486,0.5638575152041703,0.0
legacy_reused_holdout,1,bestCI,2,2,1.0,strength,dynasurv,supported,1,1977,20.67914781958717,0.4441024719966927,0.6651492159838138,0.0
legacy_reused_holdout,1,bestCI,2,2,1.0,strength,dynasurv,supported,2,840,13.721975523805918,0.7297573724288432,0.4023809523809524,0.0
legacy_reused_holdout,1,bestCI,2,2,1.0,strength,dynasurv,supported,3,438,9.538741741523015,0.3468844882265048,0.4406392694063927,0.0
legacy_reused_holdout,1,bestCI,2,2,1.0,strength,dynasurv,supported,4,198,9.020008356374577,0.3170416040063326,0.51010101010101,0.0
legacy_reused_holdout,1,bestCI,2,2,1.0,strength,dynasurv,supported,all,3453,16.905029023072707,0.4939752167431662,0.5638575152041703,0.0
legacy_reused_holdout,1,bestCI,2,2,1.0,strength,oracle,line_only,1,1977,21.12325029158386,0.0,1.0,0.0
legacy_reused_holdout,1,bestCI,2,2,1.0,strength,oracle,line_only,2,840,14.451732896234764,0.0,1.0,0.0
legacy_reused_holdout,1,bestCI,2,2,1.0,strength,oracle,line_only,3,438,9.88562622974952,0.0,1.0,0.0
legacy_reused_holdout,1,bestCI,2,2,1.0,strength,oracle,line_only,4,198,9.337049960380911,0.0,1.0,0.0
legacy_reused_holdout,1,bestCI,2,2,1.0,strength,oracle,line_only,all,3453,17.399004239815874,0.0,1.0,0.0
legacy_reused_holdout,1,bestCI,2,2,1.0,strength,naive_km,line_only,1,1977,20.649272162902335,0.4739781286815304,0.6575619625695498,0.0
legacy_reused_holdout,1,bestCI,2,2,1.0,strength,naive_km,line_only,2,840,13.711836601051433,0.7398962951833306,0.3976190476190476,0.0
legacy_reused_holdout,1,bestCI,2,2,1.0,strength,naive_km,line_only,3,438,9.519480498443052,0.3661457313064686,0.4315068493150685,0.0
legacy_reused_holdout,1,bestCI,2,2,1.0,strength,naive_km,line_only,4,198,8.802565111232429,0.5344848491484814,0.398989898989899,0.0
legacy_reused_holdout,1,bestCI,2,2,1.0,strength,naive_km,line_only,all,3453,16.870545659218994,0.5284585805968769,0.5508253692441355,0.0
legacy_reused_holdout,1,bestCI,2,2,1.0,strength,reference,random,1,1977,20.282117528457167,0.8411327631266945,0.25,0.0
legacy_reused_holdout,1,bestCI,2,2,1.0,strength,reference,random,2,840,13.508915321625071,0.9428175746096904,0.25,0.0
legacy_reused_holdout,1,bestCI,2,2,1.0,strength,reference,random,3,438,9.334696890532271,0.5509293392172473,0.25,0.0
legacy_reused_holdout,1,bestCI,2,2,1.0,strength,reference,random,4,198,8.807295924890258,0.5297540354906524,0.3333333333333334,0.0
legacy_reused_holdout,1,bestCI,2,2,1.0,strength,reference,random,all,3453,16.587801058530633,0.8112031812852356,0.2547784535186794,0.0
